,date,tic,close,high,low,open,volume,day,macd,boll_ub,boll_lb,rsi_30,cci_30,dx_30,close_30_sma,close_60_sma,vix,turbulence
0,2026-01-02,AAPL,270.5074462890625,277.32476727085935,268.5011639041959,271.7551282774649,37838100.0,4.0,-0.28871084674335634,280.3159629587844,268.29576189473124,53.21685308314345,-55.79345153951232,8.676806222662922,275.0004079182943,268.8742037455241,14.510000228881836,62.060813170977376
0,2026-01-02,AMGN,322.9466552734375,324.47443988787484,320.35432453761916,324.0604430450219,1539700.0,4.0,1.2323735302020395,334.84663244421125,308.65440210168714,54.35065589527872,-36.79923851414007,5.388001997611039,326.14170227050784,313.37227528889974,14.510000228881836,62.060813170977376
0,2026-01-02,AMZN,226.5,235.4600067138672,224.6999969482422,231.33999633789062,51456200.0,4.0,0.08923798712561393,235.4954877479322,221.46151298448967,48.449847835928665,9.536941611471077,10.751361762906793,228.30333404541017,229.39483388264975,14.510000228881836,62.060813170977376
0,2026-01-02,AXP,371.5553894042969,371.6949323890816,366.0926481279051,368.3355574765444,2076100.0,4.0,3.3314282562503763,386.6704595029079,361.4063227236546,55.84914557611572,13.403694866487111,5.385532370889983,367.99549458821616,358.486973063151,14.510000228881836,62.060813170977376
0,2026-01-02,BA,227.77000427246094,227.77000427246094,215.24000549316406,218.14999389648438,11261000.0,4.0,6.020081053811708,226.35903604148996,194.04396688819753,62.14514359899098,133.24168611369706,50.310462990838445,202.68900095621746,204.9933344523112,14.510000228881836,62.060813170977376
0,2026-01-02,CAT,595.8787231445312,597.0736593484286,572.8764595216726,575.1468443867755,2761600.0,4.0,3.6282527150958686,617.4348670866173,554.9379417512735,59.099261544668664,49.6719636912145,17.97795980269289,578.9048278808593,559.3922815958659,14.510000228881836,62.060813170977376
0,2026-01-02,CRM,252.98727416992188,264.7179455369111,251.85011880482824,264.3388886749725,9680600.0,4.0,4.590648918582815,269.9830821017907,249.58391008570922,51.00100158545875,33.42118637279614,4.817395070133855,249.7486358642578,248.34140497843424,14.510000228881836,62.060813170977376
0,2026-01-02,CSCO,75.63018798828125,76.53527965311788,75.20250514341136,76.23690103770777,15749800.0,4.0,0.34755470863856885,79.13024191136951,75.16129937891368,53.34119600759726,-76.11043831689886,7.918854679736527,76.69634221394857,73.90833384195963,14.510000228881836,62.060813170977376
0,2026-01-02,CVX,152.9884490966797,152.9884490966797,148.42529718915281,149.328113728916,6862100.0,4.0,0.44275976609108625,151.46554580198122,143.47440781130004,55.952092858882196,225.9505874517849,25.71082746534757,147.55257059733074,148.5657056172689,14.510000228881836,62.060813170977376
0,2026-01-02,DIS,111.8499984741211,113.44000244140625,111.62000274658203,113.44000244140625,8906200.0,4.0,1.647357494868075,117.08475828759424,104.54629639990577,52.2199997254259,65.3667804895859,16.303185567846963,108.38156407674154,109.38087158203125,14.510000228881836,62.060813170977376
0,2026-01-02,GS,905.5623168945312,905.6613327098464,872.2947559758666,875.5135558134159,2817600.0,4.0,20.632031261683323,916.1399480274691,839.1666376658903,63.18746142304372,75.28000679294878,31.37183785244457,849.2078165690104,809.6032470703125,14.510000228881836,62.060813170977376
0,2026-01-02,HD,343.5233459472656,346.17559695499574,338.65589391212825,341.1492038747843,3763000.0,4.0,-3.248731922948764,357.8503426700344,338.27661961023904,43.23958432204817,-47.936482575195164,10.46940015068553,346.5153299967448,359.74285481770835,14.510000228881836,62.060813170977376
0,2026-01-02,HON,193.8469696044922,194.53970129617414,191.3432296400013,193.65893919523174,3156300.0,4.0,0.6246181983177621,198.87727788531268,187.89235865033183,49.93531555589747,33.402582691856,4.63092805647341,191.84430796305338,192.9008565266927,14.510000228881836,62.060813170977376
0,2026-01-02,IBM,287.7297668457031,293.7212652750313,285.26210160688925,293.71138497475874,4662800.0,4.0,-1.0854572087734482,311.0722989015222,290.6974398680091,46.91114197585349,-185.47229204984265,22.536134060761785,299.5212341308594,295.7376459757487,14.510000228881836,62.060813170977376
0,2026-01-02,JNJ,205.0741424560547,205.11369677781147,201.44441091836137,204.54996091774888,6325500.0,4.0,1.9003162738341075,211.571681255963,197.872410540912,60.72846254682528,-0.745784825210761,4.6816305587588,203.98636728922526,195.89755579630534,14.510000228881836,62.060813170977376
0,2026-01-02,JPM,322.36865234375,322.61626252061376,317.6739428368343,319.4171281542276,8054000.0,4.0,4.2534741022732305,329.0958470468286,302.270482909226,57.32751637155245,90.47733590959916,7.526010560546694,311.1608144124349,306.95457763671874,14.510000228881836,62.060813170977376
0,2026-01-02,KO,68.64797973632812,69.39285795907664,68.50893640759851,69.37299029651919,12151300.0,4.0,-0.14813978495131153,70.51188222669364,68.76842935777901,47.803882284695455,-130.5860172805464,30.554964556109454,70.14261576334636,69.1960007985433,14.510000228881836,62.060813170977376
0,2026-01-02,MCD,301.5753479003906,303.85260470327137,298.62184555073907,303.5940696849641,3124300.0,4.0,0.027684025235771514,319.28736121416546,301.36949913739704,47.2809101990507,-118.55688172026822,25.356124851791005,308.1519399007162,304.04293670654295,14.510000228881836,62.060813170977376
0,2026-01-02,MMM,160.26828002929688,160.33760092556676,157.53473659844957,158.56477227491843,1961200.0,4.0,-1.4649772895343176,168.12205965367747,155.85418241175222,48.89702989053321,-89.07929140144526,23.468455150924502,164.06121571858725,162.15838699340821,14.510000228881836,62.060813170977376
0,2026-01-02,MRK,105.66734313964844,105.83609900196792,103.66219814628955,104.75410908617017,9992400.0,4.0,2.953307873069903,108.39469057787775,93.54499676953435,65.1720945953057,102.99631999855681,28.190549963941496,100.39764684041342,93.1818603515625,14.510000228881836,62.060813170977376
0,2026-01-02,MSFT,470.84320068359375,482.5112407273309,468.07552715971417,482.24244872265706,25571600.0,4.0,-2.612747470328486,491.8553231132014,470.2073386299627,42.17308047996718,-95.49411243966878,29.87965158901234,480.6329366048177,496.28419443766273,14.510000228881836,62.060813170977376
0,2026-01-02,NKE,62.30523681640625,63.14214195618677,61.58648215091496,63.014147174013374,22284100.0,4.0,-0.7628336477963416,69.18408098256735,55.783801555274444,47.88718781962516,-4.19840434933316,10.683293870460066,62.48376337687174,63.323281351725264,14.510000228881836,62.060813170977376
0,2026-01-02,NVDA,188.83978271484375,192.91954841717475,188.24980305842183,189.82971935613102,148240500.0,4.0,1.2322552970164224,194.20937433048414,171.69782324031667,52.99519069147236,128.99962935580552,19.233735917976034,182.11712849934895,186.10646133422853,14.510000228881836,62.060813170977376
0,2026-01-02,PG,139.73814392089844,141.2657168088333,139.19611502599955,141.03904935980404,8946100.0,4.0,-0.7782659219557218,145.87192688719045,136.6940093921064,43.14461995693463,-85.02946839194318,20.39260649022617,142.7420440673828,144.63511657714844,14.510000228881836,62.060813170977376
0,2026-01-02,SHW,326.27069091796875,328.39049988739544,321.0756768138443,321.7026659875053,1642700.0,4.0,-2.467238713837844,332.02799137830107,318.1886193394723,46.51709860277256,-44.39238962877664,7.50709927362267,328.89276733398435,331.8947428385417,14.510000228881836,62.060813170977376
0,2026-01-02,TRV,284.1553039550781,288.99765678290635,282.16256015955565,287.5628788175816,1223000.0,4.0,1.9529772612109468,297.982846302562,275.1846585802505,51.7608572429106,-33.00110943623001,7.502513480163313,286.9459482828776,279.6479563395182,14.510000228881836,62.060813170977376
0,2026-01-02,UNH,333.8049011230469,337.6351396453709,324.9735645103421,328.34732981065946,6863600.0,4.0,0.5842857646444486,338.5498040631007,317.7075293109228,52.361080493728046,85.58633407847465,25.034237036243933,324.9693166097005,333.1596608479818,14.510000228881836,62.060813170977376
0,2026-01-02,V,345.05169677734375,348.6069568660295,342.06406384756735,348.4277061842687,5403800.0,4.0,4.582757025383842,363.67834105889716,321.84097046454036,53.05582836843114,47.81424578075296,0.20136835981503756,337.9716430664063,338.41369069417317,14.510000228881836,62.060813170977376
0,2026-01-02,VZ,39.238792419433594,39.60677817615833,39.02574745068563,39.480887631527274,30856800.0,4.0,-0.03745947587491116,40.24717771156563,38.30884951011406,48.84633760700999,-20.631032854776493,0.7548741018573786,39.35499992370605,39.079362106323245,14.510000228881836,62.060813170977376
0,2026-01-02,WMT,112.3147201538086,112.34460046985909,110.68119701607182,110.98997041428227,14306600.0,4.0,0.8801530658976162,116.8930905721323,109.71866785071926,56.61118511818013,11.298578586996502,4.168484959851311,111.39040044148763,107.28972485860189,14.510000228881836,62.060813170977376
1,2026-01-05,AAPL,266.764404296875,271.00652312062255,265.64648609237463,270.1381413175191,45647200.0,0.0,-0.7398401619536799,279.8750951062795,267.39512584098617,49.75346570643722,-136.44596581769778,2.7349039827791124,274.9571553548177,269.0314104715983,14.899999618530273,57.89574980606828
1,2026-01-05,AMGN,316.1257629394531,321.8426672769223,313.6517084709959,320.26561096342806,2268700.0,0.0,0.5159663249256141,332.44259979482024,309.1422817969766,50.727069730972644,-83.6542258067486,20.09692532835596,325.5090586344401,313.83532053629557,14.899999618530273,57.89574980606828
1,2026-01-05,AMZN,233.05999755859375,234.0,227.17999267578125,228.83999633789062,49733300.0,0.0,0.3598539282372144,235.984138889003,221.3678615382431,52.35491471152706,56.951817752969234,10.751361762906779,228.6490005493164,229.52550048828124,14.899999618530273,57.89574980606828
1,2026-01-05,AXP,378.60308837890625,382.49082227931405,371.0768935723936,371.12672383413,2362000.0,0.0,3.4900342652832705,387.0806349500967,361.9404282823252,58.6426877510113,67.34873397415913,15.239439648402216,369.1891845703125,359.4425247192383,14.899999618530273,57.89574980606828
1,2026-01-05,BA,228.1300048828125,230.9600067138672,227.5,228.7899932861328,8278800.0,0.0,6.57301503441704,229.0320178081426,193.9969860981074,62.30935577192709,154.0802586364048,54.24218127208745,204.10333455403645,205.04016774495443,14.899999618530273,57.89574980606828
1,2026-01-05,CAT,613.493896484375,619.1200215133827,603.6556836406288,605.3086959398505,3444800.0,0.0,5.976422232852769,620.3103132117079,553.7503191125107,61.94755440193852,152.46392012559255,32.60342497892152,580.9956136067708,561.3077860514323,14.899999618530273,57.89574980606828
1,2026-01-05,CRM,255.62069702148438,258.9423760046907,251.68053923202604,252.9872686328812,6421500.0,0.0,3.88622062727174,268.5691581420196,251.9154182739961,52.26094627334679,25.200139497036066,4.414853710822163,250.70448608398436,248.61102167765299,14.899999618530273,57.89574980606828
1,2026-01-05,CSCO,75.17266845703125,76.35624987144963,74.80465981554993,76.03797479361697,16328800.0,0.0,0.20259552234419687,79.22943456215197,74.88644754844373,52.16484326450131,-95.70394273267367,12.504902050651342,76.61701329549153,74.00156758626302,14.899999618530273,57.89574980606828
1,2026-01-05,CVX,160.7899932861328,162.65450347520422,156.3347725582447,162.65450347520422,35094900.0,0.0,1.383559406752056,155.19110014229966,140.88621003836442,63.413461701756624,512.7993558570228,55.78870745585739,147.95000712076822,148.75883153279622,14.899999618530273,57.89574980606828
1,2026-01-05,DIS,114.06999969482422,116.02999877929688,111.37999725341797,111.41999816894531,12029000.0,0.0,1.656301602259532,117.01717718273285,105.54475747913237,55.13743989230273,84.86395686330752,30.453731157788056,108.71834513346354,109.4297373453776,14.899999618530273,57.89574980606828
1,2026-01-05,GS,939.3348999023438,952.4576988054562,903.8389402716671,905.6217084820269,3742000.0,0.0,23.649246614175468,924.0392807036875,842.2221206635,66.81256301479456,132.279048540323,48.63806718293947,854.6988342285156,812.5044687906901,14.899999618530273,57.89574980606828
1,2026-01-05,HD,341.8048095703125,345.0431688048036,338.9836743505026,340.42405666784333,4725300.0,0.0,-3.320145576334369,357.87953768126283,337.5441225970575,42.56108369911232,-66.74323319687473,10.469400150685528,346.9040496826172,359.1264144897461,14.899999618530273,57.89574980606828
1,2026-01-05,HON,199.00289916992188,199.68574013056042,192.8969389239926,193.76781030572513,3846200.0,0.0,0.9699714851014392,199.64677317778657,187.99966847260404,54.91838688334632,117.28101681980807,20.016196252849117,192.19133504231772,192.97478892008465,14.899999618530273,57.89574980606828
1,2026-01-05,IBM,291.1548767089844,295.3202966840355,290.44418794139244,291.9445175072574,4190000.0,0.0,-1.5028049149470348,311.193312333268,289.29127018626326,48.904460067753426,-139.62494900417622,18.489189450205103,299.7331247965495,295.85440317789715,14.899999618530273,57.89574980606828
1,2026-01-05,JNJ,202.0675048828125,203.6796189425871,198.70482908872975,203.61038001401067,9477000.0,0.0,1.5282403901132113,211.4586268584259,198.166455539035,56.551298692175784,-75.1958762289983,8.409272504224779,204.08783009847005,196.15827560424805,14.899999618530273,57.89574980606828
1,2026-01-05,JPM,330.8468322753906,334.026138578159,322.08142570711647,322.3884599175412,10752600.0,0.0,4.8885793195839256,331.52337823228663,301.61980414076027,60.89289588601098,156.03049962790104,28.85700761012612,312.1766774495443,307.44996388753253,14.899999618530273,57.89574980606828
1,2026-01-05,KO,67.47603607177734,68.44933934945448,67.45616840969817,68.44933934945448,21186600.0,0.0,-0.29946368006139323,70.80303887969588,68.22798681610492,43.91976282786234,-207.83007293100474,44.60266772552432,70.05409037272135,69.23376070658365,14.899999618530273,57.89574980606828
1,2026-01-05,MCD,298.1942138671875,300.65049382529867,297.95555681799385,299.5765067558793,4573300.0,0.0,-0.7568690718561584,320.2840131559098,299.5096697054183,45.21035872681149,-158.46111818818386,26.91725074630021,308.1163340250651,304.1625371297201,14.899999618530273,57.89574980606828
1,2026-01-05,MMM,161.98167419433594,162.82351422802336,159.25804474937988,159.4363114227014,2894500.0,0.0,-1.2408866342488523,167.23171197740868,156.17801244886084,50.745713366591346,-48.96100379762346,7.995977912871988,163.9611836751302,162.29403127034504,14.899999618530273,57.89574980606828
1,2026-01-05,MRK,106.65007019042969,107.64271787999571,105.02212858540548,106.22323138098426,15863300.0,0.0,2.9865856831594755,109.13255360598296,93.54219004636079,66.13406152632083,123.3340399600754,36.046853624701434,100.83426335652669,93.54206250508626,14.899999618530273,57.89574980606828
1,2026-01-05,MSFT,470.7536315917969,473.9593569778809,467.4184776979013,471.95825856508776,25250300.0,0.0,-3.243663728470608,492.3636786061953,468.9035272043516,42.143043284590114,-127.22415361080105,30.71445839926939,480.1895792643229,495.43764139811196,14.899999618530273,57.89574980606828
1,2026-01-05,NKE,63.53597640991211,64.36304092655959,62.41353761093207,62.758148452191115,23482500.0,0.0,-0.5287683925465814,69.0674358014933,55.78623279286706,49.80837057678217,26.35355946083996,16.956794218183212,62.55883445739746,63.25564441680908,14.899999618530273,57.89574980606828
1,2026-01-05,NVDA,188.1098175048828,193.61952916959007,186.13992286460274,191.74961996436147,183529700.0,0.0,1.347088988171464,194.6804359673026,171.70073468699425,52.5709740918578,112.38211246613272,12.991451849067628,182.17080485026042,186.09013773600262,14.899999618530273,57.89574980606828
1,2026-01-05,PG,138.33868408203125,139.30451321183483,137.57983767172783,139.05813099181955,12297300.0,0.0,-0.9867290255508863,145.70709168449935,136.36706450446547,41.504462652271044,-125.53618828234964,27.455032601313466,142.52456970214843,144.48279368082683,14.899999618530273,57.89574980606828
1,2026-01-05,SHW,330.60986328125,331.59511470812987,321.3344682360508,324.5191325044954,1661800.0,0.0,-1.8089603924721018,331.145238892688,318.7558902577026,49.1810142417724,-14.442653038481204,1.8759229153340828,328.9730489095052,331.8187255859375,14.899999618530273,57.89574980606828
1,2026-01-05,TRV,286.71600341796875,290.4324513486528,281.5946369754595,282.40169582622707,1554500.0,0.0,1.6433807393810298,297.94320552657894,275.8245709626789,53.721144968613075,-16.258679229626573,1.9572159694903193,287.059364827474,279.749489847819,14.899999618530273,57.89574980606828
1,2026-01-05,UNH,339.38153076171875,344.26358953637697,331.27457387202924,332.8622369855367,7956600.0,0.0,1.4306008724794879,340.2377223102758,317.087036600857,54.40908290351399,154.6839772661595,33.66491231632377,326.1267934163412,332.7391057332357,14.899999618530273,57.89574980606828
1,2026-01-05,V,352.34149169921875,356.0660946845086,342.63168485186065,343.07984193998647,7592200.0,0.0,4.619421976102217,363.80153100817404,324.37677099377913,57.0387294218976,76.41199869254598,17.654857376740868,338.95689798990884,338.46571858723956,14.899999618530273,57.89574980606828
1,2026-01-05,VZ,38.95796585083008,39.23879721777957,38.57061568056064,39.15164278300491,43091700.0,0.0,-0.0552053406705042,40.15214007626903,38.30414425600636,47.412402304582486,-94.86399434594667,10.353824759136211,39.32401173909505,39.07303988138835,14.899999618530273,57.89574980606828
1,2026-01-05,WMT,112.2649154663086,113.28089181581844,111.70712929749008,112.37448169222175,19557600.0,0.0,0.825622919972659,116.8041071627327,109.61876271031416,56.51976092645015,19.38253052197809,11.20278790488014,111.79893646240234,107.45605430603027,14.899999618530273,57.89574980606828
2,2026-01-06,AAPL,261.87347412109375,267.05385240251036,261.63392891626114,266.5048844877732,52352100.0,1.0,-1.4750175008621795,280.6082161069431,265.02305220360375,45.73048706015005,-204.64773506468416,15.989731231813279,274.827729288737,269.1739133199056,14.75,37.985331363308234
2,2026-01-06,AMGN,325.4403991699219,326.1993582569823,314.2628157542519,314.9133650061981,2722500.0,1.0,0.6918465747900768,332.47883735432293,309.1336443351302,54.96837367578466,-34.39068434269502,8.388609609999616,325.3934061686198,314.4403971354167,14.75,37.985331363308234
2,2026-01-06,AMZN,240.92999267578125,243.17999267578125,232.07000732421875,232.10000610351562,53764700.0,1.0,1.1955799435477275,238.38383630373818,220.10816351315634,56.44929136501104,202.05137430519017,15.6471006208184,229.44200032552084,229.74533360799154,14.75,37.985331363308234
2,2026-01-06,AXP,382.3512268066406,385.042730055995,375.0243838913124,379.17127750339887,2544100.0,1.0,3.873522559868718,387.89601844528676,362.52371116897103,60.033918668654785,91.99502958807497,19.233493335055897,370.53566182454426,360.4502934773763,14.75,37.985331363308234
2,2026-01-06,BA,229.83999633789062,231.63999938964844,228.60000610351562,229.22999572753906,6714300.0,1.0,7.067728838607906,231.61597574700184,194.20802785407236,63.09598720598105,150.38896586057828,55.052580686622,205.78533426920572,205.27083435058594,14.75,37.985331363308234
2,2026-01-06,CAT,620.454345703125,624.1187719488267,606.3243672074964,613.3943097788975,2706800.0,1.0,8.303298319966075,624.0739762731943,551.9702314904777,63.00077589546256,159.2244420487552,35.39551861294097,583.55009765625,563.3684239705403,14.75,37.985331363308234
2,2026-01-06,CRM,262.2441101074219,262.892482396947,254.36382514228285,254.56332313746586,6103300.0,1.0,3.818394142333375,268.7451752560451,252.0137023074314,55.25457161222432,45.33703706490215,12.757506485301878,251.96444091796874,248.90969670613606,14.75,37.985331363308234
2,2026-01-06,CSCO,74.82455444335938,75.32185971455782,74.40681224846274,75.1229330531127,17017200.0,1.0,0.05894495054036497,79.33143590089202,74.55319926146149,51.27479435492399,-131.73773960092308,16.92763327885735,76.62336349487305,74.09510027567545,14.75,37.985331363308234
2,2026-01-06,CVX,153.6165008544922,161.96758031342222,153.19453858874815,161.80075697762894,20564900.0,1.0,1.532641673044992,155.91767761546342,140.8014187590483,54.613748022284796,280.2356487773075,36.5843759927094,148.15379587809244,148.8663663228353,14.75,37.985331363308234
2,2026-01-06,DIS,114.56999969482422,114.76000213623047,113.11000061035156,113.79000091552734,7388300.0,1.0,1.6843199017569788,116.75128195325239,106.80841805895464,55.76672142731247,85.22255573951102,30.453731157788056,109.13701807657877,109.5018357594808,14.75,37.985331363308234
2,2026-01-06,GS,946.29736328125,949.367639240271,934.1947055208689,940.2955423062087,1966000.0,1.0,26.299064876534544,934.2110461093251,842.0444775723155,67.4952061599345,146.96745893957402,48.63806718293947,860.8256693522136,815.4650634765625,14.75,37.985331363308234
2,2026-01-06,HD,346.9703063964844,348.35105937530454,335.46719442807296,339.2320327970689,4680300.0,1.0,-2.9261976026674006,357.39037580701637,337.5048207261868,45.233243274837506,-55.10224497555771,17.591403540334653,347.5346984863281,358.69640858968097,14.75,37.985331363308234
2,2026-01-06,HON,202.8129425048828,203.4265027301073,198.27058546240943,198.320054435087,4005000.0,1.0,1.5334286967938056,201.18952034178005,187.80379630861057,58.10598663080043,195.78374718109416,32.391557694145625,192.74552307128906,193.19906717936198,14.75,37.985331363308234
2,2026-01-06,IBM,298.557861328125,299.1204961909983,290.61199188822445,291.18447692778483,4147300.0,1.0,-1.2221092744969155,310.8033054632399,289.1413509088304,52.861787052928115,-78.17204390194367,9.317177837652316,300.1302551269531,296.11466725667316,14.75,37.985331363308234
2,2026-01-06,JNJ,202.542236328125,204.4411758573138,201.87959200016542,202.3543344281176,8107900.0,1.0,1.2571824154267404,211.25459713773654,198.6533465878494,57.03402841243836,-36.71560390927655,4.5250741738773925,204.18677215576173,196.4041394551595,14.75,37.985331363308234
2,2026-01-06,JPM,332.90625,334.1598441675407,328.96642165340415,330.92639220894705,7660800.0,1.0,5.4947426066812,334.07133979644993,301.1596202865579,61.697078751878486,170.96688507213307,29.061983572445477,313.42262878417966,307.9549123128255,14.75,37.985331363308234
2,2026-01-06,KO,67.37671661376953,67.78392035851859,67.12842386520353,67.54556144153736,21019900.0,1.0,-0.422532515557819,71.01209375565865,67.80440709883352,43.609122653337856,-212.63579200421464,48.096689969718,69.95896708170572,69.26575584411621,14.75,37.985331363308234
2,2026-01-06,MCD,301.0880432128906,302.53000032188976,296.67270584309904,297.40861563676236,3769100.0,1.0,-1.132075350298237,320.5870448900824,298.3653354810114,47.25544494382982,-138.1209615343732,19.388037119912852,308.1303985595703,304.340087890625,14.75,37.985331363308234
2,2026-01-06,MMM,164.61618041992188,164.93310400723874,160.26827775234187,161.31811074856176,2854800.0,1.0,-0.8410158335169626,166.99496077257913,156.2889824036904,53.42567273875199,-12.805934919231166,3.0277170767781154,164.01400553385417,162.52486470540364,14.75,37.985331363308234
2,2026-01-06,MRK,108.0695571899414,109.35999464837309,106.88830401043084,106.88830401043084,14479000.0,1.0,3.0918583071717762,110.02665986941797,93.64024381710546,67.47637365691958,147.31874541454434,42.44503969748692,101.32082061767578,93.90787849426269,14.75,37.985331363308234
2,2026-01-06,MSFT,476.3885192871094,476.617480129593,467.6673473241013,471.69937935780575,23037700.0,1.0,-3.251499798574514,492.28202681559844,468.52224259358127,44.70606284372706,-82.08043841549039,24.31411759660767,480.1922353108724,494.72557830810547,14.75,37.985331363308234
2,2026-01-06,NKE,64.34335327148438,64.42212276189157,62.43323820034229,63.0732234081886,19973200.0,1.0,-0.2749519512705305,69.00753080860747,55.795923399766544,51.03343022634195,32.78676534748026,17.257432421634984,62.70027834574382,63.2182586034139,14.75,37.985331363308234
2,2026-01-06,NVDA,187.22987365722656,192.15959956375178,186.80989821500853,190.50969495089785,176862600.0,1.0,1.3515120120477206,195.05422809316119,171.80991680429977,52.05138557109789,99.43242591799881,12.991451849067612,182.39112854003906,186.00148798624676,14.75,37.985331363308234
2,2026-01-06,PG,137.88536071777344,139.3735040371015,137.49114011008558,138.35841040902034,10421800.0,1.0,-1.1749725913220743,145.73585473468,135.98942602703875,40.98239461434943,-120.70676745510421,27.83062168876558,142.2525639851888,144.3247095743815,14.75,37.985331363308234
2,2026-01-06,SHW,338.46209716796875,340.10419308532,327.4251850019952,329.70423202776175,1778600.0,1.0,-0.6462113076470359,333.4970892309252,317.0987023950513,53.51536921435598,68.04346951484148,21.357830116848525,329.37378845214846,331.94556427001953,14.75,37.985331363308234
2,2026-01-06,TRV,284.1553039550781,286.128131259114,281.0565715414749,284.4940667514941,1499800.0,1.0,1.1778190544189897,297.62721001950473,276.6792871728781,51.55391428373243,-55.42589012119548,3.943503165341221,287.0086903889974,279.9464604695638,14.75,37.985331363308234
2,2026-01-06,UNH,346.2779235839844,349.8898275937949,342.4576177850687,345.662711327742,9441900.0,1.0,2.6275047191693375,343.58726177870506,315.74886187852155,56.78575328014825,237.08337610670563,39.93891640614341,327.43365478515625,332.4701243082682,14.75,37.985331363308234
2,2026-01-06,V,356.08599853515625,357.1416263785221,350.5489214123709,352.2219885159953,6775400.0,1.0,4.894212189633265,364.6118966815542,326.1875570537974,58.892032372104204,98.83798033438846,19.816291900726174,340.0785888671875,338.65171610514324,14.75,37.985331363308234
2,2026-01-06,VZ,39.02574920654297,39.18069000149087,38.72555349425137,39.06448532879993,32758400.0,1.0,-0.06307245604413936,39.91447597154262,38.40720371595737,47.795065972665306,-77.63557874305496,10.353824759136213,39.30916328430176,39.075622177124025,14.75,37.985331363308234
2,2026-01-06,WMT,113.88847351074219,114.33670104320107,111.54775506101163,111.95613963952309,20120800.0,1.0,0.903005664801384,116.7473580047986,109.6221404388049,58.76540769767233,38.043839387177194,18.4209937749654,112.04621912638346,107.66816393534343,14.75,37.985331363308234
3,2026-01-07,AAPL,259.84722900390625,263.1910228349833,259.3282042611396,262.7119324450406,48309800.0,2.0,-2.195839613334101,281.3478230030592,262.53070177721423,44.19883885997478,-231.29546261286018,22.478869873286037,274.4564198811849,269.4283991495768,15.380000114440918,37.7661710123352
3,2026-01-07,AMGN,336.74609375,338.13586932767026,327.3427438082494,327.3427438082494,3599200.0,2.0,1.7236389698206835,335.2956346618073,308.32861155401304,59.3606747481558,85.1899852839373,15.685453249621226,325.5281158447266,315.3203531901042,15.380000114440918,37.7661710123352
3,2026-01-07,AMZN,241.55999755859375,245.2899932861328,239.52000427246094,239.61000061035156,42236500.0,2.0,1.8869829952712394,240.56199393946997,219.3970056943191,56.75702710411858,259.05053404852845,20.31386893189951,230.13766682942708,230.16516698201497,15.380000114440918,37.7661710123352
3,2026-01-07,AXP,377.028076171875,383.7767301967582,375.33342139471614,382.69016888063817,2178600.0,2.0,3.7051948476125176,386.63392602216635,365.4548282502946,57.20663299973011,69.35774923841556,19.233493335055893,371.403325398763,361.4913518269857,15.380000114440918,37.7661710123352
3,2026-01-07,BA,228.1199951171875,233.57000732421875,227.30999755859375,232.14999389648438,9693100.0,2.0,7.237573130967917,233.60594796588208,194.4030547196648,61.754869137177515,138.23909106057246,57.34464060203932,207.3993342081706,205.56066767374674,15.380000114440918,37.7661710123352
3,2026-01-07,CAT,593.9967651367188,622.3562764954288,593.259905029665,620.3647364106434,3312400.0,2.0,7.921148675569725,624.0756693073894,551.9705343058919,56.81702810794439,87.90191799906262,21.35034987543087,585.0799336751302,565.1380325317383,15.380000114440918,37.7661710123352
3,2026-01-07,CRM,265.4560852050781,267.16181061364534,262.84262639015986,262.84262639015986,5976200.0,2.0,3.977965204461441,269.338595905788,252.11935697507136,56.619262085082354,73.80958023830932,20.74908366764784,253.27369944254556,249.3224889119466,15.380000114440918,37.7661710123352
3,2026-01-07,CSCO,74.31729888916016,74.97373788310571,73.8000971719657,74.7151446127845,20347400.0,2.0,-0.09473836161288318,79.35943443264841,74.1551796725762,49.989093916866246,-159.0251009598135,23.251846960990516,76.5910400390625,74.21348571777344,15.380000114440918,37.7661710123352
3,2026-01-07,CVX,152.30152893066406,155.05904782809023,152.00712864480698,154.49970076140028,13537900.0,2.0,1.5270799712534995,156.34153101325472,141.01444432854214,53.21345906810953,148.2707594991005,30.101781828370626,148.32454630533854,148.9963040669759,15.380000114440918,37.7661710123352
3,2026-01-07,DIS,112.91000366210938,114.97000122070312,112.51000213623047,114.45999908447266,8296300.0,2.0,1.5546556961694051,116.50778354987355,107.65224910393505,53.2036389845828,70.1051451177419,24.865367697464595,109.44804509480794,109.57606582641601,15.380000114440918,37.7661710123352
3,2026-01-07,GS,931.9861450195312,949.0507161684332,925.0335182899208,947.6938731242234,2683300.0,2.0,26.933793227857905,939.611852445108,844.0053167443451,64.66682150104612,132.53256813125498,40.71829443585684,866.4646199544271,818.4433725992839,15.380000114440918,37.7661710123352
3,2026-01-07,HD,346.7418212890625,356.1191308129272,346.71202173757393,350.9933957525593,4442700.0,2.0,-2.6024286563389865,357.3528495210136,337.4579109770333,45.137157429887985,29.855128079767642,1.0044140327046485,347.7978139241537,358.2945063273112,15.380000114440918,37.7661710123352
3,2026-01-07,HON,197.4392852783203,203.86193116726488,196.45957012775514,202.98116905895702,5087100.0,2.0,1.5287409933307572,201.33192419244705,188.40558496282637,52.67212610534978,136.35521931179719,22.576586330043316,193.0585728963216,193.38508783976238,15.380000114440918,37.7661710123352
3,2026-01-07,IBM,292.8921203613281,300.37406777905517,292.5170304420286,298.58748063533085,2833300.0,2.0,-1.4402318068289333,310.33796237744593,288.3777999516557,49.807652662269554,-98.23846651921878,6.412584755615532,300.106894938151,296.45081939697263,15.380000114440918,37.7661710123352
3,2026-01-07,JNJ,205.2126007080078,205.97413834273215,202.77959496244443,203.00706626299137,7545900.0,2.0,1.2435087115413523,210.9783221713469,199.5101788052156,59.64312722636369,13.591043697240249,2.9565206303924207,204.3475357055664,196.7004061381022,15.380000114440918,37.7661710123352
3,2026-01-07,JPM,325.3250732421875,330.45880399676645,322.947258062395,329.4539672046419,9815200.0,2.0,5.302272476499695,334.8644472704408,301.679339350653,57.21648312116203,109.99566929456319,13.346453889125003,314.4277608235677,308.4101018269857,15.380000114440918,37.7661710123352
3,2026-01-07,KO,67.07876586914062,67.60514525240197,66.81060547336676,67.52568975903986,20223400.0,2.0,-0.5379069330760302,71.17390961969821,67.37344145452053,42.67246949267395,-219.40612132452003,51.281874752803034,69.79670995076498,69.28177223205566,15.380000114440918,37.7661710123352
3,2026-01-07,MCD,302.4703369140625,305.29455653141486,301.6250527563368,303.6338203463279,4100200.0,2.0,-1.3028707962742487,320.73043539592805,297.66207253864224,48.210666590046706,-84.02979146171684,9.202008779033838,308.0195271809896,304.48795623779296,15.380000114440918,37.7661710123352
3,2026-01-07,MMM,161.3478240966797,164.27943154794573,160.21875640987992,164.25963421328674,2734400.0,2.0,-0.7788660999427464,166.93265511567253,156.24729483549933,49.93850273912751,-35.00283441807063,2.7644959184705447,163.8429951985677,162.76910705566405,15.380000114440918,37.7661710123352
3,2026-01-07,MRK,107.8015365600586,110.6405095314263,107.15631405323852,108.70484958426685,16322300.0,2.0,3.117721443177416,110.67897457864971,94.03104205343037,66.95798814278137,143.51940873836745,46.69578001825753,101.70690994262695,94.29399744669597,15.380000114440918,37.7661710123352
3,2026-01-07,MSFT,481.3265075683594,487.5288974221053,475.83099176167434,477.63296458601815,25564200.0,2.0,-2.8266714458943625,491.2386763273975,468.81393902904784,46.84088699431337,18.3081724602769,2.328201093698162,480.568891398112,494.2852813720703,15.380000114440918,37.7661710123352
3,2026-01-07,NKE,62.24616241455078,64.59934633271267,62.216621979521406,64.51072878356035,18284100.0,2.0,-0.24025683684929788,68.9916785816395,55.78026889760853,47.89236375771845,9.564474559664287,15.616984707170467,62.727137883504234,63.19222819010417,15.380000114440918,37.7661710123352
3,2026-01-07,NVDA,189.09976196289062,191.35963411085106,186.54989697142676,188.55979791265688,153543200.0,2.0,1.4887403769376988,195.47464728573587,171.74547753115868,53.07100646614444,96.47428757107159,12.164566909338403,182.7324417114258,186.1008191426595,15.380000114440918,37.7661710123352
3,2026-01-07,PG,136.04241943359375,137.77696013475176,135.62849904935726,137.77696013475176,14369100.0,2.0,-1.4560821245950706,145.7802957775662,135.91541955446502,38.923334612089526,-160.5167717158543,35.344936808935365,141.8294438680013,144.1504269917806,15.380000114440918,37.7661710123352
3,2026-01-07,SHW,329.8236389160156,342.2538431452371,329.7440048450579,340.37290582697466,1506200.0,2.0,-0.41696910678433596,333.9567549810809,317.06498879333316,48.78047007310585,52.96978718231956,25.359833260147457,329.1863566080729,331.9352132161458,15.380000114440918,37.7661710123352
3,2026-01-07,TRV,282.1625671386719,285.4107493359096,281.69427111886677,283.3283052600463,1966400.0,2.0,0.6406755488873728,297.1792531416304,277.56791787887744,49.93226932555765,-62.09950368142739,3.9435031653412174,286.8181508382161,280.1811787923177,15.380000114440918,37.7661710123352
3,2026-01-07,UNH,339.06402587890625,347.4091217233587,335.43225668934457,346.2878643521878,7461400.0,2.0,2.959839201280147,344.47809428256693,316.65208455044086,53.753479229498595,153.4080782892094,24.2525920628399,328.22308247884115,332.2975916544596,15.380000114440918,37.7661710123352
3,2026-01-07,V,354.4129333496094,356.803033566547,353.0485858687304,355.67768698982985,6333900.0,2.0,4.9202652801380395,363.9914712160505,329.70001437965266,57.74072048202482,94.3464863021038,19.816291900726167,341.0047546386719,338.86598510742186,15.380000114440918,37.7661710123352
3,2026-01-07,VZ,38.86112594604492,39.509939365780674,38.72555321320939,39.26784414455153,26834100.0,2.0,-0.0816497158661349,39.7577818124816,38.45059755153206,46.9369613158471,-61.325758791024505,1.1362015284117333,39.27365608215332,39.08014132181803,15.380000114440918,37.7661710123352
3,2026-01-07,WMT,112.2748794555664,114.27694426311413,111.65732504746875,113.73907576559682,23306000.0,2.0,0.8246227548976037,116.73816590422776,109.57067580109451,55.802274689637564,17.114742420223518,18.420993774965396,112.29902572631836,107.85222053527832,15.380000114440918,37.7661710123352
4,2026-01-08,AAPL,258.55963134765625,258.80916773471864,255.22581364132833,256.5433578451618,50419300.0,3.0,-2.838276812341064,281.8992000719915,260.1686893323054,43.24666281505914,-244.9134050350763,32.40863864482685,273.89479573567706,269.6217041015625,15.449999809265137,53.73965108193802
4,2026-01-08,AMGN,325.3812561035156,336.5686766803619,323.50847906537575,332.92169614933636,2799300.0,3.0,1.6057839802268177,334.82450442793606,310.4024517488217,53.894218321552756,30.743694297995507,7.487734027675338,325.3904500325521,315.97386830647787,15.449999809265137,53.73965108193802
4,2026-01-08,AMZN,246.2899932861328,246.41000366210938,241.8800048828125,243.05999755859375,39509800.0,3.0,2.7844980596985067,243.68669876136755,218.10930038414028,59.00678006815926,275.93264836262165,22.73924091940545,230.8046666463216,230.60216674804687,15.449999809265137,53.73965108193802
4,2026-01-08,AXP,381.7730712890625,383.91628960220544,375.3234599087965,376.9782321638874,2707700.0,3.0,3.909607847670543,385.5877175402539,368.482433216582,58.98768875279927,80.87535496542064,19.47062847557717,372.3283660888672,362.4977732340495,15.449999809265137,53.73965108193802
4,2026-01-08,BA,227.3800048828125,233.11000061035156,225.10000610351562,231.7899932861328,7126800.0,3.0,7.229131995106485,234.72158550239493,195.98841815971446,61.17614991785002,122.74677274266672,48.10037211852589,209.00800120035808,205.75766779581707,15.449999809265137,53.73965108193802
4,2026-01-08,CAT,605.5576171875,607.0014958482016,591.656646056704,593.99674203149,2075400.0,3.0,8.453707394973321,625.5795515726102,551.8378312398897,58.65157094421146,73.69080040781667,19.721168423704718,586.6907592773438,566.8775772094726,15.449999809265137,53.73965108193802
4,2026-01-08,CRM,259.8800354003906,264.53839820162807,259.76033964386096,263.7403757556908,5243500.0,3.0,3.61283924074678,269.33651133957795,252.11452320632046,53.679118140455756,49.20767290628064,12.776480350570306,254.4067159016927,249.52499694824218,15.449999809265137,53.73965108193802
4,2026-01-08,CSCO,73.56139373779297,74.0586990017761,73.15360736723038,73.90950590492594,17192200.0,3.0,-0.2743660015957232,79.31037833294813,73.69431755938585,48.128704801613985,-195.55751726153775,29.375958704965,76.52890319824219,74.3271873474121,15.449999809265137,53.73965108193802
4,2026-01-08,CVX,156.27587890625,157.44365710048137,152.31133572530334,152.59591315492543,12929600.0,3.0,1.822362055124529,157.4438743870713,140.96800305433496,56.6857741144166,185.3773222825655,36.56511050431061,148.6352986653646,149.1433095296224,15.449999809265137,53.73965108193802
4,2026-01-08,DIS,114.16999816894531,114.98999786376953,112.55000305175781,112.55000305175781,9778200.0,3.0,1.5358624393891915,116.0569623431518,108.88999276549079,54.833638327354215,74.75511368654735,24.97986009602064,109.87854766845703,109.65341682434082,15.449999809265137,53.73965108193802
4,2026-01-08,GS,925.8555297851562,936.116057957002,923.0526812200502,926.4992534327896,1960800.0,3.0,26.635097778114414,943.4421642409609,845.9440784348203,63.48784048699401,118.4188937901877,39.00639541260145,871.3512715657552,820.9512502034505,15.449999809265137,53.73965108193802
4,2026-01-08,HD,357.1720886230469,360.8276417408881,341.8147700236527,343.01672568657614,5196500.0,3.0,-1.4870621030134998,358.7351321872912,337.495138198451,50.138931436669885,76.68822161270879,8.723133012723544,348.6303456624349,358.0068944295247,15.449999809265137,53.73965108193802
4,2026-01-08,HON,203.1098175048828,203.35722275248165,196.48925066307137,196.8752022453088,5192500.0,3.0,1.95999689053329,202.27447348788775,188.9543930892607,57.05608397083477,163.2197149411049,22.576586330043337,193.60550333658855,193.63471171061198,15.449999809265137,53.73965108193802
4,2026-01-08,IBM,298.80462646484375,299.7423512320026,291.1844755935488,291.1844755935488,3343300.0,3.0,-1.1230597221154426,309.43326068127175,288.5165379027126,52.75441861895188,-68.909318614806,9.155394477278374,300.0608327229818,296.89532979329425,15.449999809265137,53.73965108193802
4,2026-01-08,JNJ,203.49169921875,206.68624268930276,202.72026166352438,204.6587403592623,6557800.0,3.0,1.0813447653480068,210.15714356996622,200.90400144956502,57.322528907021336,-1.191731178453847,6.287315474800975,204.38050333658853,196.96504287719728,15.449999809265137,53.73965108193802
4,2026-01-08,JPM,328.11083984375,329.7126277455971,323.99190461809644,324.7281574581884,11737100.0,3.0,5.313278428459341,333.8055281482258,305.7856064953289,58.36583335227119,111.74283725835383,13.34645388912499,315.526410929362,308.7948486328125,15.449999809265137,53.73965108193802
4,2026-01-08,KO,68.89627075195312,68.98565249934397,66.98937679072635,67.07876611541012,19237000.0,3.0,-0.47718385719697665,71.1383130685637,67.337529979532,49.5150199756944,-122.62805091528415,17.73401054305991,69.706871287028,69.33202527364095,15.449999809265137,53.73965108193802
4,2026-01-08,MCD,307.16412353515625,307.28345205890895,300.9488433559712,301.75434123934974,3268300.0,3.0,-1.0474042409115327,320.67129066095265,297.5312789191255,51.308284647919976,-52.821178150539836,2.4780482374862958,308.2117451985677,304.6629816691081,15.449999809265137,53.73965108193802
4,2026-01-08,MMM,163.6554718017578,164.2001856044164,159.50564849261235,160.21874541560226,2526900.0,3.0,-0.5372114649715911,166.95170516575763,156.2431007424455,52.21655631038113,-23.330334628545387,1.1240215838298393,163.70037587483725,163.01318537394206,15.449999809265137,53.73965108193802
4,2026-01-08,MRK,110.17396545410156,112.06992618512828,108.44676058679043,109.79676205670974,20278800.0,3.0,3.291708581815726,111.43562747927965,94.75552852657972,69.12964397547289,161.15101804420132,51.01296696746049,102.08546727498373,94.72441393534342,15.449999809265137,53.73965108193802
4,2026-01-08,MSFT,475.9902648925781,480.5201105081445,473.7502403609407,479.10639276886474,18162600.0,3.0,-2.8872991158410173,489.6711173255542,468.9966652672192,44.902827711946856,-52.49506006146492,5.7269146969544735,480.705283610026,493.70487111409506,15.449999809265137,53.73965108193802
4,2026-01-08,NKE,64.25474548339844,64.72734741868122,60.749581911937724,61.22218760315667,21573900.0,3.0,-0.050107236447672676,69.13924118592067,55.822734293205315,50.88732400922686,14.496615798531073,4.983896938460915,62.84932238260905,63.16445376078288,15.449999809265137,53.73965108193802
4,2026-01-08,NVDA,185.0299835205078,189.53974931649188,183.70006889406122,189.09977067708235,172457000.0,3.0,1.2546350847732128,195.4798645934296,171.74725943000792,50.64614241477769,48.93699268790471,3.306591742013867,182.8157755533854,186.04633000691732,15.449999809265137,53.73965108193802
4,2026-01-08,PG,139.48190307617188,139.72828529951533,135.82559930302205,135.89457850580993,9297100.0,3.0,-1.3853563444227461,145.6824671065544,136.2004979813362,44.323970910295934,-98.03959513017246,21.211597562566617,141.65040588378906,144.06935399373373,15.449999809265137,53.73965108193802
4,2026-01-08,SHW,339.3975830078125,341.0396788423401,323.9220286823114,326.18115188980704,1930800.0,3.0,0.531121822659145,336.5234833587332,316.4777373443918,53.497675346522406,62.93469297894133,9.26232273231388,329.28687337239586,332.0951843261719,15.449999809265137,53.73965108193802
4,2026-01-08,TRV,283.1489562988281,284.7431574036155,280.6879165151554,281.35549906022794,2347300.0,3.0,0.2912217889660269,296.4582845040792,278.8986643484599,50.725928756580906,-61.2966891612919,7.92996888771423,286.63501790364586,280.42803649902345,15.449999809265137,53.73965108193802
4,2026-01-08,UNH,344.1742858886719,345.2161737147571,338.1709394997304,338.3793412906715,5059300.0,3.0,3.5941409279147933,346.1447969800354,317.2924466723084,55.495021146694405,160.8120275512678,24.2525920628399,329.21307983398435,332.1418914794922,15.449999809265137,53.73965108193802
4,2026-01-08,V,350.7779846191406,354.8809955460086,348.05922777871496,353.53655468224264,6357600.0,3.0,4.5946384263349955,361.95664522443406,334.2972366115034,55.31046226513093,66.85740473726275,5.181329596094808,341.7659383138021,339.02546946207684,15.449999809265137,53.73965108193802
4,2026-01-08,VZ,39.28721237182617,39.44215316630543,38.793339743823516,38.89985853858806,28103000.0,3.0,-0.06128426762030159,39.7738109473474,38.47620888907838,49.370779817108925,-27.844662748108338,1.1362015284117364,39.28527666727702,39.09337584177653,15.449999809265137,53.73965108193802
4,2026-01-08,WMT,112.62348937988281,113.02191131075173,109.37636090231058,110.85051976674569,24058300.0,3.0,0.781623571529309,116.61070107496559,109.5232413383645,56.29480299389604,-30.421869461928676,1.3712055324258496,112.60520146687826,108.03744850158691,15.449999809265137,53.73965108193802
5,2026-01-09,AAPL,258.8890075683594,259.7274461787287,255.74485516422806,258.5995368285105,39997000.0,4.0,-3.2829907391155757,281.6477009182527,258.4827891940519,43.568372612421335,-210.3817988822365,28.471093589779905,273.30921732584636,269.81867065429685,14.489999771118164,40.45054372328819
5,2026-01-09,AMGN,321.4287109375,327.323029789158,319.25037701755775,324.099882491483,2118400.0,4.0,1.1798451690939373,334.0577307223078,312.2258721829657,52.165873441657745,-24.261751242537446,0.8527742668890942,324.89728495279945,316.53785603841146,14.489999771118164,40.45054372328819
5,2026-01-09,AMZN,247.3800048828125,247.86000061035156,242.24000549316406,244.57000732421875,34560000.0,4.0,3.542899698404284,246.44337184906894,216.91262790679045,59.50897427045488,252.04657517667042,25.86204650500511,231.3950002034505,231.1186668395996,14.489999771118164,40.45054372328819
5,2026-01-09,AXP,374.42626953125,383.6770532864193,372.651880327836,381.792994923297,2767700.0,4.0,3.4391368915636917,385.56532523440654,368.59179451657,55.30113230479183,42.780106467648785,12.699525698435416,372.7860443115234,363.22045084635414,14.489999771118164,40.45054372328819
5,2026-01-09,BA,234.52999877929688,235.13999938964844,228.3000030517578,228.33999633789062,8621600.0,4.0,7.710505182454739,236.65742055563456,197.63358286233418,64.50130585376976,137.9639680593433,50.93108566308116,210.74433441162108,206.09483439127604,14.489999771118164,40.45054372328819
5,2026-01-09,CAT,615.0075073242188,616.5310647081172,605.6273702586875,607.3898419586903,1822000.0,4.0,9.528453098916884,626.0152869604914,551.6281456566961,60.0854315735163,119.08794547038909,26.030915312067965,588.3839009602865,568.398801167806,14.489999771118164,40.45054372328819
5,2026-01-09,CRM,259.29150390625,260.37878092036664,255.87006837906054,259.3513517828845,5174400.0,4.0,3.2386515517995917,269.0914411886947,251.97712570583653,53.376482092918245,26.422833491797938,3.5519329907628414,255.27778015136718,249.8667485555013,14.489999771118164,40.45054372328819
5,2026-01-09,CSCO,73.48182678222656,73.9294060953617,72.9447361594303,73.05414393008935,19104100.0,4.0,-0.4183204510109704,78.97796016698135,73.43565219874131,47.93445302747949,-185.38246685123957,31.270053764998234,76.46147588094075,74.4197764078776,14.489999771118164,40.45054372328819
5,2026-01-09,CVX,159.08248901367188,159.66146677930763,156.95301699731752,157.56143329518417,12549600.0,4.0,2.256829883762265,159.06674947657888,140.39514627537426,58.91337745615978,228.19894600043457,41.905758611395186,149.0795120239258,149.3298131306966,14.489999771118164,40.45054372328819
5,2026-01-09,DIS,115.87999725341797,115.9800033569336,113.9000015258789,114.30999755859375,8935200.0,4.0,1.64004585532399,116.12102401020915,109.60406906840412,56.93938469772391,96.49168522284822,30.578406379844104,110.3206906636556,109.7443686167399,14.489999771118164,40.45054372328819
5,2026-01-09,GS,929.9656982421875,937.056995526318,923.7460181734681,929.757752946327,1334100.0,4.0,26.425419934823708,947.8676612105568,846.444826582412,63.94375623773814,119.89206955648922,39.38086201306828,875.9935363769531,823.7907623291015,14.489999771118164,40.45054372328819
5,2026-01-09,HD,372.1519470214844,372.9962777305898,358.9104575386532,361.0859156869664,7093500.0,4.0,0.5987216170229317,364.4017079428641,334.16395062647183,56.08698102058153,273.3457343865288,13.423843982986996,349.4854970296224,357.8315928141276,14.489999771118164,40.45054372328819
5,2026-01-09,HON,205.2276153564453,206.57350056993772,201.39777167737327,202.52593905482877,5707700.0,4.0,2.4444804347278932,203.78277306335355,188.96219306213476,58.53984590632925,212.91338961268957,32.70153282872541,194.14517669677736,193.83155110677083,14.489999771118164,40.45054372328819
5,2026-01-09,IBM,300.2852478027344,303.0292903343983,298.093959872926,298.69605573024967,2718800.0,4.0,-0.7436524296778089,308.01289068384216,289.10283807592344,53.462216873328515,5.577337830287893,1.3253103202721022,300.0522786458333,297.3820236206055,14.489999771118164,40.45054372328819
5,2026-01-09,JNJ,202.14663696289062,204.43128023925763,201.77080297238516,203.6499578336023,6154300.0,4.0,0.8346718097108692,210.26526271716037,200.5832434473904,55.57420280722274,-50.40143212795335,1.3303357800171232,204.30533752441406,197.20808080037435,14.489999771118164,40.45054372328819
5,2026-01-09,JPM,327.5138854980469,330.21007865256746,326.49908990111055,327.6631156796267,6738100.0,4.0,5.213730854087203,333.881670698225,307.7462986621266,58.020311428396965,111.28250501912318,14.331582436857962,316.4400899251302,309.2668746948242,14.489999771118164,40.45054372328819
5,2026-01-09,KO,70.02848815917969,70.17746532214409,68.6479810984765,68.95586167858788,19638600.0,4.0,-0.3338514677443527,71.1740285934093,67.33161029208875,53.120902058401356,-5.7851207430726586,2.2670125676883726,69.6541155497233,69.3894780476888,14.489999771118164,40.45054372328819
5,2026-01-09,MCD,305.61279296875,307.80055338971266,302.90790181254056,307.32323929323604,2972000.0,4.0,-0.9590690163273621,320.6164927007758,297.26686301211487,50.28006095838007,-47.036259763480615,0.7538641975638467,308.16937662760415,304.73883666992185,14.489999771118164,40.45054372328819
5,2026-01-09,MMM,163.6554718017578,164.65578118228646,162.3778335178725,163.90307448022742,2306800.0,4.0,-0.3417588425301119,166.8935413819396,156.25966601552136,52.21655631038113,1.9812636838519728,1.4234109224561804,163.49238993326824,163.23375981648763,14.489999771118164,40.45054372328819
5,2026-01-09,MRK,109.71734619140625,111.65301369961462,109.40962783593395,110.05485033867006,11040800.0,4.0,3.3540854748151645,111.93040364739139,95.62437998297972,68.23669472163853,145.4162898629612,51.012966967460486,102.2762346903483,95.1636240641276,14.489999771118164,40.45054372328819
5,2026-01-09,MSFT,477.15509033203125,477.6927047258898,470.106493184136,471.9582322108041,18491000.0,4.0,-2.80897518554832,489.6695895582026,469.06987272207084,45.41284039430578,-81.55748557349594,11.492173342117677,480.7812795003255,493.1518239339193,14.489999771118164,40.45054372328819
5,2026-01-09,NKE,64.9045639038086,65.51501610350279,63.40798134929096,64.10704357971909,18470400.0,4.0,0.15127876021250586,69.15516998714445,55.81960456424716,51.81422640215479,54.85990690588058,9.747778552884261,62.936097081502275,63.143269856770836,14.489999771118164,40.45054372328819
5,2026-01-09,NVDA,184.84999084472656,186.32990643372668,183.66005283935564,185.06998015284367,131327500.0,4.0,1.0425630317641037,195.54668142482595,171.7884366782014,50.54049062759054,28.185484610462364,3.184279025511664,183.050759379069,186.12699279785156,14.489999771118164,40.45054372328819
5,2026-01-09,PG,139.81698608398438,140.27033601367305,138.79204260178747,139.64944796852805,9528500.0,4.0,-1.2874266032721948,145.58321390912704,136.5017836494667,44.81574675931558,-56.26329143683118,17.56608338368949,141.43293202718098,143.9666259765625,14.489999771118164,40.45054372328819
5,2026-01-09,SHW,351.58892822265625,352.305482962185,341.09937228806797,341.85574406076427,2432600.0,4.0,2.2404043990749756,342.8341707103643,312.85512067147164,58.52895197796614,201.36285950078292,28.30557660058411,329.63951110839844,332.40687967936196,14.489999771118164,40.45054372328819
5,2026-01-09,TRV,280.93701171875,285.16164924101696,280.62813886305867,283.5973380642207,1438200.0,4.0,-0.16233695569610518,295.8592781259925,279.8573600576013,48.92675984931279,-65.85402067061985,5.974891641710203,286.283539835612,280.5510233561198,14.489999771118164,40.45054372328819
5,2026-01-09,UNH,341.3264465332031,346.36724457311226,339.8380179808238,344.57120987581374,4129100.0,4.0,3.822964030934031,347.2491010413958,317.7371019615338,54.31584907061628,146.09456924607554,25.809601297534506,329.8706044514974,331.91786397298176,14.489999771118164,40.45054372328819
5,2026-01-09,V,348.3280944824219,353.23779410971,347.72062373923114,350.7082565158282,4902900.0,4.0,4.091724288644684,357.4841661304621,341.1638044505926,53.733621250460885,53.590310871551274,4.25749509807366,342.2718434651693,339.059971110026,14.489999771118164,40.45054372328819
5,2026-01-09,VZ,39.18069076538086,39.471204299812214,39.0160677836991,39.28721325662436,32108600.0,4.0,-0.05312748597467021,39.761693116821014,38.5406193526614,48.79200713936122,-16.262077375384397,0.2915811228644591,39.281080373128255,39.091923268636066,14.489999771118164,40.45054372328819
5,2026-01-09,WMT,114.07772827148438,115.00405607413008,111.81669567753553,111.81669567753553,21902900.0,4.0,0.855035022390993,116.70660299135001,109.58473993467537,58.30013017027906,39.102875455227924,12.252105323179304,112.86243743896485,108.16258748372395,14.489999771118164,40.45054372328819
6,2026-01-12,AAPL,259.7673645019531,260.81540508500296,256.32375036738995,258.679389570116,45263800.0,0.0,-3.5239319720669187,281.0724880129747,257.28329811983775,44.43725033369706,-177.2807628174139,23.808149105229994,272.7336191813151,270.0041837056478,15.119999885559082,60.105028424821
6,2026-01-12,AMGN,320.876708984375,323.7647300646573,318.11680041092455,323.7647300646573,2460600.0,0.0,0.7886525524972967,333.40226914097207,313.68564589809046,51.925296364674615,-38.70360813814683,2.9948118135379707,324.27203776041665,317.03604176839195,15.119999885559082,60.105028424821
6,2026-01-12,AMZN,246.47000122070312,248.94000244140625,245.9600067138672,246.72999572753906,35867800.0,0.0,4.024121206414037,248.64019299736734,216.3348070026327,58.88594764214388,230.65378407090404,28.1735341385067,231.9720001220703,231.63366673787434,15.119999885559082,60.105028424821
6,2026-01-12,AXP,358.456787109375,360.8990783662373,354.38965817631794,359.36392299274087,7015900.0,0.0,1.75742302174001,387.34145120158513,364.3786842964617,48.48713705961741,-154.41147228745172,20.305270771923052,372.6673105875651,363.7132746378581,15.119999885559082,60.105028424821
6,2026-01-12,BA,239.80999755859375,239.9499969482422,234.0,234.2899932861328,7894000.0,0.0,8.420976896446945,239.49404797716898,198.7069545252724,66.68128842899702,158.6219518726093,56.88705127593027,212.50733439127603,206.5250010172526,15.119999885559082,60.105028424821
6,2026-01-12,CAT,627.1060791015625,628.3109218788456,610.3671881862361,612.0500418817664,1856800.0,0.0,11.227032204200214,627.0596506125514,550.9980215065891,61.83813378024144,151.31404713646592,32.9904189473854,590.2440002441406,570.0127772013346,15.119999885559082,60.105028424821
6,2026-01-12,CRM,258.75286865234375,260.9074837526564,255.13193476454603,258.35387262075534,4927700.0,0.0,2.865608794600007,268.9937505153527,251.822725925077,53.09308099042069,19.803991085104542,1.8620457894045581,256.3290740966797,250.25247166951496,15.119999885559082,60.105028424821
6,2026-01-12,CSCO,73.61112976074219,73.65091509378422,72.407651892257,72.5170596610535,20985700.0,0.0,-0.5160233239075893,78.76260797619912,73.16980474352744,48.28534505066047,-183.4861231342951,35.98886173874277,76.40660298665365,74.50034039815267,15.119999885559082,60.105028424821
6,2026-01-12,CVX,159.30816650390625,160.50538322182595,157.70861824542845,159.66144381368287,9796800.0,0.0,2.5895088098787653,160.51857388980702,140.08361879818128,59.08839566283323,203.16421131053824,43.829355443841024,149.4991912841797,149.52460708618165,15.119999885559082,60.105028424821
6,2026-01-12,DIS,112.81999969482422,114.94000244140625,112.55000305175781,114.62999725341797,10833800.0,0.0,1.4588786881449494,116.06584065932958,109.87015863876613,52.415618734767165,58.81242947321718,17.767436926692596,110.6568603515625,109.77538096110025,15.119999885559082,60.105028424821
6,2026-01-12,GS,940.4342651367188,941.4345787630969,920.1904876394906,925.0335579270275,2179600.0,0.0,26.795097388962176,953.3325744389274,844.7949341059946,65.0922273668571,122.75393998208688,41.176893891453894,880.5350280761719,826.8512349446614,15.119999885559082,60.105028424821
6,2026-01-12,HD,372.449951171875,373.92013311032497,366.7977371705141,372.1519556576171,5859800.0,0.0,2.2498320237262988,368.3529365445127,331.94911423673733,56.194523308271684,265.47805484504926,14.831821254740337,350.20582580566406,357.6517176310221,15.119999885559082,60.105028424821
6,2026-01-12,HON,206.43495178222656,206.54381069895484,202.51604588042713,204.95052024525106,5521600.0,0.0,2.89251596987458,205.44842792661566,188.7562290558062,59.36778826178955,203.8923010610092,32.70153282872542,194.75907135009766,194.1429298400879,15.119999885559082,60.105028424821
6,2026-01-12,IBM,308.14227294921875,308.2903268324771,296.08032458630623,298.70592389992686,3895200.0,0.0,0.18884990434105475,308.3596574550234,288.89820997661724,56.9986674997,73.01929042465632,9.751269480549157,300.347412109375,297.92440745035805,15.119999885559082,60.105028424821
6,2026-01-12,JNJ,207.4181365966797,207.59615369182697,201.61256992706416,203.29390788802175,11794300.0,0.0,1.0524160823805175,210.22410133304925,200.59572441157968,60.46313867091813,40.927805298097354,15.390733427942937,204.37654774983724,197.5337356567383,15.119999885559082,60.105028424821
6,2026-01-12,JPM,322.8377990722656,324.3600076252465,319.59441851466954,320.2411028663189,12805100.0,0.0,4.703300864655432,333.96886993524515,308.5082723987392,55.364408190061646,51.86433610646987,2.1703091192991364,317.0447102864583,309.60137430826825,15.119999885559082,60.105028424821
6,2026-01-12,KO,70.0185546875,70.48534626445026,69.76032810885432,70.41582459834873,20582500.0,0.0,-0.21854185018476358,71.24924158551666,67.39444814226654,53.086488639642596,46.55605561651661,6.646461889401056,69.59215240478515,69.45383338928222,15.119999885559082,60.105028424821
6,2026-01-12,MCD,305.0459289550781,305.7718845523784,302.48027483730016,305.7320982646789,3206600.0,0.0,-0.9241508669166478,320.59341346691997,296.99558799792374,49.90203971849997,-60.114019718827684,2.2083440485193977,308.0438598632812,304.7938756306966,15.119999885559082,60.105028424821
6,2026-01-12,MMM,166.32958984375,166.65642721667527,161.54590393315712,162.72449518666875,3247700.0,0.0,0.02858819939953605,166.72727487386172,156.3605638712555,54.76898719077799,33.69921609536227,11.847485545119243,163.3979705810547,163.48345286051432,15.119999885559082,60.105028424821
6,2026-01-12,MRK,108.38720703125,110.64051402466555,107.98021783063645,110.15411876211614,10671900.0,0.0,3.258625096442529,112.15085951552535,96.4977298094258,65.68009725868494,112.97015335916082,38.220963974458066,102.45645675659179,95.5903434753418,15.119999885559082,60.105028424821
6,2026-01-12,MSFT,475.06439208984375,478.85749783991434,473.57104241242143,474.5566738594685,23519900.0,0.0,-2.8823785166268863,489.4859354017998,468.6273153306221,44.64550858169925,-64.55182707938641,9.209953112672851,480.5051747639974,492.5662506103516,15.119999885559082,60.105028424821
6,2026-01-12,NKE,64.6288833618164,65.31809758397111,63.25044740563536,64.24489150777713,13901100.0,0.0,0.28534422706412954,68.83767998493775,55.93032958232299,51.38858446331004,45.83523651935826,8.583858163620645,62.992484664916994,63.10412063598633,15.119999885559082,60.105028424821
6,2026-01-12,NVDA,184.92999267578125,187.10986736077922,183.010098425574,183.2100845491025,137968500.0,0.0,0.8709105661372405,195.68713395373587,172.04896376354927,50.587885598924544,27.20259928227326,5.515096558345678,183.20708567301432,186.21232172648112,15.119999885559082,60.105028424821
6,2026-01-12,PG,141.38400268554688,141.7979230777613,139.65932686566353,140.22107059867608,12812000.0,0.0,-1.0710253210122858,145.5841194771356,136.76697305216126,47.07719297893801,-12.697493248745614,7.7991195976601775,141.27557678222655,143.91839675903321,15.119999885559082,60.105028424821
6,2026-01-12,SHW,355.9181213378906,356.7939138619587,347.56826754794434,350.9022380273633,1728300.0,0.0,3.899402969287621,348.80520102239774,309.70353005670387,60.11421125788181,232.14435405202835,34.18797950189671,330.1119049072266,332.83276011149087,15.119999885559082,60.105028424821
6,2026-01-12,TRV,279.47235107421875,281.6544080190911,277.87818032220844,280.26946685708197,1661800.0,0.0,-0.6326782805000448,296.175493626641,279.3030097913278,47.76624928568489,-98.29600449457186,16.588231021705933,285.856113688151,280.75198720296225,15.119999885559082,60.105028424821
6,2026-01-12,UNH,337.8832092285156,340.00668485359506,331.36388499223295,338.78619283823343,7146400.0,0.0,3.684000648242602,347.61858881924985,317.74269963289856,52.90969424675376,69.52984594541522,8.291928417969704,330.3006622314453,331.6164072672526,15.119999885559082,60.105028424821
6,2026-01-12,V,341.7851867675781,345.0815390214404,335.92942192030296,341.36690482487097,13281300.0,0.0,3.1291325478040903,357.7455607956756,340.6604114943634,49.81035569846113,-11.872897326919892,21.430898188755204,342.58421630859374,339.02998504638674,15.119999885559082,60.105028424821
6,2026-01-12,VZ,39.249656677246094,39.466397951043795,38.92454476654953,39.2299525834307,31259300.0,0.0,-0.04062984942573422,39.77052377373354,38.5619259485565,49.190939467175454,-16.34598972911438,3.019126380667596,39.26982180277506,39.094363848368324,15.119999885559082,60.105028424821
6,2026-01-12,WMT,117.50414276123047,118.37070230512944,115.95030556588084,117.03599755512734,49182100.0,0.0,1.1761393375200129,117.28027829538438,109.27850542653944,62.49456771762433,187.25161943978273,29.463235817390565,113.1643056233724,108.31468124389649,15.119999885559082,60.105028424821
7,2026-01-13,AAPL,260.5658874511719,261.3244878277737,257.9108470550362,258.24022168851656,45730800.0,1.0,-3.608844988007718,280.08498238872727,256.5510008876399,45.23032823779237,-147.78450439814856,21.600501405698918,272.1413859049479,270.2344167073568,15.979999542236328,93.93920744712615
7,2026-01-13,AMGN,319.65447998046875,323.0550717148997,315.2091049403147,322.7298121091996,2382200.0,1.0,0.37567536764407805,332.66242416798445,315.0720942646327,51.38252314077693,-53.18230239140044,8.419930246171052,323.5768086751302,317.53848826090496,15.979999542236328,93.93920744712615
7,2026-01-13,AMZN,242.60000610351562,247.66000366210938,240.25,246.52999877929688,38371800.0,1.0,4.046570114094294,249.77781292452534,216.8381874416856,56.2931408326061,152.6774827806846,8.971782103385832,232.2846669514974,232.10250015258788,15.979999542236328,93.93920744712615
7,2026-01-13,AXP,356.8717956542969,359.15458744616825,354.8282682108719,358.46675948451883,3775000.0,1.0,0.29337525242186757,388.72444392820984,360.6319617114386,47.8813864482334,-155.96258151037318,20.305270771923055,372.4526438395182,364.30467478434247,15.979999542236328,93.93920744712615
7,2026-01-13,BA,244.5500030517578,247.39999389648438,240.10000610351562,241.1199951171875,11460500.0,1.0,9.259768826847676,243.23691753228798,198.98108478704796,68.47895652352963,181.34776415045516,64.10141449648027,214.35900115966797,207.0693344116211,15.979999542236328,93.93920744712615
7,2026-01-13,CAT,633.8375244140625,641.863428400031,630.3224270460531,630.5215932068347,1959100.0,1.0,12.966865805015345,633.9063209863091,547.9990073828315,62.77886124775708,191.4921138039825,39.93997161532851,592.2611002604167,571.6245936075846,15.979999542236328,93.93920744712615
7,2026-01-13,CRM,240.4586181640625,260.2591038794056,239.76036751858797,257.0172117490315,13661000.0,1.0,1.0813119083317133,271.7376029703884,247.00930865070532,44.74576864770257,-99.65671740276677,25.28186372391768,256.69121907552085,250.17693456013998,15.979999542236328,93.93920744712615
7,2026-01-13,CSCO,75.06326293945312,75.09310004322684,73.46193927186656,73.59123591764484,17809900.0,1.0,-0.4708508673464422,78.65330855626421,73.08854630213422,52.04042800205121,-101.3658976240156,13.601083422208706,76.37144419352214,74.61219673156738,15.979999542236328,93.93920744712615
7,2026-01-13,CVX,160.80960083007812,163.02740322900013,160.2502537912715,160.41707711771627,12068600.0,1.0,2.9404171590962562,162.10206686423837,139.86220315529286,60.253651735373666,205.39934187409048,49.202584557951255,149.91592661539713,149.75089467366536,15.979999542236328,93.93920744712615
7,2026-01-13,DIS,112.9800033569336,113.22000122070312,111.61000061035156,112.83999633789062,8945700.0,1.0,1.3130770266413805,116.00784032655625,110.1411594598207,52.619239229436445,38.635864547160054,9.75276926320333,110.96392974853515,109.83935508728027,15.979999542236328,93.93920744712615
7,2026-01-13,GS,929.1437377929688,940.8205314482959,922.0623539668134,938.2256884137788,1969600.0,1.0,25.878704638840304,956.5807177745854,846.5176098621333,62.85838228155238,109.99747753240538,41.1768938914539,884.3706807454427,829.8851552327474,15.979999542236328,93.93920744712615
7,2026-01-13,HD,377.2180480957031,377.6551283779304,368.3573048794318,373.3737545217122,4785800.0,1.0,3.8981589400103758,372.8447059343686,329.4530021955142,57.901012890573185,257.4306529548951,20.42457950296547,351.0373870849609,357.5662790934245,15.979999542236328,93.93920744712615
7,2026-01-13,HON,208.09750366210938,209.0178590487059,206.15785494911452,207.09799188350414,4121200.0,1.0,3.343203038030026,207.19846498212684,188.65094145097862,60.49168863637547,219.2278299154294,39.63982996548939,195.3558125813802,194.47166417439777,15.979999542236328,93.93920744712615
7,2026-01-13,IBM,299.23895263671875,308.7641341634784,297.96562897524694,307.5697926562111,4507800.0,1.0,0.20705438721233804,307.5583888912696,289.0993442630273,52.33654117332625,32.65816861917884,10.691158019169539,300.16908264160156,298.3966074625651,15.979999542236328,93.93920744712615
7,2026-01-13,JNJ,211.30499267578125,212.03687594177765,206.56757388262307,207.6060522046432,11379600.0,1.0,1.5210826945443046,210.74023213999556,200.28432077748494,63.524846694721674,167.32869218736633,30.290144222900224,204.59841868082682,197.90861078898112,15.979999542236328,93.93920744712615
7,2026-01-13,JPM,309.3169860839844,325.1957141371429,308.9886797025588,322.64875130423195,19371200.0,1.0,3.1712090862387754,334.51702194982187,307.3443031234203,48.696717919092,-27.06072394471341,20.91307964940934,317.0190368652344,309.8285547892253,15.979999542236328,93.93920744712615
7,2026-01-13,KO,70.75350189208984,70.75350189208984,69.79012478284864,69.93910195246318,18324800.0,1.0,-0.06708078477694812,71.36580238638122,67.34939613046448,55.30275266631023,93.40177517552162,10.385206862438041,69.54679743448894,69.5220547993978,15.979999542236328,93.93920744712615
7,2026-01-13,MCD,307.72100830078125,307.9397873756521,303.5045719647765,303.53440409552945,2967900.0,1.0,-0.6728650656764898,319.8737231431266,296.9913250746468,51.675686508563466,-26.62773430639486,5.311835578565831,308.02662353515626,304.8921819051107,15.979999542236328,93.93920744712615
7,2026-01-13,MMM,167.79539489746094,168.7659932440402,166.18102046733273,166.3890133835487,2827900.0,1.0,0.43535066446207793,166.8766663074042,156.2626754284356,56.098744489234385,98.08927645682681,21.23563630469998,163.31114451090494,163.79143447875975,15.979999542236328,93.93920744712615
7,2026-01-13,MRK,107.46404266357422,108.50631820984121,106.43168814158051,108.24823525931852,9338600.0,1.0,3.0730561313907714,112.23888323258781,97.28422849226571,63.95959484589035,80.77700693277231,25.873311844027025,102.59934488932292,96.00479354858399,15.979999542236328,93.93920744712615
7,2026-01-13,MSFT,468.5832824707031,473.6706125344443,463.88420753037366,472.57548334410274,28545800.0,1.0,-3.424052224079958,490.0558187459062,467.27491855878134,42.350700324921576,-155.26308937055856,23.187797080211876,479.7969950358073,491.90280100504555,15.979999542236328,93.93920744712615
7,2026-01-13,NKE,65.27872467041016,66.0467084292831,64.83565191668737,65.22949186048358,13685200.0,1.0,0.4389686803876671,68.64720720840786,56.00560536788608,52.34323497744215,72.62300187517626,13.138358638353356,63.060750325520836,63.102217483520505,15.979999542236328,93.93920744712615
7,2026-01-13,NVDA,185.79994201660156,188.0998205983224,183.3900687774691,184.9899882929175,160128900.0,1.0,0.7958977776216329,195.4860634464397,173.3289756160603,51.114844512390206,36.05151227323742,8.503721068418804,183.50106506347657,186.2791534423828,15.979999542236328,93.93920744712615
7,2026-01-13,PG,142.15269470214844,142.25123856988353,140.9010687818893,141.91616235122444,15549200.0,1.0,-0.827954579216339,145.6697307503483,136.81933632728843,48.1553379751136,18.50107953817502,5.031195844098024,141.14680074055988,143.84742024739583,15.979999542236328,93.93920744712615
7,2026-01-13,SHW,354.28594970703125,357.2815512624003,352.0168647467428,355.29112479297186,1862700.0,1.0,5.02454880765589,353.09425591193605,308.1314032677514,59.23115651236246,221.3592380681457,34.80916611377678,330.5199422200521,333.25245513916013,15.979999542236328,93.93920744712615
7,2026-01-13,TRV,270.216064453125,280.0502499866492,269.6281782892973,280.0502499866492,2012400.0,1.0,-1.732362544288378,298.4908990623498,275.58172361831424,41.35358063297567,-177.31937727431296,38.7575506919636,285.17506103515626,280.929020690918,15.979999542236328,93.93920744712615
7,2026-01-13,UNH,331.35394287109375,339.2029260683279,330.28228768342836,338.86555257809704,5605900.0,1.0,3.0122901330262266,346.913801425611,317.66258712419375,50.35258643198997,34.69369513452338,6.273006094026563,330.5111063639323,331.27972513834635,15.979999542236328,93.93920744712615
7,2026-01-13,V,326.5283508300781,336.1285950456492,322.49502833379734,335.6107496370988,20383500.0,1.0,1.1222360658315438,361.4535299663143,334.96566864208415,42.351279131870996,-102.00216161994324,39.56647177861674,342.3664510091146,338.91617380777996,15.979999542236328,93.93920744712615
7,2026-01-13,VZ,38.43195343017578,39.328469022638764,38.22506608380085,39.24965640609328,37255500.0,1.0,-0.0956051242670597,39.76012512050546,38.45581039585196,44.900541731886605,-129.91040306633408,20.733895695332162,39.22388229370117,39.083498827616374,15.979999542236328,93.93920744712615
7,2026-01-13,WMT,119.88470458984375,120.03411376670338,117.26509307273483,117.42445728858974,31222100.0,1.0,1.6042158631940282,118.27916326031283,108.64417582049771,65.02317965497167,239.51613089270236,36.084553453867876,113.49880650838216,108.54886258443197,15.979999542236328,93.93920744712615
8,2026-01-14,AAPL,259.4779052734375,261.33447181199796,256.23393227813756,259.0087756526009,40019400.0,2.0,-3.7210364421623012,279.73356248085304,255.49004591758444,44.33831974897616,-141.74067348203943,26.232133688529874,271.37148234049477,270.36607767740884,16.75,20.907420211469983
8,2026-01-14,AMGN,324.2575988769531,324.484315020873,318.9152256105868,319.44749868563815,1897400.0,2.0,0.41503691122352393,332.7119853935954,315.3832935370687,53.28499690713029,-10.42112185038991,5.32489057280382,323.2968770345052,318.06871795654297,16.75,20.907420211469983
8,2026-01-14,AMZN,236.64999389648438,241.27999877929688,236.22000122070312,241.14999389648438,41410600.0,2.0,3.54339868206813,249.73291040303124,218.29409002421485,52.608896858104146,73.48159600608753,2.0940385218839936,232.3769999186198,232.49600016276042,16.75,20.907420211469983
8,2026-01-14,AXP,357.1309814453125,357.26057662793386,349.6147346459122,355.316709731422,3583400.0,2.0,-0.8363382388138234,389.29419646334196,357.72339997220496,47.99129989808906,-171.34365112270157,27.25494418738939,372.4110636393229,364.51082814534504,16.75,20.907420211469983
8,2026-01-14,BA,242.61000061035156,244.88999938964844,239.60000610351562,244.44000244140625,7748600.0,2.0,9.656659531102491,245.79387606753758,200.13512631283353,66.94957505118185,161.2099897852114,62.15472143819698,216.2306676228841,207.5638343811035,16.75,20.907420211469983
8,2026-01-14,CAT,636.048095703125,637.0239308670776,620.4344291949926,631.4177408326162,2105700.0,2.0,14.358554617259983,640.7756609435445,546.0079450134868,63.08797727603535,157.55778406827744,29.467858006253856,594.6074666341145,573.502946472168,16.75,20.907420211469983
8,2026-01-14,CRM,238.9723358154297,241.63567295926623,235.8700939340521,238.58329416292764,10149300.0,2.0,-0.44752796949970275,273.84684015508685,243.44374059442487,44.16222991710326,-193.84842663486955,30.30621231737287,256.92780151367185,250.12509307861328,16.75,20.907420211469983
8,2026-01-14,CSCO,74.00897216796875,74.70519649414089,73.42214801738706,74.5261662976572,17801300.0,2.0,-0.5141964872263856,78.50213257808218,72.89921629887095,49.34912512837272,-120.81525717354478,14.018570166169827,76.3308219909668,74.68933347066243,16.75,20.907420211469983
8,2026-01-14,CVX,164.11668395996094,166.20689457035309,161.03532620739577,161.03532620739577,16414900.0,2.0,3.4456492247234394,164.22956355702482,139.44613682139314,62.67593971803961,205.1090041868897,55.00327479719991,150.3967763264974,150.0101407368978,16.75,20.907420211469983
8,2026-01-14,DIS,113.52999877929688,113.58999633789062,112.26000213623047,112.80999755859375,8950900.0,2.0,1.22775539361038,115.89944655597175,110.55355332195795,53.32939384173541,47.933485291290985,12.265024507983952,111.21318105061849,109.89941762288412,16.75,20.907420211469983
8,2026-01-14,GS,923.71630859375,929.1437414496185,909.0881423719485,923.3498654465398,2513000.0,2.0,24.432861782951477,958.6760409098387,848.6889249104739,61.80365238316378,82.52294246784496,28.30286189988144,888.5240885416666,832.9488515218098,16.75,20.907420211469983
8,2026-01-14,HD,373.4532470703125,377.56573667341854,371.48638576410264,374.1883228698991,4959900.0,2.0,4.844833690742973,375.9479396857316,328.2331790886824,56.11543908530843,216.91600768586198,20.424579502965486,351.72996724446614,357.343906656901,16.75,20.907420211469983
8,2026-01-14,HON,210.828857421875,212.34299148897404,208.7902405177388,211.6304631398987,4421100.0,2.0,3.8760920319447223,209.52256791551662,187.86965620557714,62.26555665554487,229.78493747800042,47.42692637728595,196.10858357747395,194.8491663614909,16.75,20.907420211469983
8,2026-01-14,IBM,305.03302001953125,305.1909542021679,297.60041387299106,299.57454597165105,3779000.0,2.0,0.6811623700029372,307.6307412322183,289.06351230782076,54.8241411940737,43.11048156363027,9.749381235195735,300.2796346028646,298.87849985758464,16.75,20.907420211469983
8,2026-01-14,JNJ,216.1511993408203,216.4577943678032,211.79948466343498,212.3731203973711,11858800.0,2.0,2.257529344652397,212.254851455905,199.20289390542314,66.83721975093061,264.90847121365005,41.292108567953896,205.03391876220704,198.34623794555665,16.75,20.907420211469983
8,2026-01-14,JPM,306.30242919921875,310.17263725890126,304.5613395847709,306.6307659579143,25951500.0,2.0,1.6942356726120806,335.4019109053448,305.3935724930927,47.380616382193736,-102.32458699051769,27.14191054566242,317.03021850585935,310.02166951497395,16.75,20.907420211469983
8,2026-01-14,KO,70.95214080810547,71.22029365219691,70.32643820973604,70.68398038672039,16739100.0,2.0,0.06819558495153899,71.45412829562068,67.30774990872501,55.885441830777886,145.78402580334637,16.60045806734419,69.52991383870443,69.57961502075196,16.75,20.907420211469983
8,2026-01-14,MCD,306.41827392578125,309.4513183557504,304.2304832776406,307.72099415552304,2949000.0,2.0,-0.5722425782014966,318.64225623572855,297.1686782125136,50.77016631280782,-23.712667340412995,10.23441428826171,308.1777791341146,304.9233042399089,16.75,20.907420211469983
8,2026-01-14,MMM,168.3599395751953,169.2116934790402,166.51777485815722,167.77558570993438,3121900.0,2.0,0.7941128473991341,167.80883505924237,155.7553952874373,56.607021990172925,110.4348148605916,23.085613466698966,163.2949681599935,164.08860880533854,16.75,20.907420211469983
8,2026-01-14,MRK,110.1938247680664,110.4122084767089,107.15631761568609,108.16882252424654,11964600.0,2.0,3.110407154214087,112.72118381762576,97.86902461743284,66.63326265638878,101.64618662817487,33.66923462190985,102.93164927164713,96.45046857198079,16.75,20.907420211469983
8,2026-01-14,MSFT,457.34332275390625,466.1242261748137,455.1431293963808,464.3919198839424,28184300.0,2.0,-4.706054881412058,492.5771266988902,463.21645545443016,38.77501533052156,-247.449875809838,33.11998864312567,478.8890391031901,491.01939188639324,16.75,20.907420211469983
8,2026-01-14,NKE,64.55996704101562,66.0959345785422,64.03813230131094,65.26887744660395,15939100.0,2.0,0.4969904362833262,68.28881227169606,56.14640463199047,51.19292600898038,56.155305436554855,6.906312616695913,63.06665827433268,63.07969296773275,16.75,20.907420211469983
8,2026-01-14,NVDA,183.1300811767578,184.45001701406107,180.79021156477043,184.3100252062831,159586100.0,2.0,0.515076662328454,195.174909906924,174.32509161895493,49.44087559735152,-16.50650656357209,0.3454871316934687,183.60872599283854,186.2779899597168,16.75,20.907420211469983
8,2026-01-14,PG,144.23216247558594,144.77419134751472,142.28080439992226,142.58631595696656,13475000.0,2.0,-0.46219569042148123,145.86264378172214,136.74665797609035,50.95162656557332,90.13819312647972,8.88723821351205,141.11099294026693,143.78174107869467,16.75,20.907420211469983
8,2026-01-14,SHW,352.6538391113281,357.10244377948436,351.25058471302384,354.32579016703124,1921700.0,2.0,5.71861665278675,356.3507385064299,307.4525238226717,58.344576404776454,194.13319662750416,32.70510337437589,330.9465586344401,333.6568623860677,16.75,20.907420211469983
8,2026-01-14,TRV,271.7504577636719,272.45790369386276,267.86461349956375,270.7540858802156,1819200.0,2.0,-2.451794765568536,299.40426625395816,272.88983164643247,42.67334803461225,-192.1151706875154,42.26403974264349,284.62322591145835,281.12434946695964,16.75,20.907420211469983
8,2026-01-14,UNH,332.3760070800781,337.4862723400109,331.5226559199649,332.782847847861,5740900.0,2.0,2.5332253057753746,346.31804996808495,317.64907344500097,50.73811966822135,32.722397781441934,6.27300609402657,330.9711486816406,330.9612274169922,16.75,20.907420211469983
8,2026-01-14,V,327.8130187988281,328.53998994250327,322.6045683937439,327.30511153490255,9388400.0,2.0,-0.3604271070482241,363.3932162859556,331.2612850568178,43.09357391762434,-114.26813043435111,39.566471778616744,342.3259511311849,338.71626536051434,16.75,20.907420211469983
8,2026-01-14,VZ,39.239803314208984,39.2595036482486,38.52061710210963,38.54032119432056,25714700.0,2.0,-0.0731435383165504,39.72230063118119,38.466621106489704,49.41010436020061,-50.435990231817954,20.733895695332173,39.21681442260742,39.083031463623044,16.75,20.907420211469983
8,2026-01-14,WMT,119.56597137451172,120.76122961900302,118.55995766585049,119.71538055488978,32764000.0,2.0,1.8958957807959536,119.02834654381805,108.21871003577179,64.42160344440467,230.8618790389275,38.770262170327754,113.78888626098633,108.7568572998047,16.75,20.907420211469983
9,2026-01-15,AAPL,257.7311706542969,260.55593980217856,256.57331808587395,260.16664839115424,39388600.0,3.0,-3.9058714092842024,279.2755099615138,254.31114164981423,42.932110689048955,-134.41984360933102,26.232133688529867,270.4405456542969,270.30326080322266,15.84000015258789,44.69828333421458
9,2026-01-15,AMGN,325.3023986816406,327.73701773085816,320.5317341234194,324.2575853323008,2591900.0,3.0,0.5244918154135689,332.83877641013413,315.58078840920183,53.71031575230358,20.691987328638103,1.514704485038533,323.0231892903646,318.54263356526695,15.84000015258789,44.69828333421458
9,2026-01-15,AMZN,238.17999267578125,240.64999389648438,236.6300048828125,239.30999755859375,43003600.0,3.0,3.2308466230505815,249.64606053489845,219.94293940406638,53.41983992014094,75.89137280720232,2.0940385218840074,232.50233306884766,232.85766677856446,15.84000015258789,44.69828333421458
9,2026-01-15,AXP,356.2437744140625,359.9620305926197,354.6089585516818,357.2406230003498,2868300.0,3.0,-1.7826848314336985,389.73280994219476,355.03828075604747,47.63556510054235,-147.425832538327,21.39150808172144,372.3269785563151,364.6547831217448,15.84000015258789,44.69828333421458
9,2026-01-15,BA,247.74000549316406,248.75,243.97000122070312,244.3800048828125,6517200.0,3.0,10.26679754325184,249.03814302026717,200.99385923803362,68.85249580414752,170.15893964920377,65.52927721239395,217.64266764322917,208.07916768391928,15.84000015258789,44.69828333421458
9,2026-01-15,CAT,644.4423828125,649.6004638111567,641.3156506127934,642.211867870051,2052800.0,3.0,15.9549085886581,648.7162411222782,543.8677188386594,64.25414263847819,190.75445071577607,35.98136983390769,596.7553426106771,575.4281010945638,15.84000015258789,44.69828333421458
9,2026-01-15,CRM,232.94740295410156,238.2441534676664,231.09204255526936,236.42870180297643,11489600.0,3.0,-2.12085838158751,276.5914745297059,238.60741768220817,41.87231755873448,-246.11283845380493,35.9599991376341,256.9011428833008,249.78693517049155,15.84000015258789,44.69828333421458
9,2026-01-15,CSCO,74.84444427490234,75.64013575433144,74.5062803285246,74.81460717237212,18213000.0,3.0,-0.475649594132193,78.38999034683974,72.82365177352159,51.40914342330037,-67.56928094506938,1.6783642516508595,76.29067764282226,74.77182044982911,15.84000015258789,44.69828333421458
9,2026-01-15,CVX,163.0568389892578,164.2049865509261,162.01663769272858,162.67412313536838,8097400.0,3.0,3.717673617797203,165.57033916466918,140.01011280066285,61.43468008960331,167.1912859647782,55.00327479719991,150.91720530192057,150.2290781656901,15.84000015258789,44.69828333421458
9,2026-01-15,DIS,113.41000366210938,114.11000061035156,112.16999816894531,113.70999908447266,7958500.0,3.0,1.1373441858063558,115.880112323437,110.75188764604542,53.1495984211477,47.87962709649214,15.786978996155796,111.52266438802083,109.93612467447916,15.84000015258789,44.69828333421458
9,2026-01-15,GS,966.4916381835938,971.8398218580155,915.7930645553358,916.0208976392803,3773700.0,3.0,26.433918751653323,967.8800303242047,849.0630910136861,66.40025065425284,150.45125655930835,45.71650047756625,893.8276774088541,836.5193339029948,15.84000015258789,44.69828333421458
9,2026-01-15,HD,376.6419372558594,377.65515234811215,371.9731386334182,373.5227759815251,2990100.0,3.0,5.785687100668326,379.6382576808513,327.1732779636799,57.270003210619336,196.1520660944822,20.567271350834147,352.6374033610026,357.224191792806,15.84000015258789,44.69828333421458
9,2026-01-15,HON,212.78831481933594,213.31281274911916,209.65121801463343,211.18511850715893,5569400.0,3.0,4.405735656809867,211.96790332236344,187.08292522988268,63.4823498969158,213.78905505010596,49.45979154460729,196.83001759847005,195.21188557942708,15.84000015258789,44.69828333421458
9,2026-01-15,IBM,294.0963439941406,307.84616695090483,293.19811026672704,305.00341188455536,4932500.0,3.0,0.17241056680200018,307.5512556273169,288.62676561291744,49.75370325960471,-35.1305223425328,1.0937281681154094,300.15362040201825,299.139338684082,15.84000015258789,44.69828333421458
9,2026-01-15,JNJ,217.16001892089844,217.33803600690493,213.5401872590057,215.83471521828713,8492100.0,3.0,2.8892662667130935,214.5235021469651,197.9499719741287,67.47330724033262,246.9773184853011,43.20010128804334,205.5004084269206,198.79248911539713,15.84000015258789,44.69828333421458
9,2026-01-15,JPM,307.68536376953125,311.3466191836246,306.18304245620016,306.8993776774091,14751400.0,3.0,0.6280748080278613,335.83587952727146,304.4747863662832,48.046965808188546,-90.55480904351576,24.365497932397144,317.12183430989586,310.1585983276367,15.84000015258789,44.69828333421458
9,2026-01-15,KO,69.99869537353516,71.11104204342422,69.88944595741485,71.1011082117878,15464100.0,3.0,0.09734586178217342,71.46579888565165,67.30700461166279,52.48786096473633,90.50694579151109,9.032980931363243,69.52362391153972,69.62128448486328,15.84000015258789,44.69828333421458
9,2026-01-15,MCD,306.9055480957031,307.2138235546293,302.11231689529774,307.2138235546293,3189200.0,3.0,-0.4480151390954461,318.10987810245035,297.11632123837,51.1017142227289,-50.56006955205954,2.2700323488509855,308.4396494547526,304.9678197224935,15.84000015258789,44.69828333421458
9,2026-01-15,MMM,169.4593048095703,171.4005016392729,168.3005108001664,168.86505224641294,2909200.0,3.0,1.1538432618737602,169.1073499793016,155.23930834589373,57.59602464448079,148.23740774935405,31.52822343867605,163.2797826131185,164.36893208821616,15.84000015258789,44.69828333421458
9,2026-01-15,MRK,110.15411376953125,110.75962945749191,107.65263738605097,109.80668859774252,11775800.0,3.0,3.1010567117655796,112.69354426497955,99.1573270118759,66.55895554767719,98.57852276660819,35.00128168786603,103.28887634277343,96.87038383483886,15.84000015258789,44.69828333421458
9,2026-01-15,MSFT,454.6353759765625,462.19172164087615,453.8787357567712,462.062293141988,23225800.0,3.0,-5.872861209065377,494.8759609950879,458.9533663974902,37.97590739813512,-250.5719710926134,34.43096439488254,477.7826324462891,490.0376871744792,15.84000015258789,44.69828333421458
9,2026-01-15,NKE,63.595054626464844,64.74703770244241,63.220910835488255,64.74703770244241,13295300.0,3.0,0.4598122981601094,67.92770175556099,56.258411601982964,49.67679680388353,24.698344603738185,0.8229690001872234,63.0554993947347,63.03701006571452,15.84000015258789,44.69828333421458
9,2026-01-15,NVDA,187.03988647460938,189.6897370464893,186.31992419508657,186.48991316970114,206188600.0,3.0,0.6010835996074491,195.13784469405664,175.2951066609238,51.83067090824041,64.12768964284761,14.650734507803143,183.7953862508138,186.35165557861328,15.84000015258789,44.69828333421458
9,2026-01-15,PG,142.5370635986328,144.2321746759209,142.26111668260722,143.57185701473924,10102800.0,3.0,-0.305586833938321,145.79342334192157,136.7587189920628,48.73503672012214,63.64963177528457,8.767006460074118,141.07058664957682,143.678675587972,15.84000015258789,44.69828333421458
9,2026-01-15,SHW,354.42529296875,356.69437792155145,352.2059565289211,354.07696226344984,1711100.0,3.0,6.3385451394182155,359.568696601057,307.0470382622242,59.033077487531685,179.25421823146107,32.70510337437588,331.5649180094401,334.08252003987633,15.84000015258789,44.69828333421458
9,2026-01-15,TRV,270.3555603027344,274.6100575676353,269.32929841415836,271.8899816141981,1775700.0,3.0,-3.0987856792323782,300.18811209027155,270.2856153267207,41.78895313111521,-163.54046073561688,32.37675032421786,284.09039611816405,281.24283803304036,15.84000015258789,44.69828333421458
9,2026-01-15,UNH,336.34515380859375,336.83139439550655,325.5292456895034,332.6141801527573,6943500.0,3.0,2.4456480399103384,346.68416851945136,317.7552815537908,52.228430759088965,18.32186795689191,4.947740774693138,331.5197987874349,330.5794321695964,15.84000015258789,44.69828333421458
9,2026-01-15,V,326.39886474609375,330.3226246971901,325.0245488739532,327.97233789178887,8587700.0,3.0,-1.6307603765361591,365.0205680211566,327.90508810677306,42.47083413797414,-106.69640997940226,34.84700948447245,342.2638743082682,338.4510437011719,15.84000015258789,44.69828333421458
9,2026-01-15,VZ,38.77676773071289,39.26935877656408,38.65854693199661,39.23980451642787,26483000.0,3.0,-0.09164919657362702,39.67839017638633,38.4420562194877,47.12329630785428,-68.95195166678673,20.37988325919225,39.19850832621257,39.070811907450356,15.84000015258789,44.69828333421458
9,2026-01-15,WMT,118.72927856445312,120.39268954357787,118.26114096835724,119.50620474356865,34559400.0,3.0,2.03606955725094,119.65751350268523,107.96604988232453,62.84275786074107,186.32058761897014,36.25507270411109,114.02191797892253,108.96217269897461,15.84000015258789,44.69828333421458
10,2026-01-16,AAPL,255.05612182617188,258.41986733264514,254.4572284259222,257.4217218192236,72142800.0,4.0,-4.219567983383627,279.3087597959984,252.64991635146248,40.87815986630809,-141.66579349598217,32.02287353668615,269.4883148193359,270.1870513916016,15.859999656677246,38.16217605808103
10,2026-01-16,AMGN,325.67694091796875,328.25940508530135,322.2172113989135,323.99144477707335,4033700.0,4.0,0.6341479806779944,332.9695150197369,315.8837442576069,53.866080641163286,42.98036856141325,2.6005495440774964,322.5300231933594,319.0585133870443,15.859999656677246,38.16217605808103
10,2026-01-16,AMZN,239.1199951171875,239.57000732421875,236.41000366210938,239.08999633789062,45888300.0,4.0,3.024136838541608,249.20166101683802,222.17233800659946,53.92097862420295,68.261604257597,2.7103267686104866,232.72699940999348,233.14250005086262,15.859999656677246,38.16217605808103
10,2026-01-16,AXP,363.6404113769531,368.23586884677434,358.7658070929979,360.01186785007377,3555100.0,4.0,-1.913763859022822,389.6550240904231,354.1204733461003,50.78201111787676,-83.29964740579575,5.479698806265116,372.24311014811195,364.82686208089194,15.859999656677246,38.16217605808103
10,2026-01-16,BA,247.67999267578125,248.19000244140625,244.9600067138672,247.75,5944200.0,4.0,10.62303801128985,251.44935052572563,202.71765081704783,68.80455444572549,152.47390739355885,65.52927721239395,219.14733428955077,208.5861676534017,15.859999656677246,38.16217605808103
10,2026-01-16,CAT,644.1536254882812,652.9064213052842,638.2984934296871,649.2120929802034,2554900.0,4.0,17.000756174702815,654.0999206090687,546.9480774378062,64.18198573475172,170.06753473131866,37.600599960581846,598.5941975911459,577.4568161010742,15.859999656677246,38.16217605808103
10,2026-01-16,CRM,226.5434112548828,232.36883809010013,225.87508458358042,232.36883809010013,13902600.0,4.0,-3.918562647615772,279.6070520428465,232.5380758258059,39.61373749045451,-289.8854492454984,41.499086645145375,256.5278996785482,249.19050140380858,15.859999656677246,38.16217605808103
10,2026-01-16,CSCO,74.7847671508789,75.58045101097493,74.1979430003424,75.23233884791566,25743300.0,4.0,-0.4447890969675825,78.3883824150025,72.78492996292718,51.25510804958094,-69.69425225173468,5.2919640236531995,76.21952438354492,74.85215861002604,15.859999656677246,38.16217605808103
10,2026-01-16,CVX,163.15496826171875,164.16573106514758,162.71337533356967,163.47880706871345,9745800.0,4.0,3.8962594675208493,166.85429473751927,140.36889251834012,61.50769560920067,149.43349523309064,55.00327479719991,151.3970728556315,150.46081161499023,15.859999656677246,38.16217605808103
10,2026-01-16,DIS,111.19999694824219,113.8499984741211,111.12000274658203,113.19999694824219,12049600.0,4.0,0.8772511747590244,115.79297126919018,110.89602866977468,49.941644696475045,11.552904587062393,6.554331020710961,111.72835159301758,109.89726028442382,15.859999656677246,38.16217605808103
10,2026-01-16,GS,952.7647094726562,975.2467994263548,947.8127099431726,963.6591084375203,3071600.0,4.0,26.60543153649712,971.5820960175547,854.2419396269765,63.84945777314795,155.42267865648444,46.81828087261521,897.9685384114583,839.932319132487,15.859999656677246,38.16217605808103
10,2026-01-16,HD,377.6452331542969,380.22794181533516,375.00289507478516,376.731329708075,3709000.0,4.0,6.5369242074575595,382.9580973283619,326.1798879011303,57.632810434783096,183.66052018320772,24.71928019605814,353.4506337483724,357.08813527425133,15.859999656677246,38.16217605808103
10,2026-01-16,HON,217.1129608154297,218.34009634939764,214.28264401806038,216.9447270495534,8529500.0,4.0,5.115476802397666,215.16681644477407,185.8137728496595,65.98654189702894,233.6196597326152,58.37793087699203,197.68505045572917,195.59955139160155,15.859999656677246,38.16217605808103
10,2026-01-16,IBM,301.7164611816406,303.4734373618509,296.88969424330713,297.10684995649547,6199600.0,4.0,0.37972365256422336,307.79078758960304,288.6191916584438,52.89385583561774,6.514058072465936,1.093728168115409,300.25397237141925,299.55335693359376,15.859999656677246,38.16217605808103
10,2026-01-16,JNJ,216.25999450683594,217.69407630876594,215.74569779402827,216.63581337003757,10021500.0,4.0,3.279493916018197,216.05271447886744,197.2446167589255,66.29965021627294,218.25907322623644,43.98719867749831,205.9398646036784,199.25387852986654,15.859999656677246,38.16217605808103
10,2026-01-16,JPM,310.8789978027344,315.5948534301565,308.42157308655703,308.76979706409315,14652500.0,4.0,0.040368870526265255,335.90824600312436,304.2934172048835,49.57252910053239,-60.22883967191156,14.678524405379124,317.1795918782552,310.4357482910156,15.859999656677246,38.16217605808103
10,2026-01-16,KO,69.95896911621094,70.25691587601656,69.56169919250988,69.80999194766135,20027500.0,4.0,0.11590599704204863,71.438300627836,67.31166046225188,52.35067853422674,47.23703569922021,3.6402625900939087,69.51137517293294,69.61659596761068,15.859999656677246,38.16217605808103
10,2026-01-16,MCD,305.72216796875,306.81606335552937,304.1410043247885,305.1851896090975,2590600.0,4.0,-0.43998105716985947,316.6125865879236,297.49386787984986,50.251475496324936,-49.0285867784455,2.2700323488509833,308.4303680419922,304.9973897298177,15.859999656677246,38.16217605808103
10,2026-01-16,MMM,166.19093322753906,169.786114111038,165.398601574747,167.19124268280157,7328100.0,4.0,1.1618093206662365,169.56832288674937,155.3359373671569,53.823252127723514,97.40328231943836,13.821674068264054,163.10514017740886,164.39984944661458,15.859999656677246,38.16217605808103
10,2026-01-16,MRK,108.02985382080078,109.91588601455773,107.63279321580441,109.90595741677501,14852100.0,4.0,2.88893455482868,112.23633495481386,100.5724419006549,62.69030268913345,77.85057832545681,34.83595199243264,103.53461303710938,97.23356959025065,15.859999656677246,38.16217605808103
10,2026-01-16,MSFT,457.8211669921875,461.1364202404358,454.45617795729186,455.8001683410004,34246700.0,4.0,-6.465961342486764,495.975402481477,456.2351321864918,39.49350242134754,-208.88932287551384,34.43096439488254,477.1896057128906,489.09467061360675,15.859999656677246,38.16217605808103
10,2026-01-16,NKE,63.38828659057617,63.595050845285805,62.69907240821072,63.39813465371602,15903000.0,4.0,0.40894978482276656,67.77068204057713,56.28644839155177,49.35278806942182,7.327109679079499,2.946750747271883,63.01381810506185,62.97881476084391,15.859999656677246,38.16217605808103
10,2026-01-16,NVDA,186.21990966796875,190.4296883714215,186.06992389502736,189.06976141755646,187967200.0,4.0,0.5962067413947807,193.27616030589135,178.68570645436253,51.30454858918652,58.831633014923405,16.533749063920716,184.0170405069987,186.43631896972656,15.859999656677246,38.16217605808103
10,2026-01-16,PG,142.43849182128906,142.63559459522585,141.58108648377637,141.6796303517559,11729300.0,4.0,-0.18726839204944667,145.1782450584509,137.0506428810022,48.60782875173078,41.125686386667844,4.506303903863299,140.99897104899088,143.5795135498047,15.859999656677246,38.16217605808103
10,2026-01-16,SHW,356.1171569824219,356.3858840075647,352.31546530993,354.19640262843393,1355500.0,4.0,6.8869734745999835,362.7186898756113,306.870741887084,59.69132683998066,164.88053672481055,32.705103374375895,332.18161926269534,334.41722819010414,15.859999656677246,38.16217605808103
10,2026-01-16,TRV,268.4425354003906,270.92349174484985,267.54577634912584,269.1100875572964,1841600.0,4.0,-3.7229795704182607,300.6624463333706,267.63421199182466,40.59533010763669,-173.3126348126753,36.29867662499417,283.6343953450521,281.2617909749349,15.859999656677246,38.16217605808103
10,2026-01-16,UNH,328.4664001464844,333.6064630655481,327.8809552197778,332.2767735847801,8039100.0,4.0,1.7206581743503193,346.6841389306418,317.6947795263894,49.173636935204115,-17.10443636016524,4.947740774693141,331.3074086507161,330.0517044067383,15.859999656677246,38.16217605808103
10,2026-01-16,V,326.94659423828125,327.8926900869644,324.058555362187,325.4328712721598,8341600.0,4.0,-2.563758045544148,366.13813471756026,325.18316044845534,42.802016708097696,-111.40299392041005,36.09869912072624,342.2203877766927,338.14856923421223,15.859999656677246,38.16217605808103
10,2026-01-16,VZ,38.33343505859375,38.76691382623608,38.32358489126682,38.52061830317696,38980200.0,4.0,-0.14046906567259043,39.6442630294726,38.35078549347662,45.057808504617924,-147.3854781427195,28.04545483764348,39.16348775227865,39.05927333831787,15.859999656677246,38.16217605808103
10,2026-01-16,WMT,119.22730255126953,120.12374997782183,116.43836428998766,118.2013712294854,415144600.0,4.0,2.162417653909017,120.31923321362463,107.70673343066248,63.39515845632603,147.35127387522138,21.85365773621252,114.2052823384603,109.18953921000163,15.859999656677246,38.16217605808103
11,2026-01-20,AAPL,246.2425079345703,254.31750190322293,242.9685916985444,252.26132447540706,80267500.0,1.0,-5.120335718166075,280.3920417975888,249.02236097340727,35.14701017422078,-195.01361384995084,53.29895212888797,268.3570836385091,269.9957450866699,20.09000015258789,71.24119919935362
11,2026-01-20,AMGN,326.2585144042969,326.59364038648147,317.10158272251607,320.91614120494955,2947500.0,1.0,0.7592274996015931,333.03855324784433,316.463280858601,54.11410345448014,19.839840943868076,8.015899656148463,322.22906392415365,319.6682535807292,20.09000015258789,71.24119919935362
11,2026-01-20,AMZN,231.0,235.08999633789062,229.33999633789062,233.75999450683594,47737900.0,1.0,2.179972732059042,248.94907760688963,222.84892196586426,49.19166083282832,-12.237514337719098,20.007740783627092,232.78999938964844,233.36000010172526,20.09000015258789,71.24119919935362
11,2026-01-20,AXP,351.0801086425781,360.02184174476196,350.24275947445386,354.8780993507942,3049600.0,1.0,-2.9966132998018793,390.7908680957301,350.74195355954333,45.933559909436184,-158.7082383471839,17.401814905522663,371.64043782552085,364.84298146565754,20.09000015258789,71.24119919935362
11,2026-01-20,BA,249.0,249.52000427246094,243.6999969482422,244.39999389648438,11293200.0,1.0,10.886383258422086,253.6727930068827,204.56720790864463,69.29108564318338,139.52955914797474,66.69840555553138,220.7183344523112,209.1263343811035,20.09000015258789,71.24119919935362
11,2026-01-20,CAT,627.8047485351562,642.8760305313668,623.9321165959363,640.7800454047223,2659000.0,1.0,16.322227703979138,655.6449445512673,551.8398760053734,60.22100330281794,110.2057281016936,23.133183277182518,599.6338338216145,579.3912923177083,20.09000015258789,71.24119919935362
11,2026-01-20,CRM,219.52098083496094,227.37134203727652,218.81274543240602,222.9823099415697,13050800.0,1.0,-5.842558300963674,282.8224989417362,225.55405440299035,37.32960234056008,-300.21142069732383,48.00679942682239,255.63043721516928,248.5893976847331,20.09000015258789,71.24119919935362
11,2026-01-20,CSCO,72.95468139648438,74.46649366268103,72.81543652831839,74.11837390398988,23999700.0,1.0,-0.5615315699445347,78.45130022899349,72.40468884571354,46.80604222857958,-127.64443183833397,19.47658968214283,76.08703842163087,74.90298461914062,20.09000015258789,71.24119919935362
11,2026-01-20,CVX,162.21290588378906,164.5190089490385,162.0656982580369,163.5965767072308,11142500.0,1.0,3.916625063594637,167.58824003475576,141.36305848819347,60.372522994593105,128.17669699294638,50.72071945784313,151.82362213134766,150.64805297851564,20.09000015258789,71.24119919935362
11,2026-01-20,DIS,110.33999633789062,111.08999633789062,108.80000305175781,109.66000366210938,9818200.0,1.0,0.5948733974744016,115.99069798680279,110.54530131129292,48.75698564099384,-60.1283711915639,10.333078385335162,111.91431147257487,109.8642593383789,20.09000015258789,71.24119919935362
11,2026-01-20,GS,934.3135986328125,953.3589703813221,930.0845714906263,937.2947121626017,2629100.0,1.0,24.964728363193444,971.599171144933,860.867479245692,60.61177088318311,97.41478450636572,31.924338032735122,901.4527669270833,843.2739817301432,20.09000015258789,71.24119919935362
11,2026-01-20,HD,372.6188049316406,374.8340059690943,368.83411032868275,369.7678700259122,5353700.0,1.0,6.650036792366052,385.056199408744,326.08042473676375,55.203605178274806,126.24233605182845,9.984330216270513,354.2433329264323,356.9000523885091,20.09000015258789,71.24119919935362
11,2026-01-20,HON,212.83779907226562,216.0738489209608,211.9768185204133,214.44098028539602,8222000.0,1.0,5.272207226951622,216.83330854298234,185.8286467182481,61.662302008041,171.7745637601455,45.76683850486641,198.43848215738933,195.95413309733073,20.09000015258789,71.24119919935362
11,2026-01-20,IBM,287.5816955566406,297.6991224236518,286.40708456420236,297.45235591470026,7275500.0,1.0,-0.5897385512125197,308.4437247125924,287.0680245549857,47.22996896845464,-166.75635950214863,22.04888469208806,299.70648091634115,299.64246520996096,20.09000015258789,71.24119919935362
11,2026-01-20,JNJ,215.81494140625,216.32922303891885,212.14565559471552,214.70722422450442,14057100.0,1.0,3.5123518678085475,217.38680695384826,196.88965941578064,65.71492207027359,160.19648112793294,25.230246427274782,206.45844268798828,199.69048767089845,20.09000015258789,71.24119919935362
11,2026-01-20,JPM,301.19854736328125,309.56573031914434,300.323023148028,304.65088058894946,12900600.0,1.0,-1.1927742081055044,337.06243517684305,302.25828931046163,45.392872031881744,-133.6364769149103,26.366194648033094,316.7835998535156,310.6007486979167,20.09000015258789,71.24119919935362
11,2026-01-20,KO,71.26001739501953,71.28981131187702,69.31340319496735,69.52196819026295,22152200.0,1.0,0.23291387457749124,71.66475269673808,67.22325923563497,56.22671436278045,124.38683120462764,17.40275397521231,69.55441258748372,69.6403310139974,20.09000015258789,71.24119919935362
11,2026-01-20,MCD,301.15765380859375,304.8470354483117,300.76983612502346,304.737661089474,3018000.0,1.0,-0.7927933071019879,314.64981558484027,297.78497750598007,47.12300587298866,-98.72635351833482,9.607229229295362,308.2414235432943,304.9075551350912,20.09000015258789,71.24119919935362
11,2026-01-20,MMM,154.6229248046875,162.15995138001355,151.60218404170305,157.92099448715288,11902100.0,1.0,0.23200645184979862,170.05679451783027,154.28887351195488,43.41150947230913,-156.50848226247223,32.41657499196352,162.67100931803387,164.2282689412435,20.09000015258789,71.24119919935362
11,2026-01-20,MRK,108.6452865600586,108.83389204447406,106.14381771537872,107.31514229163618,15241100.0,1.0,2.7389140001912153,111.88908813138944,101.78924743989963,63.32911148525019,64.07960208180775,22.776020765318837,103.84613901774088,97.60717658996582,20.09000015258789,71.24119919935362
11,2026-01-20,MSFT,452.5048828125,454.77477325819245,447.2881239806389,449.2195254560932,26130000.0,1.0,-7.281045810726596,496.9124647038222,452.36513234207627,37.89295654189683,-232.61974670851035,41.81895288666105,476.316162109375,488.0153513590495,20.09000015258789,71.24119919935362
11,2026-01-20,NKE,62.64984893798828,63.5852159549622,62.049244734796524,62.512006089243144,20406000.0,1.0,0.305533133599063,67.55145874411933,56.308753200460735,48.191533157468605,-5.241952080980122,7.548161225384177,62.94620920817057,62.89657204945882,20.09000015258789,71.24119919935362
11,2026-01-20,NVDA,178.06036376953125,182.37012791600927,177.60038196777572,181.89014292514364,223345300.0,1.0,-0.0653124840477517,192.23554038567426,180.11930580573198,46.450764643181564,-78.54727393581112,8.237126609584008,183.84004974365234,186.39965489705403,20.09000015258789,71.24119919935362
11,2026-01-20,PG,144.8727569580078,144.8727569580078,142.03442874422842,142.3695200191174,12901400.0,1.0,0.10175174731173797,145.4713332415131,136.90341193670957,51.82055249662898,101.52161658973922,16.06853968136799,141.05284678141277,143.51146189371744,20.09000015258789,71.24119919935362
11,2026-01-20,SHW,345.2991943359375,354.2561139392336,345.19966693271215,351.6386981290527,2072200.0,1.0,6.375198386779573,363.66661580447675,308.07248026485917,53.95669285322168,107.36435976260158,12.744961725871596,332.56610310872395,334.64825439453125,20.09000015258789,71.24119919935362
11,2026-01-20,TRV,268.6318054199219,270.5448527903678,267.02766130365,267.34650759986704,2274400.0,1.0,-4.15449478764782,300.339775444126,265.5616039504052,40.76848827188457,-158.66345610052068,37.42564361582327,283.23167928059894,281.2979578653971,20.09000015258789,71.24119919935362
11,2026-01-20,UNH,335.8192443847656,337.26800331941564,323.9812831738787,324.87433425330187,7596500.0,1.0,1.7195892083828994,346.93567565877026,318.46430297892505,51.89025794901791,10.802003076258023,11.866397666257406,331.5444742838542,329.71026306152345,20.09000015258789,71.24119919935362
11,2026-01-20,V,324.4768371582031,326.9665310832551,320.23438898454765,320.90164032884104,8279900.0,1.0,-3.462540168157261,367.2230322316347,322.087584833795,41.682716010153065,-126.19478355170824,40.90324353387209,342.1778961181641,337.83557688395183,20.09000015258789,71.24119919935362
11,2026-01-20,VZ,38.500919342041016,38.63884423856715,38.10684498781928,38.31373233260849,30650900.0,1.0,-0.163756894171172,39.64578863152306,38.2861243628617,45.98311180733452,-147.55865885167128,32.53795608103751,39.11500523885091,39.058595975240074,20.09000015258789,71.24119919935362
11,2026-01-20,WMT,118.24121856689453,121.1397307536994,117.14556393792557,120.41261014762198,45334000.0,1.0,2.1581034214384545,120.79010108916631,107.62233329804073,61.521776074484386,137.7602351648524,26.483367974245514,114.34152959187826,109.38522923787436,20.09000015258789,71.24119919935362
12,2026-01-21,AAPL,247.1907501220703,251.09350304772093,244.72532928784554,248.23880604127606,54641700.0,2.0,-5.692070769284271,280.39266071819407,246.42456645465742,36.14343485775406,-172.6752330819439,53.298952128887954,267.3213419596354,269.8014633178711,16.899999618530273,34.28005089697845
12,2026-01-21,AMGN,338.6780090332031,339.0525704268227,324.60256820183184,325.223548398578,4148600.0,2.0,1.8393010247153256,335.84277065665384,315.2578305396352,58.98527739471276,191.1602847672621,14.906971346049023,322.6795176188151,320.53538767496747,16.899999618530273,34.28005089697845
12,2026-01-21,AMZN,231.30999755859375,232.3000030517578,226.8800048828125,231.08999633789062,47276100.0,2.0,1.5184767532262242,248.71391444348535,223.48008427477635,49.36704877643793,-32.580681385669806,24.969435938871403,232.84933268229167,233.53033345540365,16.899999618530273,34.28005089697845
12,2026-01-21,AXP,358.4767150878906,361.4872173685917,351.1598499196672,351.18975416119844,2780300.0,2.0,-3.220807495090412,390.6333933352531,349.29794211396563,48.90538940159649,-118.51057476430422,14.741898277775114,371.3108428955078,364.9338063557943,16.899999618530273,34.28005089697845
12,2026-01-21,BA,250.07000732421875,251.30999755859375,244.67999267578125,248.88999938964844,8160700.0,2.0,11.05400324419361,256.0985455224372,205.74045594240658,69.68752301926614,132.64713793614146,68.2477540293123,222.32433471679687,209.66466776529947,16.899999618530273,34.28005089697845
12,2026-01-21,CAT,644.1536865234375,645.9702355620277,626.128005656419,632.4659153407424,2490700.0,2.0,16.908797571235482,660.1437013685407,554.3782285630999,62.608214528669244,122.5491520220345,24.949901036481563,601.0850036621093,581.488882446289,16.899999618530273,34.28005089697845
12,2026-01-21,CRM,221.0272216796875,222.83270380044326,218.41376271777347,219.60078121508738,12616600.0,2.0,-7.1632244770733,284.3798037801132,220.17331206461336,38.121278455390964,-243.89622654518527,48.35375485776891,254.3479746500651,248.03978932698567,16.899999618530273,34.28005089697845
12,2026-01-21,CSCO,73.29285430908203,73.95924156049931,72.61651882738614,73.55144759011552,18210200.0,2.0,-0.6196204936942422,78.20175147763257,72.22530235537525,47.67427773757986,-121.27024747045273,21.28973403770367,75.95889943440756,74.96587753295898,16.899999618530273,34.28005089697845
12,2026-01-21,CVX,163.61618041992188,165.3334977777581,162.95869499978,163.88114214780023,10918500.0,2.0,3.9998892393143706,168.32736003442656,142.4864918942844,61.46833601046526,125.7159705186679,52.48545247143947,152.3708735148112,150.84266942342123,16.899999618530273,34.28005089697845
12,2026-01-21,DIS,113.19000244140625,113.25,110.5,110.56999969482422,10041400.0,2.0,0.5942089774039658,115.91667405808707,110.81432569777232,52.610713112086906,8.083374440074135,4.69901814938017,112.20090001424154,109.87958628336588,16.899999618530273,34.28005089697845
12,2026-01-21,GS,943.8610229492188,959.618258836998,934.3928022772602,934.9375101350598,2251300.0,2.0,24.15639672429927,973.7964651705834,864.5660409329323,61.65264920345997,104.80208052459604,34.434659814931656,904.7029296875,846.6732584635416,16.899999618530273,34.28005089697845
12,2026-01-21,HD,382.0855407714844,383.3570388141971,372.1916653643805,373.3042223623911,5169800.0,2.0,7.418055074975598,388.6246763740661,326.4496247733948,58.6031859404533,154.2210913120295,23.35772590132614,355.23768615722656,356.93456013997394,16.899999618530273,34.28005089697845
12,2026-01-21,HON,216.89524841308594,218.12238397780905,213.30291909166385,213.71857323003297,5655500.0,2.0,5.658590757970188,219.15517733976648,185.49195858552648,63.97982494604492,173.63665654828176,49.57964365643906,199.35685068766276,196.1590716044108,16.899999618530273,34.28005089697845
12,2026-01-21,IBM,293.691650390625,293.81997380090775,288.7267092044669,288.9734757248979,5185000.0,2.0,-0.8551642391960286,308.4254760467396,286.74672243958855,49.641298214548705,-128.4309672793766,22.048884692088066,299.3642985026042,299.87447153727214,16.899999618530273,34.28005089697845
12,2026-01-21,JNJ,215.6171417236328,216.2797860692503,208.18957605818176,208.68408811532706,14762900.0,2.0,3.638984740053104,218.5229273046107,196.90476281990104,65.44953099319858,121.51628808882495,8.610270030276405,206.98855997721355,200.13149871826172,16.899999618530273,34.28005089697845
12,2026-01-21,JPM,300.50213623046875,303.8450138204667,299.61665319654776,301.88504309324475,10270100.0,2.0,-2.2008732437467415,338.25886198920654,299.69430878716065,45.10982143306689,-144.9509517089984,27.29478423121777,316.3993886311849,310.7470438639323,16.899999618530273,34.28005089697845
12,2026-01-21,KO,71.51824188232422,71.74666695642603,70.34629986394845,71.48844796633642,21660600.0,2.0,0.34253152833380796,71.94791953354022,67.13376076431135,56.94578899092979,173.97451642696342,22.62760402218656,69.62095514933269,69.68267021179199,16.899999618530273,34.28005089697845
12,2026-01-21,MCD,303.9918212890625,304.0116992589776,301.4559992888058,301.65487003209404,3630900.0,2.0,-0.8340910451355512,313.33131976879037,298.0941105290612,49.15618419123469,-78.22959546116643,9.607229229295362,308.0577819824219,304.9166885375977,16.899999618530273,34.28005089697845
12,2026-01-21,MMM,154.38523864746094,157.11876698500419,152.8599975691993,155.61333835401678,6969100.0,2.0,-0.5180762465384419,170.46746608401608,153.27603214596436,43.23374502913332,-171.909310519328,32.41657499196353,162.28805084228514,163.98090057373048,16.899999618530273,34.28005089697845
12,2026-01-21,MRK,110.2930908203125,111.14676848120698,107.93059192929128,108.38720898016255,12844400.0,2.0,2.7216126063480317,111.59064034278813,103.08232871238764,64.98944903412752,89.5092101315892,32.761836420808734,104.25097681681315,98.01530075073242,16.899999618530273,34.28005089697845
12,2026-01-21,MSFT,442.1410217285156,450.6829992738946,436.7351029497524,450.5934019351739,37980500.0,2.0,-8.66341662518414,498.68570228564306,446.4294313813491,35.02997250871506,-258.6228099758561,50.58194284681742,475.0202667236328,486.76297047932945,16.899999618530273,34.28005089697845
12,2026-01-21,NKE,64.40242767333984,64.4122682247478,62.63015187663665,62.89599324614213,17166400.0,2.0,0.3608336833680781,67.63088797241953,56.88900338500234,51.02105012792461,28.781091691908582,1.031344864281788,62.93144022623698,62.833755302429196,16.899999618530273,34.28005089697845
12,2026-01-21,NVDA,183.31008911132812,185.3699752173061,178.3903418724365,179.04031586008543,200381000.0,2.0,-0.16407096692574896,192.0112570191521,180.57657714832837,49.62289912244044,-28.041000168205233,0.17496047708695223,183.8703816731771,186.41915639241537,16.899999618530273,34.28005089697845
12,2026-01-21,PG,143.94635009765625,145.23739056286485,142.872127195549,144.93187900703413,14126800.0,2.0,0.2531310614006941,145.69729262116746,136.83513535734815,50.575818708548454,99.20789805188043,17.802536971209463,141.13858795166016,143.42780659993488,16.899999618530273,34.28005089697845
12,2026-01-21,SHW,354.60443115234375,356.00768548130145,346.4735558970012,349.0013756879055,1879400.0,2.0,6.643881259035027,365.4874131646925,309.77971330015123,57.58280804078002,120.40193610232768,16.06679435813794,333.3357350667318,335.0684575398763,16.899999618530273,34.28005089697845
12,2026-01-21,TRV,271.6607971191406,275.52672502263135,267.16718044963005,273.45428481405645,2571700.0,2.0,-4.203602873144746,299.49706805083207,264.38466412690235,43.495248006272874,-121.18055813197564,16.280950300803635,282.99476928710936,281.37451833089193,16.899999618530273,34.28005089697845
12,2026-01-21,UNH,345.0673522949219,345.3947932518869,336.0772462723701,336.8115280003352,8933300.0,2.0,2.4368960431687015,348.464795380436,318.9524989310874,55.01846218398592,121.1597832888839,3.7417682803568657,332.17457682291666,329.5400410970052,16.899999618530273,34.28005089697845
12,2026-01-21,V,323.9390563964844,327.3150959639532,321.668456741042,325.0843095294372,8974600.0,2.0,-4.170154938453834,367.78372569096985,319.1397728441864,41.43861920362134,-119.58785805513212,39.87852614564761,341.98004862467445,337.50368245442706,16.899999618530273,34.28005089697845
12,2026-01-21,VZ,38.658546447753906,38.73735905985373,38.38269290997605,38.52061779977929,21158800.0,2.0,-0.16756192636622558,39.63973916931058,38.301936016846646,46.85452577983661,-106.60609825254194,28.635681546800107,39.05789693196615,39.083141263326006,16.899999618530273,34.28005089697845
12,2026-01-21,WMT,118.8886489868164,120.01418389072646,117.08579909313113,117.61370491177271,34811700.0,2.0,2.181776424693865,121.36056059848525,107.54989853847763,62.27888320240813,119.6184917223334,26.013919774732546,114.49041163126627,109.59634857177734,16.899999618530273,34.28005089697845
13,2026-01-22,AAPL,247.8894500732422,250.53452965267718,247.68980878155546,248.737864640942,39708300.0,3.0,-6.0194076848044915,280.2604200092371,244.2990022930089,36.882628252602686,-146.02888975520554,53.298952128887976,266.33850148518883,269.5649782816569,15.640000343322754,37.82125775738921
13,2026-01-22,AMGN,342.0982971191406,344.96661554599945,337.23892562750063,339.22011231459834,3025100.0,3.0,2.9373952746119585,339.00451004425605,313.6416294821111,60.189304331458224,267.68710919851196,23.17928943089114,323.5285125732422,321.4779596964518,15.640000343322754,37.82125775738921
13,2026-01-22,AMZN,234.33999633789062,235.72000122070312,230.89999389648438,234.0500030517578,31913300.0,3.0,1.2246153988911317,248.52070725151708,224.26429183295556,51.07472468786979,7.954411352717628,14.421983893260318,233.09766591389973,233.69916661580405,15.640000343322754,37.82125775738921
13,2026-01-22,AXP,366.8601989746094,368.93366103164544,361.58689195429275,361.58689195429275,2628500.0,3.0,-2.6909859135970464,389.6468484725479,349.0896780167099,51.998973435832355,-47.77816723061859,2.1679534895491597,371.52825520833335,365.1207575480143,15.640000343322754,37.82125775738921
13,2026-01-22,BA,251.41000366210938,254.13999938964844,249.77999877929688,252.0,9742600.0,3.0,11.166252191690262,258.4949164375427,206.80108575972295,70.18614157049174,134.9249218344154,70.56240453106801,223.8290013631185,210.16566772460936,15.640000343322754,37.82125775738921
13,2026-01-22,CAT,647.1778564453125,654.533907925249,639.6821782128686,647.8765384804376,1565700.0,3.0,17.416912331984918,664.7277818593914,556.5172926034993,63.032730753475306,135.47103593383721,29.854706149548036,602.8583719889323,583.5998657226562,15.640000343322754,37.82125775738921
13,2026-01-22,CRM,227.52096557617188,228.14939874534454,220.55838329222703,221.68556907928988,9483000.0,3.0,-7.59828280020804,283.87367606693215,217.03455452388818,41.4215304782302,-176.65813325457046,35.47598085402973,253.31649576822917,247.6020617167155,15.640000343322754,37.82125775738921
13,2026-01-22,CSCO,73.92940521240234,74.3769769319155,73.48182590461278,73.71058967369763,12879800.0,3.0,-0.6072915670943217,77.92087943989237,72.17156288188498,49.286109629411705,-86.53065212051786,15.453805181204364,75.82262929280598,75.03344370524088,15.640000343322754,37.82125775738921
13,2026-01-22,CVX,163.54751586914062,164.4307017735753,162.63487645899193,163.15497715419784,8957400.0,3.0,4.014064407245456,169.00668132507005,143.4616841534456,61.38241543017047,110.42008546354303,50.1995196116044,152.9580327351888,151.05231602986655,15.640000343322754,37.82125775738921
13,2026-01-22,DIS,113.20999908447266,114.29000091552734,112.16999816894531,113.16999816894531,12437700.0,3.0,0.5885119818964597,115.9173510032289,110.89664893573595,52.63656689307778,39.65706613388818,10.94384889584786,112.4110107421875,109.91759516398112,15.640000343322754,37.82125775738921
13,2026-01-22,GS,945.4852905273438,961.6287968384512,941.6821283063989,950.8433273989625,2468300.0,3.0,23.377373090664946,975.99023650097,867.8838418681705,61.83016963514407,104.91809248955857,35.25444207288555,907.6067830403646,849.5559326171875,15.640000343322754,37.82125775738921
13,2026-01-22,HD,378.49951171875,388.00596294559887,378.0028323064579,383.8835298865552,4828100.0,3.0,7.649177564836577,391.01310696658055,327.5021884435757,56.91074556966002,150.01940053128624,29.46762551040759,356.26813049316405,356.88215891520184,15.640000343322754,37.82125775738921
13,2026-01-22,HON,220.23025512695312,221.12092310512466,217.40984428045599,217.71662438056165,4353300.0,3.0,6.162867954512905,221.7682902650857,185.50925642680883,65.74075713965686,181.62540066181762,54.57643196257164,200.36461385091147,196.48959503173828,15.640000343322754,37.82125775738921
13,2026-01-22,IBM,290.8587646484375,297.03777760476703,289.7334948984941,295.54732836080484,3670200.0,3.0,-1.2793585640391143,308.41008477014446,285.9606183548555,48.576638219919495,-111.1841887733446,13.60609001411141,298.8868886311849,299.6917978922526,15.640000343322754,37.82125775738921
13,2026-01-22,JNJ,216.0918731689453,219.731474480514,215.7061543876507,216.3687986995512,13160000.0,3.0,3.7345989320069464,219.6164831014138,196.91594792885962,65.79252693322601,169.6083432500189,18.676513345216737,207.544721476237,200.61432851155598,15.640000343322754,37.82125775738921
13,2026-01-22,JPM,302.0840148925781,306.6307531542374,301.35772089620315,303.3077326815458,10535800.0,3.0,-2.8394234981264503,338.7756714237919,297.38575435745815,45.90247700376903,-118.22678655931192,20.868897317390722,316.0622955322266,310.82231089274086,15.640000343322754,37.82125775738921
13,2026-01-22,KO,71.37920379638672,71.54804105090786,70.95213995552565,71.33947604638877,13962800.0,3.0,0.41341945501015687,72.16676256303214,67.07978513594247,56.429455503792674,164.18725289008876,22.627604022186553,69.67458648681641,69.72647272745768,15.640000343322754,37.82125775738921
13,2026-01-22,MCD,304.3299255371094,305.9210432062402,303.25593856057213,304.4492540513863,2809400.0,3.0,-0.8299702326950751,311.6282057652794,298.7838852991737,49.39631023679201,-53.21604714330759,1.9448382544801235,307.933144124349,304.9508977254232,15.640000343322754,37.82125775738921
13,2026-01-22,MMM,159.08969116210938,160.94175451655582,154.7021634728047,155.05871196423246,5559600.0,3.0,-0.7245599122377087,170.45100981527864,153.3548861808151,47.625035899274266,-85.9556750682743,17.325112318316215,162.17811533610026,163.8628921508789,15.640000343322754,37.82125775738921
13,2026-01-22,MRK,108.37727355957031,110.50153898016902,107.79160749266278,109.96550832637766,9362600.0,3.0,2.524213127621408,111.52083551039502,103.5948543394585,61.63314713619615,72.1565316478027,31.668158199506475,104.61787236531576,98.38640937805175,15.640000343322754,37.82125775738921
13,2026-01-22,MSFT,449.1398620605469,450.8323067932568,442.7284117030413,445.6354487179439,25349400.0,3.0,-9.089430238227578,498.52144269012484,443.23066607452364,38.28730938106708,-193.9395869091182,50.239708113071444,473.6968271891276,485.57672424316405,15.640000343322754,37.82125775738921
13,2026-01-22,NKE,64.45166015625,65.52487381727938,64.24489587554646,64.40243485810467,11853700.0,3.0,0.403975637711369,67.33291806098235,57.99828082207429,51.09866228604553,55.406610505848846,7.066625400497404,62.994454574584964,62.78105360666911,15.640000343322754,37.82125775738921
13,2026-01-22,NVDA,184.82998657226562,186.15991637882954,183.92003219020145,184.7399951080077,139636600.0,3.0,-0.1183307105653455,191.98052189647132,180.72230555714196,50.50110191088929,15.64179666463735,1.8822668569495513,183.84671579996746,186.39566396077473,15.640000343322754,37.82125775738921
13,2026-01-22,PG,147.76034545898438,148.72617463905098,145.36551737403482,145.93712595877486,18501900.0,3.0,0.6730987458623474,146.90414027749932,136.3418100398835,55.16268127922916,195.93969467059742,32.141261276021,141.5193303426107,143.3857571919759,15.640000343322754,37.82125775738921
13,2026-01-22,SHW,348.9516296386719,360.5856750586357,348.46398486095427,356.70434942532614,1772400.0,3.0,6.327738303055753,366.275228963847,311.6580748691608,54.86731701093155,110.50702929041427,24.136047069061007,334.1153188069662,335.35721384684246,15.640000343322754,37.82125775738921
13,2026-01-22,TRV,277.46966552734375,277.67889511835733,268.5222346651313,270.08654589014,1663200.0,3.0,-3.7307880486130784,298.45789764654796,264.112610165952,48.223927419887566,-86.45572629519054,8.566961608733497,282.9852305094401,281.53482615152996,15.640000343322754,37.82125775738921
13,2026-01-22,UNH,351.7355041503906,352.21181217559,344.0948923460704,344.5017331063574,7491400.0,3.0,3.503050024212996,351.0220875827647,319.3035960109853,57.09913580764701,186.6782385344598,14.445478631811854,333.1949778238932,329.44727884928386,15.640000343322754,37.82125775738921
13,2026-01-22,V,325.0146179199219,327.0362787420332,322.6643612347819,325.11421176408993,6938700.0,3.0,-4.591231062161796,367.58616676766616,316.77494163077137,42.13965526316739,-114.533963336085,39.878526145647605,341.9641153971354,337.16619160970055,15.640000343322754,37.82125775738921
13,2026-01-22,VZ,38.894989013671875,39.10187635354398,38.668397580739835,38.73736002736387,18880500.0,3.0,-0.14977202409406942,39.639048241843646,38.32053885532432,48.152426323183334,-36.88998437820732,15.21798167065439,39.0212589263916,39.104848607381186,15.640000343322754,37.82125775738921
13,2026-01-22,WMT,117.36469268798828,119.04801373249136,117.185403201674,118.81892625508576,24547300.0,3.0,2.0538909370279725,121.64869539532305,107.78269880023359,59.43140139979065,89.21438918973895,26.013919774732553,114.6398531595866,109.79350001017252,15.640000343322754,37.82125775738921
14,2026-01-23,AAPL,247.58001708984375,248.94748685874615,244.22624741136653,246.86136630134166,41689000.0,4.0,-6.231955105214695,279.59410014679116,242.53783192107988,36.688058020837396,-144.76400258551357,58.12537322782839,265.3689692179362,269.22378463745116,16.09000015258789,33.55582139177484
14,2026-01-23,AMGN,339.8115539550781,344.2273900537002,336.9235325939926,341.22106239105085,2024900.0,4.0,3.5818326792540347,341.02245818073095,312.9306881815737,58.99155962134654,221.17242342470374,22.500395550817125,324.54375915527345,322.39220530192057,16.09000015258789,33.55582139177484
14,2026-01-23,AMZN,239.16000366210938,240.4499969482422,234.57000732421875,234.9600067138672,33778500.0,4.0,1.364928421798254,248.7593231316717,224.72767638004706,53.64734293805784,57.379084358668806,1.7283928015672523,233.4723327636719,233.9023333231608,16.09000015258789,33.55582139177484
14,2026-01-23,AXP,360.5501708984375,362.60367657121776,357.1210092966014,361.58690195563105,2801800.0,4.0,-2.7485810918527704,388.36667793062935,348.410757372105,49.65795070011644,-93.72222284028375,8.589887760071681,371.4812906901042,365.13440806070963,16.09000015258789,33.55582139177484
14,2026-01-23,BA,252.14999389648438,253.77000427246094,249.02000427246094,252.74000549316406,7078700.0,4.0,11.185976346554412,260.53718176424496,208.28881921231752,70.46369639682872,123.4383057492651,67.06627751078948,225.55500132242838,210.65150095621746,16.09000015258789,33.55582139177484
14,2026-01-23,CAT,625.4293212890625,645.2715511220819,622.3851289393759,642.8960686125528,2267800.0,4.0,15.881598729429697,665.3727064003162,560.4196642051525,58.1234637239873,80.21159623044483,13.797211629060829,603.9778218587239,585.2763458251953,16.09000015258789,33.55582139177484
14,2026-01-23,CRM,227.4810791015625,230.27409689230103,226.084562595832,226.21424315112648,9408000.0,4.0,-7.855732170436767,283.08308348478147,214.29597535310916,41.40749786631688,-139.47072431556919,30.631907432133694,252.23422444661458,247.15304641723634,16.09000015258789,33.55582139177484
14,2026-01-23,CSCO,74.18799591064453,74.66541230466031,73.31274137460447,73.55144577747427,13125500.0,4.0,-0.570083132239219,77.60917665926408,72.18341672452499,49.93421933047738,-75.51637480772919,11.494223751946025,75.67354329427083,75.09278844197591,16.09000015258789,33.55582139177484
14,2026-01-23,CVX,163.60638427734375,165.29426322774836,163.3316146783309,164.81340894256584,8368700.0,4.0,3.9841220396720587,169.5426912499131,144.51640146248923,61.43023060560046,106.2666037630546,52.240550618506596,153.55435028076172,151.26747283935546,16.09000015258789,33.55582139177484
14,2026-01-23,DIS,110.9800033569336,112.94999694824219,110.55000305175781,112.69000244140625,10819800.0,4.0,0.39945043755673737,116.03027877810631,110.55972137448158,49.51987666352506,-52.800792565385116,0.029562484785029645,112.56698506673177,109.90751152038574,16.09000015258789,33.55582139177484
14,2026-01-23,GS,910.0587158203125,928.1929365850489,908.2462669762169,925.1128072316803,3872600.0,4.0,19.674566585226444,975.4444462121022,870.1301509558665,55.9827769362239,16.1636701714242,10.658062656121963,909.0032470703125,851.7478057861329,16.09000015258789,33.55582139177484
14,2026-01-23,HD,381.2212829589844,381.81730428194743,376.6915694083111,378.96636947208333,3138300.0,4.0,7.960207676457458,393.3789675707267,328.99055757575775,57.866143798679744,125.11199777975798,26.428752479358568,357.5429402669271,356.8983144124349,16.09000015258789,33.55582139177484
14,2026-01-23,HON,219.16148376464844,221.0021795165206,218.30050318526997,219.66618506258706,3819900.0,4.0,6.402466698349599,223.65012480072969,186.196478592825,64.6922760594878,160.3266110632898,54.57643196257164,201.39678853352865,196.81884002685547,16.09000015258789,33.55582139177484
14,2026-01-23,IBM,288.6575927734375,290.5330122094406,286.04187381352284,290.2665152250637,3298400.0,4.0,-1.7727170186706758,308.3938616062644,284.85750863299336,47.75340981735417,-165.7989059073065,20.362145632977313,298.2933329264323,299.38032582600914,16.09000015258789,33.55582139177484
14,2026-01-23,JNJ,217.7237548828125,218.78201786558222,215.44899653785455,217.38749032599776,6950600.0,4.0,3.8971294022278755,220.84209153048107,197.11057723172598,66.95894145525745,154.32622442904616,17.64452769757524,208.210004679362,201.12599411010743,16.09000015258789,33.55582139177484
14,2026-01-23,JPM,296.2041015625,300.8304191049288,295.000271015744,300.4623078902987,11107900.0,4.0,-3.776406971642359,339.48487228568285,294.0155305463484,43.48769845242152,-166.17960002298614,29.54528050071113,316.0145202636719,310.73833719889325,16.09000015258789,33.55582139177484
14,2026-01-23,KO,72.3823013305664,72.56107241755649,71.28981472220197,71.52817364575755,18307100.0,4.0,0.5442662725970138,72.59527350133031,66.95021828944117,59.19103111579213,209.57783894218213,33.315759486899786,69.76695149739584,69.78124046325684,16.09000015258789,33.55582139177484
14,2026-01-23,MCD,307.53204345703125,307.7906088072057,303.6636387556189,304.3995485181048,2350200.0,4.0,-0.561843719561864,311.3834178466786,298.87055554199327,51.63425303626725,-22.551758172856697,5.006064685403514,307.88209533691406,304.9691151936849,16.09000015258789,33.55582139177484
14,2026-01-23,MMM,161.12002563476562,162.69479033079787,158.34688741684562,158.34688741684562,4461300.0,4.0,-0.7161137674627298,170.4458006195651,153.61066910699742,49.37351907476632,-29.65920471867849,11.117520820194558,162.09855244954426,163.78036626180014,16.09000015258789,33.55582139177484
14,2026-01-23,MRK,107.38462829589844,108.28793376315818,106.42175881690113,108.28793376315818,10489500.0,4.0,2.2616040776410102,111.36477384072951,104.06260729330369,59.97303494038193,44.03916459987487,21.15289320434427,105.01860758463542,98.73260790506998,16.09000015258789,33.55582139177484
14,2026-01-23,MSFT,463.8841857910156,469.01134678020316,448.5325382185013,449.8665935761158,38000200.0,4.0,-8.143432968087723,496.8508573835504,442.8205171281684,44.36602397122972,-88.80069141529773,15.943228832961665,472.83168029785156,484.50521087646484,16.09000015258789,33.55582139177484
14,2026-01-23,NKE,64.03813171386719,64.44181221164663,63.447375551920196,64.24489599495503,11243900.0,4.0,0.40018457932630014,66.7134091117728,59.37592919083949,50.40464899340551,30.105647714760522,0.8714645531421924,63.050576782226564,62.729938697814944,16.09000015258789,33.55582139177484
14,2026-01-23,NVDA,187.6598358154297,189.58973923983262,186.80989099781206,187.48984685190618,142748100.0,4.0,0.1445971303177771,191.78025813866438,180.76857608985122,52.10910493688886,63.19670535900227,10.420578500167656,183.93671061197918,186.3321782430013,16.09000015258789,33.55582139177484
14,2026-01-23,PG,149.02780151367188,150.51659080010117,148.68042643368705,149.712647008589,14562600.0,4.0,1.0955702210041238,148.24135102497678,135.796576221117,56.54896578374932,242.70013826123963,38.06793794783261,141.89994354248046,143.3771509806315,16.09000015258789,33.55582139177484
14,2026-01-23,SHW,346.8517150878906,346.90149397388245,341.94532099610615,345.0802366966491,2142100.0,4.0,5.840422424057522,366.5568674669206,313.81172384167314,53.89068626955242,61.38958035843037,8.289541584980302,335.02361551920575,335.57655181884763,16.09000015258789,33.55582139177484
14,2026-01-23,TRV,276.71240234375,279.60187474167316,273.3944973310254,277.93795071419515,1679100.0,4.0,-3.3782414394961506,297.1490471965413,263.95280827220876,47.68575415982707,-64.53757976737961,2.0977916703543644,282.97393798828125,281.67506917317706,16.09000015258789,33.55582139177484
14,2026-01-23,UNH,353.5116882324219,355.1092535612803,350.26689484175847,351.5469517834556,9082200.0,4.0,4.440124950102472,353.3752830732573,320.07213208787545,57.639070082253994,200.1360779820677,18.55998888298957,334.27524617513023,329.3269510904948,16.09000015258789,33.55582139177484
14,2026-01-23,V,324.8353576660156,326.44867456197824,323.28179099643876,324.5166695307759,5667900.0,4.0,-4.883112249855287,366.92360290509106,314.7287194826043,42.05285988655276,-114.58552377921632,39.8785261456476,341.9534932454427,336.81842447916665,16.09000015258789,33.55582139177484
14,2026-01-23,VZ,38.93439865112305,38.97380683871191,38.48121576836598,38.86543620192835,21849400.0,4.0,-0.13098347403750665,39.635819063135685,38.351431455663146,48.369835897496266,-55.44422774802554,19.809424274858813,39.02337862650553,39.12059555053711,16.09000015258789,33.55582139177484
14,2026-01-23,WMT,117.26509094238281,118.14161311182713,116.6774168838822,117.70334822747184,20806900.0,4.0,1.9223441514633492,121.77436388916054,108.33733349853476,59.2482486884502,70.13412543864774,21.6293571387392,114.73627344767253,110.0171553293864,16.09000015258789,33.55582139177484
15,2026-01-26,AAPL,254.93637084960938,256.08423219515316,249.33677343540953,251.01365072947274,55969200.0,0.0,-5.74062979159217,277.9277143619544,242.36763323326045,43.95883684501177,-87.1248935982409,28.804844814241665,264.5914148966471,269.0020393371582,16.149999618530273,24.407347369333586
15,2026-01-26,AMGN,344.6807861328125,345.41017620383036,338.6977300496057,339.7622761817949,3116100.0,0.0,4.434343951436688,343.86779498103266,311.6358183002173,60.713638715668864,225.01087134633585,24.175687534644734,325.6710439046224,323.3724355061849,16.149999618530273,24.407347369333586
15,2026-01-26,AMZN,238.4199981689453,240.9499969482422,237.5399932861328,239.97999572753906,32825500.0,0.0,1.4002737602702666,248.9021123883841,225.18888645194792,53.20303002307167,63.38906298165804,0.46894599812234905,233.69366607666015,234.05516662597657,16.149999618530273,24.407347369333586
15,2026-01-26,AXP,362.1052551269531,363.7201449967772,359.52342089512996,361.04859804123106,2131200.0,0.0,-2.6383303546860475,386.6731414322,348.20920414885467,50.22920739215769,-74.23135417228015,6.717807577684126,371.0995798746745,365.18458658854166,16.149999618530273,24.407347369333586
15,2026-01-26,BA,248.42999267578125,251.58999633789062,247.41000366210938,251.49000549316406,8469200.0,0.0,10.777201996188978,261.58928715794144,210.26371271998823,67.20980120385188,104.45029215348428,59.65544642065921,227.21200103759764,211.0698341369629,16.149999618530273,24.407347369333586
15,2026-01-26,CAT,634.7116088867188,637.7857733335521,618.0832929936029,626.8066755140387,2532900.0,0.0,15.238198208386962,666.6910161437158,564.4434443055029,59.515614738218645,73.00557712636125,10.175203121500655,604.7099751790364,587.1506815592448,16.149999618530273,24.407347369333586
15,2026-01-26,CRM,228.82769775390625,230.37383393211957,227.02221569072847,228.8576216936821,7239600.0,0.0,-7.860490933586448,281.5307157029242,212.27128625020077,42.09265199449644,-119.33067086948174,30.39794717034131,251.09127502441407,246.74655888875324,16.149999618530273,24.407347369333586
15,2026-01-26,CSCO,76.59496307373047,77.0027494666021,75.23234384409157,76.05787244865259,24714400.0,0.0,-0.34242577417506936,77.48574683201373,72.24769433009565,55.42004209302458,30.36774579083378,14.042326162867544,75.58028666178386,75.17196820576986,16.149999618530273,24.407347369333586
15,2026-01-26,CVX,164.37181091308594,165.26481956907674,163.65544840744766,165.1863118326778,8912600.0,0.0,3.9763194942572397,169.9728493327701,145.75449289135102,62.06205871364486,101.07359414452806,52.240550618506596,154.0806671142578,151.51398773193358,16.149999618530273,24.407347369333586
15,2026-01-26,DIS,111.30999755859375,112.41000366210938,111.12999725341797,111.68000030517578,8859800.0,0.0,0.2730974780206452,115.9489482746394,110.32405129811451,49.97333063347261,-59.692873775512204,0.029562484785025232,112.67403106689453,109.91435038248697,16.149999618530273,24.407347369333586
15,2026-01-26,GS,922.9140625,924.7760192007825,909.1673066619076,909.5931713770888,2655900.0,0.0,17.57479351313168,975.5761135070225,872.0862461121183,57.49185552518285,22.1377228602304,10.658062656121961,910.4102742513021,854.1194407145182,16.149999618530273,24.407347369333586
15,2026-01-26,HD,383.9629821777344,384.8470860756858,379.41341213614703,382.4431444008933,3984800.0,0.0,8.331888668237923,395.9157668968109,330.34673310318914,58.81766370286417,125.53033110205888,30.460279607243162,358.71510416666666,356.9522694905599,16.149999618530273,24.407347369333586
15,2026-01-26,HON,218.86459350585938,219.5276377926551,217.43953678779502,219.06251469438638,3703900.0,0.0,6.4935403750321825,225.2101742518194,187.03428223011417,64.39713688912462,136.53759386522222,49.70859908469563,202.35672098795573,197.15333582560223,16.149999618530273,24.407347369333586
15,2026-01-26,IBM,292.49725341796875,292.9809362396839,289.34854060293065,289.36827107862496,3726900.0,0.0,-1.83275180186763,307.9678343102449,284.4711763098723,49.303763392694165,-104.22542204668085,14.040726650152191,297.7557098388672,299.1413553873698,16.149999618530273,24.407347369333586
15,2026-01-26,JNJ,219.05894470214844,219.59301105490832,217.58529341839787,217.79299511138254,6856700.0,0.0,4.086567227422336,222.21288057848514,197.09574063733518,67.88578582666727,157.57324899747192,19.990020765742116,208.70286865234374,201.7151123046875,16.149999618530273,24.407347369333586
15,2026-01-26,JPM,299.5072021484375,300.243424572115,295.9354850066467,296.2936374196168,11752700.0,0.0,-4.20397965233775,338.96063063285897,291.88815476753166,45.16410839711949,-150.5800945583053,29.54528050071113,315.75990905761716,310.68944091796874,16.149999618530273,24.407347369333586
15,2026-01-26,KO,72.06448364257812,72.79943562096643,72.0446235570537,72.36243796649697,14017400.0,0.0,0.615226142917038,72.89537876193597,66.89343959743903,57.98641581579633,199.17340233368046,35.55492634447904,69.8447499593099,69.82906735738119,16.149999618530273,24.407347369333586
15,2026-01-26,MCD,311.2115173339844,312.6136578183869,308.24806085674487,308.27789298730556,3385000.0,0.0,-0.05185102855170953,311.2841197545167,298.9320667689208,54.04985483822969,44.77083199587259,20.040604737363445,307.962314860026,305.1079676310221,16.149999618530273,24.407347369333586
15,2026-01-26,MMM,157.99032592773438,161.29829418179415,157.96061481444698,160.4465403384616,3891000.0,0.0,-0.950998231604899,170.4782337340681,153.49702261358811,46.87797687911726,-61.9258732733768,12.211568509732688,161.8958480834961,163.67148361206054,16.149999618530273,24.407347369333586
15,2026-01-26,MRK,106.61036682128906,107.62286416513305,106.272862657807,107.00742742461456,9903200.0,0.0,1.9683185325007315,111.32394991233615,104.19773358986113,58.69730689281875,30.959732909688466,20.03901811333234,105.36958414713541,99.08181393941244,16.149999618530273,24.407347369333586
15,2026-01-26,MSFT,468.19500732421875,472.1474075016215,459.9517180089597,463.2470406576191,29291200.0,0.0,-6.965581161562056,494.89619253305534,443.00905038686653,45.975507042730655,-40.24222185104727,11.259630571795363,472.55690409342446,483.33081919352213,16.149999618530273,24.407347369333586
15,2026-01-26,NKE,63.988895416259766,64.62888435343531,63.78213114644091,63.81166782614764,14765900.0,0.0,0.38872618700091977,66.46475430474946,60.11589755071928,50.32046952053842,35.124277895199775,2.2891256665442077,63.02432085673014,62.69691797892253,16.149999618530273,24.407347369333586
15,2026-01-26,NVDA,186.4599151611328,189.1097657209082,185.97994539629804,187.1498802806874,124799600.0,0.0,0.25322672975156024,191.56510190661905,180.76974458996298,51.37700129199874,47.0280479355994,7.989780953478673,184.02637278238933,186.0897112528483,16.149999618530273,24.407347369333586
15,2026-01-26,PG,148.3727569580078,149.75236786197235,147.41000526839778,148.9980382071651,12655700.0,0.0,1.361826993714601,149.15951413849004,135.47577944061155,55.629409382571446,194.62390261852042,29.489699724254166,142.25248006184896,143.36370493570965,16.149999618530273,24.407347369333586
15,2026-01-26,SHW,346.6626281738281,347.906644772805,344.33383274512335,346.961210380482,1475600.0,0.0,5.376980857064552,366.6709765328842,315.98461428742826,53.80148028321164,62.23463394301475,10.179479304349202,335.75542907714845,335.488747660319,16.149999618530273,24.407347369333586
15,2026-01-26,TRV,280.68792724609375,283.1190771822966,278.0475477189884,278.4361473660939,1433900.0,0.0,-2.746395341117932,295.51939063969246,264.3738649755419,50.67523292925697,-24.957000607480293,8.555742286735367,283.0855316162109,281.9181264241536,16.149999618530273,24.407347369333586
15,2026-01-26,UNH,348.9273376464844,352.05303136197875,344.5910239544544,351.21951505665726,10399500.0,0.0,4.757997566663505,354.46896175785076,321.36589541988366,55.765150953879676,138.15761956151286,7.712644785258563,335.0449289957682,329.0996622721354,16.149999618530273,24.407347369333586
15,2026-01-26,V,327.13580322265625,330.63134311164293,323.69007544570655,326.6478329536713,7540200.0,0.0,-4.872634762762345,365.54446350605684,313.45383971659936,43.59517487709632,-100.32352924090672,26.404242758693382,342.0451131184896,336.5242385864258,16.149999618530273,24.407347369333586
15,2026-01-26,VZ,39.03291320800781,39.21024628420047,38.94424666991148,39.09202548612917,21081800.0,0.0,-0.10691169980821513,39.63502607475085,38.3510041223927,48.92368443752121,6.310997127994626,11.645366098825267,39.03588358561198,39.13653176625569,16.149999618530273,24.407347369333586
15,2026-01-26,WMT,117.17544555664062,118.380666421838,116.92643279277506,117.34477241224526,19552200.0,0.0,1.7902221758596397,121.87723338424512,108.83508274734668,59.078731869932554,68.6859599278809,22.977487475081272,114.89199752807617,110.26085395812989,16.149999618530273,24.407347369333586
16,2026-01-27,AAPL,257.7910461425781,261.4642450011371,257.73115984508394,258.6894015269614,49648300.0,1.0,-5.062544638840961,276.1466704501842,242.6384812221791,46.428547566740896,-40.65771551117584,12.060451971996203,263.93396962483723,268.81623764038085,16.350000381469727,73.27427962834443
16,2026-01-27,AMGN,346.28741455078125,348.189760445877,341.96028603331956,343.57680778156356,3269600.0,1.0,5.179896144449856,346.7843990102368,310.5318699106616,61.2687997994766,221.01602832445593,28.081138032608944,326.786171468099,324.38466288248696,16.350000381469727,73.27427962834443
16,2026-01-27,AMZN,244.67999267578125,244.8800048828125,238.0800018310547,239.69000244140625,38029200.0,1.0,1.911381222464371,249.77710480608286,225.52989287458118,56.36554466484053,96.50530437804815,8.997324790832966,234.17366587320964,234.2948331197103,16.350000381469727,73.27427962834443
16,2026-01-27,AXP,358.3172302246094,362.27472025961134,354.6488043711492,362.1152208380345,1916000.0,1.0,-2.824063753905534,385.24082839210615,347.57251999656575,48.83285606901366,-92.90468079423917,13.664560799280562,370.2825998942057,365.2182139078776,16.350000381469727,73.27427962834443
16,2026-01-27,BA,244.55999755859375,254.35000610351562,238.75,242.5,20509200.0,1.0,10.025402515800124,261.54004774530233,213.12495164434608,64.02782114810391,84.13000835756928,27.20991973873964,228.67366739908854,211.58616739908854,16.350000381469727,73.27427962834443
16,2026-01-27,CAT,637.6959228515625,642.9060355381346,632.0267232406292,638.7838784489842,1827500.0,1.0,14.798519732305294,667.6589717541146,569.1916874255728,59.95834616387719,89.20495998207947,13.671235329020934,605.2010498046875,588.0620574951172,16.350000381469727,73.27427962834443
16,2026-01-27,CRM,227.95986938476562,235.1518888025041,225.70551304056352,231.36136587786606,9838400.0,1.0,-7.843869538907683,279.49277581634664,210.56359625396587,41.767045942527936,-103.1350353441425,19.44296302771091,249.9808115641276,246.37208251953126,16.350000381469727,73.27427962834443
16,2026-01-27,CSCO,78.2559585571289,78.4847223229955,76.63474608868768,76.77399095894515,17756700.0,1.0,-0.02765839497421041,77.74103295686113,72.08550512907637,58.6541482120691,106.12706085286814,25.592974882055465,75.57471440633138,75.30010159810384,16.350000381469727,73.27427962834443
16,2026-01-27,CVX,165.8928680419922,166.18726831279383,163.53768084939895,164.63677419547037,9784900.0,1.0,4.046230097229568,170.31589139441758,147.27891146202774,63.298024786158976,100.6107971410097,54.515919810484206,154.68025614420574,151.7701639811198,16.350000381469727,73.27427962834443
16,2026-01-27,DIS,110.61000061035156,111.80000305175781,110.02999877929688,111.5,8956900.0,1.0,0.1151505596864979,116.00965129760002,109.96834858032966,49.00730921959254,-110.45084313283901,7.064265033727346,112.67066650390625,109.93286476135253,16.350000381469727,73.27427962834443
16,2026-01-27,GS,920.7946166992188,924.4393417271565,911.5542286469977,915.1295579749972,2012500.0,1.0,15.560317013700114,975.3257733806021,874.5828142658823,57.15764102195091,20.32712691290493,10.65806265612194,911.0272928873698,856.6040720621745,16.350000381469727,73.27427962834443
16,2026-01-27,HD,377.83392333984375,383.93316067638693,375.7578071695762,382.39346672460346,3466100.0,1.0,8.03921365571864,397.1908101370465,332.1093790719379,55.898336389095384,97.41573229080205,21.848493523425457,359.47336730957034,357.0308995564779,16.350000381469727,73.27427962834443
16,2026-01-27,HON,218.6171875,220.46777401206924,217.8254876481716,219.03282652461573,3520800.0,1.0,6.471157843475282,226.44285345064134,188.13117303861645,64.14486210485535,125.78805027882082,51.49170313558841,203.24935913085938,197.50719655354817,16.350000381469727,73.27427962834443
16,2026-01-27,IBM,290.0592041015625,293.4843243713551,289.47683876867563,293.3165400179604,2954900.0,1.0,-2.0533898048051356,307.4810996368851,283.84943625178676,48.36113144080078,-106.04977866336678,12.739154756070029,297.2003204345703,298.9330846150716,16.350000381469727,73.27427962834443
16,2026-01-27,JNJ,221.9765625,223.0249255892691,218.27760708174557,219.56334137834915,8154100.0,1.0,4.421161048956947,224.00873230314482,196.9624377408005,69.80073761319623,167.92031709221342,29.121463244005447,209.1785893758138,202.3582628885905,16.350000381469727,73.27427962834443
16,2026-01-27,JPM,298.7809143066406,300.4324657566407,296.6319086980451,299.7957098597862,11527400.0,1.0,-4.549001384965095,338.3475872438176,289.90174747297925,44.861402894302756,-138.4156301323551,29.06444226825063,315.24107055664064,310.62596333821614,16.350000381469727,73.27427962834443
16,2026-01-27,KO,73.0477294921875,73.05765574645625,71.77646425750685,71.945309084889,13239200.0,1.0,0.7422459251261699,73.37951580625834,66.77478946107566,60.5555438969181,199.12259571258642,30.29350176154252,69.99173940022787,69.92303352355957,16.350000381469727,73.27427962834443
16,2026-01-27,MCD,312.38494873046875,312.8125527093644,309.3121179515389,310.58500607693423,2506600.0,1.0,0.44191385248404913,312.0658910861335,298.49338015410086,54.79471018624231,54.752114924885795,20.594604942918135,308.10883076985675,305.3331019083659,16.350000381469727,73.27427962834443
16,2026-01-27,MMM,156.534423828125,159.3768978767421,156.40566559318063,158.11907197854313,4661100.0,1.0,-1.240327272920382,170.60470965500807,152.97141034010914,45.76482255479733,-93.28819862663336,16.62756366131749,161.54755299886068,163.57449544270833,16.350000381469727,73.27427962834443
16,2026-01-27,MRK,107.12654113769531,107.55337996426314,106.05447977236665,106.70963090894566,7907100.0,1.0,1.7572817285571318,111.29742858155113,104.33741715209145,59.29446257302084,28.581547047628845,18.333295284287985,105.69216384887696,99.44700444539389,16.350000381469727,73.27427962834443
16,2026-01-27,MSFT,478.4493103027344,480.72916597612596,471.0622242712429,471.5998386603028,29213900.0,1.0,-5.145375877119761,493.76806189368875,443.4273421590456,49.5658842897181,31.280226893165317,0.4980427517003047,472.46099751790365,482.3359446207682,16.350000381469727,73.27427962834443
16,2026-01-27,NKE,62.1181640625,63.831362817779954,61.91139979636119,63.75259333204947,13536700.0,1.0,0.2260867552551744,66.22995570261465,60.56336895864025,47.22078092108278,-8.570135603154183,11.274835883520065,62.87170855204264,62.66663455963135,16.350000381469727,73.27427962834443
16,2026-01-27,NVDA,188.50979614257812,189.9897117301412,185.6899415183402,187.22986667366473,143711600.0,1.0,0.4989728847537265,191.1913491773792,180.94250854967157,52.55501049813646,58.360716053594125,10.229545115933854,184.27935943603515,185.78125330607097,16.350000381469727,73.27427962834443
16,2026-01-27,PG,147.23133850097656,148.5216256392456,146.82439910868234,146.96336732095224,9546000.0,1.0,1.4638600071723147,149.73374646429014,135.36013476129583,54.045215738599715,150.44571344924776,25.643198634235244,142.5360895792643,143.37394154866536,16.350000381469727,73.27427962834443
16,2026-01-27,SHW,344.4233703613281,347.2796577529799,343.6769604624793,346.314299735609,1456500.0,1.0,4.773979224297307,366.35025610053395,318.3594515410676,52.732126400637085,51.365949054554875,8.615844877676743,336.3120839436849,335.50792236328124,16.350000381469727,73.27427962834443
16,2026-01-27,TRV,280.24951171875,282.7404414541041,278.48594441258786,282.4016786589188,1394000.0,1.0,-2.255034589970194,294.07912764908787,264.733064123373,50.34701377147831,-25.971392038992807,8.555742286735365,283.0320587158203,282.1575154622396,16.350000381469727,73.27427962834443
16,2026-01-27,UNH,280.5191650390625,297.189551826661,278.23688987744464,291.702213399879,65836900.0,1.0,-0.5042413328240514,365.92302829132177,305.03673123016256,37.13059035674663,-400.9856959079706,49.745981368863426,333.25782267252606,327.93889668782555,16.350000381469727,73.27427962834443
16,2026-01-27,V,323.9191589355469,327.5740127198232,323.5705956960795,327.1258860334559,6365800.0,1.0,-5.065495708738013,364.07098493549404,311.9655812266153,41.97900306559919,-104.92814030904123,26.62008497060236,341.36891276041666,336.2695373535156,16.350000381469727,73.27427962834443
16,2026-01-27,VZ,38.737361907958984,39.09202808391296,38.60928717593746,39.07232398989644,26108800.0,1.0,-0.11041042256913158,39.61382053984559,38.32593966828429,47.347383209569465,-54.061692236228936,19.910100713010735,39.02885284423828,39.13317788441976,16.350000381469727,73.27427962834443
16,2026-01-27,WMT,116.47821044921875,117.1654804957765,115.02397685022356,117.03599659697956,22968600.0,1.0,1.6106865205825045,121.86343323544507,109.36682952090258,57.74932250985256,33.70807172259668,7.278403369848515,114.94694671630859,110.50469449361165,16.350000381469727,73.27427962834443
17,2026-01-28,AAPL,255.96444702148438,258.3799421919039,254.03801819206552,257.1721946066941,41288000.0,2.0,-4.619300136928416,274.006781625734,243.04957976342618,45.11257643511188,-59.294430526383444,19.71867628122063,263.20732065836586,268.5717394510905,16.350000381469727,23.952771085691072
17,2026-01-28,AMGN,337.3177795410156,346.9084103899157,335.12957931988655,344.0006564195306,2347800.0,2.0,4.989461637975182,347.7113904685153,310.8458421975003,56.645764251514315,138.33557185647524,12.816553814224172,327.5904825846354,325.24364420572914,16.350000381469727,23.952771085691072
17,2026-01-28,AMZN,243.00999450683594,247.77999877929688,241.52999877929688,246.3699951171875,40882700.0,2.0,2.1568201925015558,250.25036087610104,226.15063552282473,55.333570546289785,104.5886596358306,15.29288417408563,234.7343322753906,234.63066635131835,16.350000381469727,23.952771085691072
17,2026-01-28,AXP,355.8649597167969,360.4305431834633,355.42634391419824,358.10786898951096,2386500.0,2.0,-3.1330210302260184,384.63665132918317,346.43240079484025,47.94033546425451,-94.21213028977118,13.66456079928057,369.4611287434896,365.20002899169924,16.350000381469727,23.952771085691072
17,2026-01-28,BA,241.58999633789062,245.86000061035156,237.10000610351562,244.08999633789062,9999200.0,2.0,9.085213053265022,260.8806120067566,216.21838701668085,61.708405233200175,58.80756234553383,22.153926558011072,229.91400044759115,212.27800064086915,16.350000381469727,23.952771085691072
17,2026-01-28,CAT,642.0576782226562,646.0500774825832,627.7848021330749,636.7577097226922,2720700.0,2.0,14.633344491675416,667.7612610233195,575.6789184200397,60.609648605184056,85.25776398379266,9.88378561254109,606.7576070149739,589.0849639892579,16.350000381469727,23.952771085691072
17,2026-01-28,CRM,227.39129638671875,231.28156065195455,227.10201134964737,228.8177215437313,8465900.0,2.0,-7.786814502591483,277.0186544430635,209.22026462431936,41.54921246694681,-97.99422561987771,19.442963027710913,248.85537923177083,245.90198516845703,16.350000381469727,23.952771085691072
17,2026-01-28,CSCO,78.5344467163086,78.61401738007532,77.59951038773997,78.50460961446511,14022900.0,2.0,0.24148499909175314,78.13047156777813,71.85361656698748,59.16792864859242,125.16448038759324,26.513916695512922,75.62690124511718,75.40682436625163,16.350000381469727,23.952771085691072
17,2026-01-28,CVX,166.7564239501953,167.23727822712036,165.05873717677235,166.78587745384527,9200200.0,2.0,4.123780128164498,170.61702229773934,148.8364078780419,63.98708824061494,103.97260916604954,57.00817926674755,155.33250935872397,152.06628875732423,16.350000381469727,23.952771085691072
17,2026-01-28,DIS,109.55999755859375,111.43000030517578,109.0,110.27999877929688,9016600.0,2.0,-0.0936702101991358,116.08472052173826,109.43027886791018,47.580087755689064,-150.58822470728137,13.223975891133415,112.62766647338867,109.90739161173502,16.350000381469727,23.952771085691072
17,2026-01-28,GS,927.8165893554688,928.1731188352726,913.9014819286365,923.5578815932334,1674100.0,2.0,14.364855272892441,973.6258437744988,880.7029037840949,57.9945622001911,29.598434811213856,12.820584779386051,912.6399943033854,859.0891174316406,16.350000381469727,23.952771085691072
17,2026-01-28,HD,372.80755615234375,378.469713599879,371.16852014855374,377.68495163731194,3371500.0,2.0,7.317331136300766,397.4138539974397,334.65283911779466,53.63970639759173,67.69536707134034,11.932823942969321,359.9915700276693,357.0009180704753,16.350000381469727,23.952771085691072
17,2026-01-28,HON,214.39151000976562,218.9734604389355,213.94618354417645,217.7265282147827,5107500.0,2.0,6.042785201655846,226.74972578277013,189.75900987396815,59.99233552691482,92.59543642402662,31.003960257852487,204.00740915934244,197.79948806762695,16.350000381469727,23.952771085691072
17,2026-01-28,IBM,290.3553466796875,292.12220330584324,287.4928612204138,290.3652269792933,5790300.0,2.0,-2.1792299740390604,306.7680281908251,283.419487067964,48.48489088029258,-113.58972834342701,16.742552633667334,296.70415547688805,298.69948221842446,16.350000381469727,23.952771085691072
17,2026-01-28,JNJ,225.22056579589844,226.0612423044947,223.5985669004937,223.91504676014566,9026500.0,2.0,4.891704493433707,226.27100677579836,196.6940368643384,71.73904863939151,188.7125951428646,36.0265523703286,209.71068420410157,203.01534983317057,16.350000381469727,23.952771085691072
17,2026-01-28,JPM,299.2385559082031,300.38272473319716,296.53240414079806,298.74110176244625,9556700.0,2.0,-4.730970063281006,337.9455039855455,288.1621681335951,45.10124715633841,-124.55941040371887,29.212280090947996,314.69985046386716,310.50523986816404,16.350000381469727,23.952771085691072
17,2026-01-28,KO,72.56106567382812,73.11724654682519,72.07441404008694,72.71004282868971,14633700.0,2.0,0.7944820205476617,73.69738587669124,66.74493818947087,58.71709821790232,173.0803672310861,30.930334597773363,70.07582778930664,69.99853299458822,16.350000381469727,23.952771085691072
17,2026-01-28,MCD,311.06231689453125,314.522995674807,309.8789251714504,313.2501075627596,2184500.0,2.0,0.7182215318818521,312.7311747960309,298.2527241297503,53.778236514534804,61.102985318204766,25.349303154557496,307.97888997395836,305.5348744710287,16.350000381469727,23.952771085691072
17,2026-01-28,MMM,154.4446563720703,158.16859539013817,153.63251229467662,156.34624321826254,4323000.0,2.0,-1.6195798827198757,170.89275274629117,152.11091088896276,44.20613832401602,-133.17024510420092,23.92322636156213,161.11969604492188,163.41276423136392,16.350000381469727,23.952771085691072
17,2026-01-28,MRK,106.11404418945312,107.13647014287963,105.25043793521559,106.06440877347465,7491700.0,2.0,1.4911445133163994,111.28009039953878,104.38254998132061,57.60446555842225,7.528283794495564,12.065952375619196,105.9386713663737,99.80024134318033,16.350000381469727,23.952771085691072
17,2026-01-28,MSFT,479.49468994140625,481.59532063648624,475.8807787479093,481.06767161592717,36875400.0,2.0,-3.5772602457439575,492.8612110991487,443.78961897897625,49.916904157745726,46.56259711141897,1.6197372989565955,472.5638732910156,481.6200022379557,16.350000381469727,23.952771085691072
17,2026-01-28,NKE,61.28125762939453,62.50215458473394,61.01541625461844,62.078777997787085,10363600.0,2.0,0.029324445061291726,66.07356791673965,60.82117008985214,45.91193736714025,-36.42258288913918,16.91548976451575,62.70006065368652,62.62974026997884,16.350000381469727,23.952771085691072
17,2026-01-28,NVDA,191.5096435546875,192.33960048487265,189.82972650403363,191.25965707901594,148552700.0,2.0,0.9251268124621106,191.83681063115878,180.62703061639982,54.23361107296874,108.28675096286638,16.062356993777403,184.82932993570964,185.59195200602213,16.350000381469727,23.952771085691072
17,2026-01-28,PG,146.2388153076172,147.59858658033056,145.69292283643657,146.89388627303396,7465800.0,2.0,1.4479425976512346,150.10856921296713,135.36139996427895,52.69533616113308,110.32202651448463,18.38024327438775,142.7182851155599,143.35433146158854,16.350000381469727,23.952771085691072
17,2026-01-28,SHW,347.9265441894531,348.89190221773316,343.77649174149735,344.5328634997571,2525500.0,2.0,4.526593188056097,365.987346124472,321.1476941587311,54.205199318418714,56.77051428647666,11.89635977742163,337.00574645996096,335.54957427978513,16.350000381469727,23.952771085691072
17,2026-01-28,TRV,281.0167541503906,281.71419627340595,276.9814294964479,279.4225529441488,1416200.0,2.0,-1.7831624161484,292.5936752172598,265.2331070093027,50.92248115600077,-30.270533902762054,3.287662789897758,282.9234547932943,282.35841573079426,16.350000381469727,23.952771085691072
17,2026-01-28,UNH,291.7518310546875,292.6647472242202,281.5313004420569,281.5313004420569,23396900.0,2.0,-3.7252786080102283,369.7939251683814,297.7007739282983,40.50747915522868,-306.9938552682938,49.74598136886342,331.6761189778646,327.1379969278971,16.350000381469727,23.952771085691072
17,2026-01-28,V,325.632080078125,327.03627119068096,323.5407309659827,325.38311066934074,8106000.0,2.0,-5.022227860635894,362.23309635927194,311.05186152647025,43.140216089487346,-93.32336537099461,26.67754271885411,340.67677917480466,335.9812657674154,16.350000381469727,23.952771085691072
17,2026-01-28,VZ,38.826026916503906,39.269359618913995,38.77676856249646,38.826026916503906,24412500.0,2.0,-0.10482035655692812,39.588664644771676,38.31369207519902,47.8686519193352,-15.567174500484647,13.881584152638737,39.00315055847168,39.15147635142009,16.350000381469727,23.952771085691072
17,2026-01-28,WMT,116.10966491699219,116.99614970020349,115.41243225579208,116.1793881831122,16342000.0,2.0,1.4222696368620404,121.84125640657994,109.7914103719845,57.04738496912405,31.914162193017386,7.278403369848517,114.94263051350912,110.74620297749837,16.350000381469727,23.952771085691072
18,2026-01-29,AAPL,257.801025390625,259.16847988830324,253.93820707645818,257.52154586161765,67253000.0,3.0,-4.072879530348359,271.7849201592463,243.7941890326482,46.684404385862976,-48.79548122540544,17.385495022392426,262.68063303629555,268.37496922810874,16.8799991607666,145.3932375084507
18,2026-01-29,AMGN,338.0274658203125,342.2954263313031,333.89748419971846,336.7658027289887,3153100.0,3.0,4.840014002612918,348.6329233855863,311.32889607242146,56.91187374177194,108.0643243657224,10.282312534664637,328.16973164876305,326.0095708211263,16.8799991607666,145.3932375084507
18,2026-01-29,AMZN,241.72999572753906,243.0,236.74000549316406,242.82000732421875,47229600.0,3.0,2.2224283696238274,250.49947868339888,226.82151741035113,54.54179633524506,59.87714549417482,2.7431491779065924,235.3739990234375,234.58916625976562,16.8799991607666,145.3932375084507
18,2026-01-29,AXP,357.3702087402344,361.1482733004185,354.52918426011075,359.13461973963143,4217500.0,3.0,-3.219300785812777,384.05968805818867,345.6075574252098,48.53759003436941,-83.86185946000134,14.995872686378945,368.6894999186198,365.17626291910807,16.8799991607666,145.3932375084507
18,2026-01-29,BA,234.0399932861328,243.77000427246094,233.35000610351562,242.0800018310547,9142500.0,3.0,7.64278274027518,259.717425569762,218.9355727822888,56.34118244035771,32.630420468354465,11.397374530851721,230.8653335571289,212.828333791097,16.8799991607666,145.3932375084507
18,2026-01-29,CAT,663.9758911132812,678.6978629395247,641.5086552096884,653.9250189697414,4441900.0,3.0,16.085633357195547,670.3495832173485,581.9934221537453,63.68062291754067,133.56493273149565,29.272164568894965,609.3146260579427,590.5709259033204,16.8799991607666,145.3932375084507
18,2026-01-29,CRM,213.54592895507812,216.73794275889466,208.2591480064982,216.12946393842319,18555600.0,3.0,-8.757848391732836,275.20327480014737,205.864574931298,36.72433476120105,-151.90136728481755,41.56544675641774,247.52238871256512,245.13872172037762,16.8799991607666,145.3932375084507
18,2026-01-29,CSCO,78.00730895996094,79.05165311587915,77.21161745180643,78.68364446540927,22642900.0,3.0,0.40754948967308735,78.4113278258237,71.71519042368801,57.76242592793468,114.38787638484546,29.66378083066936,75.6466771443685,75.5014638264974,16.8799991607666,145.3932375084507
18,2026-01-29,CVX,167.99290466308594,171.65324000810506,167.84569703786806,169.42562971609135,16786600.0,3.0,4.236180692139925,171.00701270379048,150.2991594763853,64.96148452764308,121.37613148656939,65.50545731982322,156.03219350179037,152.31508763631186,16.8799991607666,145.3932375084507
18,2026-01-29,DIS,111.58000183105469,111.66999816894531,108.76000213623047,109.62999725341797,11079000.0,3.0,-0.0950688177456982,115.81944169952075,109.37455778168041,50.45181535053425,-114.60801735577614,13.22397589113341,112.66399993896485,109.90267244974773,16.8799991607666,145.3932375084507
18,2026-01-29,GS,931.0947875976562,946.2083003675783,916.2487021555244,928.3018525104284,2335400.0,3.0,13.526046586190432,969.6372630351714,890.2080189472506,58.38715105638605,48.357469177189856,22.505818674765823,914.3081563313802,861.6417744954427,16.8799991607666,145.3932375084507
18,2026-01-29,HD,369.3407287597656,374.58566195091487,367.69174953292077,372.41020377871445,4744500.0,3.0,6.391809243487899,396.93847406545024,337.65730840525293,52.13659846893082,47.58144725889129,5.0123360032252595,360.48228963216144,356.91249796549477,16.8799991607666,145.3932375084507
18,2026-01-29,HON,224.88150024414062,225.49506048321288,218.48854140641794,218.94377374859434,6945200.0,3.0,6.4751102992499625,228.4795313151892,191.08515526928346,65.69536189744326,134.3783208676337,44.49390004890486,204.99010314941407,198.24661051432292,16.8799991607666,145.3932375084507
18,2026-01-29,IBM,305.24029541015625,315.7624231091951,299.54493515059954,313.7487999344587,10124900.0,3.0,-1.065584852073357,307.91755996982107,282.97965682705393,54.19312792577806,159.76289007627983,26.316097539077987,296.7232381184896,298.75731862386067,16.8799991607666,145.3932375084507
18,2026-01-29,JNJ,224.79527282714844,227.47553468029685,224.58758622487807,226.29859362973275,9645300.0,3.0,5.17069146247178,228.04264501172747,196.93802973192487,71.1199656914019,171.6418846604399,38.9861898432291,210.14321746826172,203.668297068278,16.8799991607666,145.3932375084507
18,2026-01-29,JPM,304.8598327636719,305.2677184721844,300.6812055104527,300.86028172816947,11580000.0,3.0,-4.371202981601925,337.1816322392499,287.37918929395323,47.97668747648429,-81.23319308411516,16.473352159649977,314.2964833577474,310.4504720052083,16.8799991607666,145.3932375084507
18,2026-01-29,KO,72.92854309082031,73.58403197699185,72.64052260632465,72.68025035356126,20862100.0,3.0,0.8556682479963769,74.05224453869633,66.72378466662593,59.67343955254437,180.95654534784475,35.83859732348703,70.15726776123047,70.08147201538085,16.8799991607666,145.3932375084507
18,2026-01-29,MCD,313.7572937011719,315.6367786229882,310.5253480482074,311.1717311091908,3211300.0,3.0,1.1415009515195038,313.991745801016,297.73600078101526,55.51757949168642,88.08959284254627,28.33625426012655,307.8721527099609,305.8474639892578,16.8799991607666,145.3932375084507
18,2026-01-29,MMM,154.8804473876953,157.22771617267665,153.14722846925636,155.96989021180374,4137000.0,3.0,-1.8634944118551289,171.08504475868816,151.44421244346026,44.613084625250046,-133.60771293391625,25.148486972749552,160.8120091756185,163.25747426350912,16.8799991607666,145.3932375084507
18,2026-01-29,MRK,107.54344940185547,109.12176320086266,106.31256836042729,106.5408806662677,13572800.0,3.0,1.379665976857126,111.18290863517286,104.70605544563769,59.298668055010516,39.65593253795037,22.850878100772405,106.20602442423503,100.18222274780274,16.8799991607666,145.3932375084507
18,2026-01-29,MSFT,431.57806396484375,440.5381621786467,419.1533835040837,438.0392806211351,128855300.0,3.0,-6.130322034155313,493.83587117617384,437.4408927398418,37.53088937622746,-242.66986462222198,43.20479394508321,471.19264628092446,480.23711649576825,16.8799991607666,145.3932375084507
18,2026-01-29,NKE,61.63570785522461,61.97047064414548,60.513269020588645,60.97603034066811,12739400.0,3.0,-0.09689301009631635,65.84313120652342,61.19043469618654,46.560893542162546,-39.005782654229314,19.963831611620154,62.53005345662435,62.603808339436846,16.8799991607666,145.3932375084507
18,2026-01-29,NVDA,192.49957275390625,193.46952146246272,186.04992498376654,191.32963792417547,171764400.0,3.0,1.3274340502059374,192.73103564138384,180.22977826242473,54.77976871946628,95.95845478315962,4.3989347260555665,185.36996714274088,185.42581532796223,16.8799991607666,145.3932375084507
18,2026-01-29,PG,148.77967834472656,149.0079702857208,146.01053677970796,146.1891842346614,11035600.0,3.0,1.6216608512984294,150.914610553025,135.23678104853752,55.63020718804318,135.45669728967854,24.213532951378955,142.90994720458986,143.3640930175781,16.8799991607666,145.3932375084507
18,2026-01-29,SHW,352.8826904296875,353.9674995671599,340.36292147683463,347.8270206320284,2645600.0,3.0,4.676549205172876,365.88016877692985,324.0832650609608,56.202806732148986,64.24708724228988,21.392654948229474,337.87257588704426,335.7228108723958,16.8799991607666,145.3932375084507
18,2026-01-29,TRV,283.2585754394531,285.6996683458103,281.3953648550067,283.06926234625575,1764100.0,3.0,-1.2143063091417616,291.0817621330762,265.9389562507128,52.583580958252874,7.175299125105975,14.972103335046766,282.71421712239584,282.63621215820314,16.8799991607666,145.3932375084507
18,2026-01-29,UNH,290.0351867675781,293.3196499104892,286.9888624950166,292.05942772986015,13456400.0,3.0,-6.3433702783327135,372.7755501024812,290.76290509771417,40.16639545926051,-250.64371589112542,48.85046214522462,330.061669921875,326.3608907063802,16.8799991607666,145.3932375084507
18,2026-01-29,V,330.4321594238281,331.9857259727928,322.1763564041472,328.6395919878754,10214200.0,3.0,-4.548182871033873,360.1998562866456,310.9120943969481,46.258195611513315,-70.38081984992307,11.245721683937415,340.1758514404297,335.844059753418,16.8799991607666,145.3932375084507
18,2026-01-29,VZ,39.22010040283203,39.70283752293441,38.89498850882022,38.99350897284112,44347500.0,3.0,-0.06781007964305985,39.55496142212327,38.328094837032,50.138292337820204,72.501804245325,0.6580405972263392,38.9934892018636,39.16375370025635,16.8799991607666,145.3932375084507
18,2026-01-29,WMT,116.94635772705078,117.19537049018723,115.61164536502085,115.99014202925233,16381100.0,3.0,1.3251860958679202,121.77230930321946,110.40718975073563,58.23949264816439,41.84056448984273,8.673464140864109,114.96321589152018,111.01905174255371,16.8799991607666,145.3932375084507
19,2026-01-30,AAPL,258.99884033203125,261.4143357105436,251.71235892004358,254.6968198516284,92443400.0,4.0,-3.502805446900254,269.65468161118275,244.68872811782117,47.69500337232368,-42.215579772342856,10.810569061112192,262.17723642985027,268.2201001485189,17.440000534057617,166.19495876040315
19,2026-01-30,AMGN,336.982666015625,340.55080567904736,333.22724564452716,335.92798625775185,2522400.0,4.0,4.584422691312966,349.2635875970293,312.1343616217207,56.38478867032693,87.4489132979462,8.860332000741517,328.66716918945315,326.79282735188804,17.440000534057617,166.19495876040315
19,2026-01-30,AMZN,239.3000030517578,243.32000732421875,237.63999938964844,239.88999938964844,46585000.0,4.0,2.054658398992018,250.33389175783105,227.83510390867286,53.0509780261041,50.96351499317975,3.493350798559007,235.93199920654297,234.34416631062825,17.440000534057617,166.19495876040315
19,2026-01-30,AXP,351.0601806640625,354.8880755918794,343.4143386077548,353.88124878302744,5381200.0,4.0,-3.753575759533362,384.10059689762375,343.8759930681965,46.23722845984441,-130.76461911602723,29.4111833387219,367.76787821451825,365.03257649739584,17.440000534057617,166.19495876040315
19,2026-01-30,BA,233.72000122070312,234.64999389648438,229.94000244140625,233.5,6916100.0,4.0,6.400049848920929,257.92416919098724,222.3888297714151,56.12714311338948,6.343221400965978,2.614034661637699,231.76566670735676,213.3145004272461,17.440000534057617,166.19495876040315
19,2026-01-30,CAT,656.1109008789062,676.5420364273238,649.0743091405816,654.4041891286149,3300100.0,4.0,16.412747824508415,667.9970884078193,592.91232931679,61.889523184944736,121.99058832056726,29.272164568894954,611.6370279947917,592.0365000406902,17.440000534057617,166.19495876040315
19,2026-01-30,CRM,211.7603759765625,215.0122527276515,210.50352488167195,213.62572108382403,11090400.0,4.0,-9.561262663372105,272.96457735717604,202.85439847290206,36.16407124661481,-137.08115919110884,41.565446756417735,246.11892496744792,244.33026275634765,17.440000534057617,166.19495876040315
19,2026-01-30,CSCO,77.89789581298828,78.37531220259494,77.30113101718702,77.66913205398849,26458400.0,4.0,0.5242844436216245,78.6968366874634,71.59876496658934,57.4693029279371,100.27049459533097,29.66378083066936,75.68588994344076,75.57218500773112,17.440000534057617,166.19495876040315
19,2026-01-30,CVX,173.5962677001953,173.98880641583827,168.07142191363636,169.39620077265147,22946600.0,4.0,4.722960171808722,172.36676165404072,151.34267438111556,68.90555659656084,136.8381964463547,68.97258759194999,157.01842498779297,152.7167994181315,17.440000534057617,166.19495876040315
19,2026-01-30,DIS,112.80000305175781,112.94999694824219,110.98999786376953,111.36000061035156,17895200.0,4.0,0.0022408471413797315,115.72548546037477,109.37151466169554,52.09161108480972,-24.633478923268402,3.4841403814594227,112.70333328247071,109.9265640258789,17.440000534057617,166.19495876040315
19,2026-01-30,GS,926.4299926757812,937.9087547192612,914.3075069329105,924.9840474330892,1893700.0,4.0,12.342596919522862,961.0907575578059,904.3413713484441,57.59476637208308,31.23272398997366,20.959677402260628,916.1654866536459,864.1799224853515,17.440000534057617,166.19495876040315
19,2026-01-30,HD,372.1022644042969,372.62874334883867,366.1023688423251,369.93674952409896,3755600.0,4.0,5.814137564141504,395.96099918905037,341.6635338920043,53.21687439549194,43.387282008153434,1.9326381531468904,361.20777282714846,356.8905008951823,17.440000534057617,166.19495876040315
19,2026-01-30,HON,225.15858459472656,227.2070923075531,223.15954585386075,224.38668138694626,6719200.0,4.0,6.762139707961666,229.5441848461141,193.22984316902262,65.82846459107913,136.20741991428733,47.38092429412167,205.95531361897787,198.75671869913737,17.440000534057617,166.19495876040315
19,2026-01-30,IBM,302.733154296875,303.799172322983,295.85330307087577,303.6215076724423,5940700.0,4.0,-0.3809273113981817,308.75435791115126,283.1782928456847,53.16662275343625,60.77746185136608,18.990006498828237,296.83905436197915,298.81721649169924,17.440000534057617,166.19495876040315
19,2026-01-30,JNJ,224.75570678710938,225.99198680244,222.85678249451857,225.75461560662535,11045500.0,4.0,5.3271894724845765,229.50842064978923,197.47997198937094,71.06094804765783,141.34664155902988,31.05454660048262,210.7349833170573,204.36333592732748,17.440000534057617,166.19495876040315
19,2026-01-30,JPM,304.33251953125,306.36211063628633,301.0194578342246,303.6957636347891,11953200.0,4.0,-4.081584779663672,336.463049837567,286.6170435462221,47.734067101249934,-74.06324670752832,13.786809929074417,314.0231160481771,310.41613311767577,17.440000534057617,166.19495876040315
19,2026-01-30,KO,74.29911804199219,74.3885073697265,73.03779424068851,73.20663148749496,26420500.0,4.0,1.0031885847178046,74.65694321354538,66.60573912898393,62.98208378202326,199.1563016001911,43.2660915236192,70.30425694783528,70.20254084269206,17.440000534057617,166.19495876040315
19,2026-01-30,MCD,313.2501220703125,314.29427700466107,309.83918358018946,313.90645930117796,2983200.0,4.0,1.4196634328021673,315.0388702465042,297.62067260017545,55.113820310736024,77.47949789149908,25.04137618397187,307.88872680664065,306.1855397542318,17.440000534057617,166.19495876040315
19,2026-01-30,MMM,151.6913299560547,155.22708884472834,150.5424497389488,154.17725575796513,4738200.0,4.0,-2.2877616652759514,171.584118216435,150.2577946253619,42.27862160089762,-174.61793808546219,31.48033300957436,160.48055267333984,163.11987228393554,17.440000534057617,166.19495876040315
19,2026-01-30,MRK,109.45925903320312,109.72727815444277,107.15631666190049,107.79161058685978,19060600.0,4.0,1.4294306727090031,111.05533293954312,105.33094712027133,61.43541976028844,66.12759651914423,25.817258994108585,106.60308354695638,100.65338414510092,17.440000534057617,166.19495876040315
19,2026-01-30,MSFT,428.38232421875,437.65104604221966,424.5593524472701,437.2229597325442,58566800.0,4.0,-8.31565370528682,494.68281460668356,431.2845956716368,36.899191763037145,-205.01806252578024,43.2047939450832,469.66279296875,478.8138865152995,17.440000534057617,166.19495876040315
19,2026-01-30,NKE,60.857879638671875,61.55694189180872,60.08004790329873,61.28125621585293,14309200.0,4.0,-0.2567261103568086,66.01798101039867,60.828511756935306,45.32632240343126,-51.83232913405649,22.583342801202413,62.35577977498372,62.59654591878255,17.440000534057617,166.19495876040315
19,2026-01-30,NVDA,191.11965942382812,194.47947816452233,189.45974561417185,191.19965692455457,179489500.0,4.0,1.517426018686109,193.29792491739997,180.12586353474845,53.85304019746312,112.60808323792847,7.066436158567339,185.8169428507487,185.16352157592775,17.440000534057617,166.19495876040315
19,2026-01-30,PG,150.63571166992188,150.83421388895187,148.03528262295887,149.30571499844902,12651400.0,4.0,1.887344069113965,152.02143630172952,135.06991043899313,57.61722700959613,164.1415576136424,31.04018107277945,143.16084899902344,143.44338811238606,17.440000534057617,166.19495876040315
19,2026-01-30,SHW,352.94244384765625,356.28634581102716,349.3696015300629,350.37477663796227,2222200.0,4.0,4.745508759559016,364.77271480468437,328.2370660791047,56.22662147697804,79.362344063673,25.32355906544736,338.76063842773436,335.88545989990234,17.440000534057617,166.19495876040315
19,2026-01-30,TRV,283.477783203125,284.9623676259468,280.33918734609426,283.6372063583121,2389900.0,4.0,-0.737296417272205,290.0539610686576,266.4137726959908,52.74536502203537,4.032795990755739,11.16737006163486,282.544834391276,282.9335413614909,17.440000534057617,166.19495876040315
19,2026-01-30,UNH,284.7165222167969,290.690101376754,282.503744536245,289.846652494331,12022200.0,4.0,-8.746573513794885,375.7198969501297,283.5338689190109,39.11086987854486,-230.09836587821047,50.99588584206492,328.49815775553384,325.6227828979492,17.440000534057617,166.19495876040315
19,2026-01-30,V,320.5032653808594,331.6272312240268,320.2742329902072,330.8504479341279,11199100.0,4.0,-4.916997485217394,358.75030917876126,309.4855459237778,41.400309208629686,-86.63452026492463,15.475755802235048,339.4030497233073,335.60498301188153,17.440000534057617,166.19495876040315
19,2026-01-30,VZ,43.86030960083008,43.96868023822207,40.76683826299721,41.38750030923414,123584700.0,4.0,0.3321184788009077,41.44533374439128,36.879538081780595,67.4175593441867,666.9539135851977,54.68929618576009,39.14011548360189,39.25772558848063,17.440000534057617,166.19495876040315
19,2026-01-30,WMT,118.66951751708984,118.93845554717745,116.13954702285811,116.44832800552413,22215400.0,4.0,1.371481696905633,121.72357010827133,111.22587523474624,60.570937254306855,71.04889739202282,19.939659456619772,115.08672612508138,111.31382738749186,17.440000534057617,166.19495876040315
20,2026-02-02,AAPL,269.50927734375,269.98836769074944,258.72928762151224,259.5477742456141,73913400.0,0.0,-2.177808777202358,269.3863473322847,244.857245502188,55.37343252206265,35.981883888842766,9.806178061097617,262.1163497924805,268.22395146687825,16.34000015258789,101.05482033863417
20,2026-02-02,AMGN,339.7425231933594,341.02391901095245,334.54802568044363,334.6071637864411,1899900.0,0.0,4.5520885021500135,350.1463234601174,312.93121255062476,57.46134888998924,93.0592627145693,9.738524434741594,329.2805867513021,327.6155568440755,16.34000015258789,101.05482033863417
20,2026-02-02,AMZN,242.9600067138672,245.6300048828125,238.1699981689453,238.30999755859375,37546100.0,0.0,2.191765883377684,249.5779686277757,230.23702771011494,54.96880136619356,72.12721429207978,8.914865000516834,236.65499928792318,234.23816630045573,16.34000015258789,101.05482033863417
20,2026-02-02,AXP,351.71807861328125,354.1802958753626,345.9164428739498,349.2459135517423,2603200.0,0.0,-4.076909583342228,383.4904265941054,342.5024322926134,46.51065187177723,-114.9574153269891,29.4111833387219,367.0386027018229,364.91858774820963,16.34000015258789,101.05482033863417
20,2026-02-02,BA,233.02000427246094,236.2899932861328,230.3300018310547,232.63999938964844,6105300.0,0.0,5.2976234698072915,257.56023378030375,223.27776518209862,55.648730005039994,4.38356142352633,6.407854244880472,232.65533345540365,213.89733378092447,16.34000015258789,101.05482033863417
20,2026-02-02,CAT,689.5971069335938,690.0662455181919,656.1807450791478,658.5662182249329,4450000.0,0.0,19.15325852748333,677.5867832492308,592.6944728542849,66.09028123568757,155.1120130233553,35.809419261797004,615.9731567382812,594.4420562744141,16.34000015258789,101.05482033863417
20,2026-02-02,CRM,210.28407287597656,216.3489064366914,209.2765980837965,213.81524987641757,7950900.0,0.0,-10.199525799735994,272.1400937145433,199.4085619861403,35.69825837984331,-125.36342113119407,38.48278697015331,244.55902557373048,243.61172688802083,16.34000015258789,101.05482033863417
20,2026-02-02,CSCO,80.20539093017578,80.72259264488022,77.57961979048305,77.69897578347853,28238600.0,0.0,0.7938423861931483,79.58505514134325,71.16806680689893,61.708656283503714,158.25377471730914,44.29713404687705,75.85313415527344,75.71648508707682,16.34000015258789,101.05482033863417
20,2026-02-02,CVX,170.7798614501953,172.97803320479827,169.4256291664487,170.20088372481553,14235300.0,0.0,4.825846614035726,173.10728235795162,152.38129491255617,65.09559547469942,121.69483424914033,68.97258759194999,157.8201665242513,153.08208440144855,16.34000015258789,101.05482033863417
20,2026-02-02,DIS,104.44999694824219,108.61000061035156,103.75,104.01000213623047,37778500.0,0.0,-0.5876422766280172,116.99738212532596,107.35961784415646,42.20263443477451,-345.70944944218604,36.50784882470298,112.49733327229818,109.82204933166504,16.34000015258789,101.05482033863417
20,2026-02-02,GS,937.2451782226562,940.3253074824875,903.3239807815754,923.1814871937376,1802000.0,0.0,12.137486233770233,959.670442552331,908.9299724867315,58.93152215096818,30.051292870285092,12.380976463142563,918.6084737141927,866.8111053466797,16.34000015258789,101.05482033863417
20,2026-02-02,HD,375.60882568359375,377.1286634393594,365.79443586104213,371.7545886781475,4757200.0,0.0,5.575013500732609,394.93804478238275,345.8950362723047,54.5639312405407,51.77288705167876,9.927324309758351,361.915375773112,356.84914042154946,16.34000015258789,101.05482033863417
20,2026-02-02,HON,225.19815063476562,225.98985044884054,222.74389480150955,223.8918587768973,4514500.0,0.0,6.913115142961516,230.12212544422624,195.78702067393783,65.84803876740573,120.77081773342769,45.4179773366733,206.86807352701823,199.28896458943686,16.34000015258789,101.05482033863417
20,2026-02-02,IBM,310.6593017578125,312.5446014855577,302.44690517744965,303.532683832547,4581200.0,0.0,0.7921116112157733,310.86657608369313,283.3590281643538,55.89859317587091,170.25480632253107,29.364419665099867,297.21446838378904,299.0726964314779,16.34000015258789,101.05482033863417
20,2026-02-02,JNJ,228.21731567382812,228.65248870120695,224.75573125407342,225.8139943062274,8187500.0,0.0,5.665232901805695,231.43013652077397,197.8725734401635,73.08258144489724,149.15277019445605,36.965397289720855,211.4081797281901,205.10624033610026,16.34000015258789,101.05482033863417
20,2026-02-02,JPM,306.5710754394531,307.72514241386267,299.83552643648,302.9097896135357,9839400.0,0.0,-3.629587884844966,335.22548392200247,286.2748517713569,48.86959747466166,-64.27091477786195,10.396653728931787,313.8431844075521,310.4207544962565,16.34000015258789,101.05482033863417
20,2026-02-02,KO,74.8155746459961,75.18304307339208,73.89192529565193,74.49776022315152,19301500.0,0.0,1.1485336649788707,75.25976275144683,66.61967908204926,64.12931987645052,202.66140916537984,49.44481202727126,70.45852966308594,70.32087542215983,16.34000015258789,101.05482033863417
20,2026-02-02,MCD,316.760498046875,317.744988678539,313.4589340573951,317.22788831254263,3309800.0,0.0,1.9014484925322677,316.65812377419223,297.51993408713594,57.33549533722366,134.65815090959086,34.13227449977476,307.8834228515625,306.53533223470055,16.34000015258789,101.05482033863417
20,2026-02-02,MMM,151.95872497558594,152.16671789743276,149.10635208826977,152.07758455055688,5393500.0,0.0,-2.572762769215416,171.89829739680508,149.11265993962073,42.539417543600344,-182.73242875858284,34.73414621293158,160.1920130411784,163.01302490234374,16.34000015258789,101.05482033863417
20,2026-02-02,MRK,112.5364761352539,113.05264962378828,109.1416151351389,109.31037100533582,18000100.0,0.0,1.697606306685799,111.74967434462786,105.32351901474715,64.52956695547489,146.12293795789,39.478357506315994,107.07260615030924,101.15335896809896,16.34000015258789,101.05482033863417
20,2026-02-02,MSFT,421.49298095703125,428.8303011436502,420.37795134689077,428.33251789753194,42219900.0,0.0,-10.482620104341322,496.9662916431445,424.0660966625196,35.56424587870414,-202.83546063226672,45.23931839089146,467.912255859375,477.32055002848307,16.34000015258789,101.05482033863417
20,2026-02-02,NKE,61.2221794128418,61.606171250840674,60.20804673751802,60.7101890435314,11006300.0,0.0,-0.3499648694834576,66.10352029728064,60.634666729696896,46.01979264236005,-41.429023745406745,22.097919642297782,62.2405818939209,62.618509419759114,16.34000015258789,101.05482033863417
20,2026-02-02,NVDA,185.59996032714844,190.2897090701948,184.87000408758857,187.1898706566695,165794100.0,0.0,1.2086696441855054,193.07465301338533,180.02515319999355,50.32978379442715,11.306858577013818,5.713809140217975,186.30591634114583,184.94571787516276,16.34000015258789,101.05482033863417
20,2026-02-02,PG,152.0450897216797,152.58104720148043,150.1195864867234,151.28084031358154,10554900.0,0.0,2.1864212602023656,153.23849885279859,135.0835424680022,59.05752989367349,185.04729890582055,36.85592057605221,143.3733174641927,143.5601348876953,16.34000015258789,101.05482033863417
20,2026-02-02,SHW,354.6541748046875,360.6851949668634,354.33572965096516,356.67448683383486,1909800.0,0.0,4.8820053670087304,363.83067087975104,332.0174583927099,56.920787602408325,93.00111245079255,32.1989378895173,339.70310465494794,336.1206558227539,16.34000015258789,101.05482033863417
20,2026-02-02,TRV,284.5937194824219,288.27033433991863,283.4478978432813,284.872702406794,1942200.0,0.0,-0.2661479222479102,290.1236493816292,266.38792593575363,53.57947583267501,32.44808770481441,20.02787161730497,282.3575174967448,283.09034678141273,16.34000015258789,101.05482033863417
20,2026-02-02,UNH,283.3868713378906,288.1597631644659,280.1024080713407,283.813546924047,8664200.0,0.0,-10.635818016092003,377.5467172178168,276.6652456728082,38.84686004353782,-202.53566299412256,52.14468570264727,326.97532958984374,324.91114044189453,16.34000015258789,101.05482033863417
20,2026-02-02,V,332.4637756347656,333.31027767642445,322.7738756079028,323.49090869837266,8502400.0,0.0,-4.195805866557066,357.5819841456744,309.3950788426068,48.18163294965569,-52.59106397084343,10.49474696561927,339.0521687825521,335.50892639160156,16.34000015258789,101.05482033863417
20,2026-02-02,VZ,43.948974609375,44.80608199436603,43.22979211873062,43.919420348635434,64539400.0,0.0,0.6487409856275335,42.5284751097202,36.26741493544582,67.63923342926684,544.6992317912285,59.37654335386685,39.285500844319664,39.35559616088867,16.34000015258789,101.05482033863417
20,2026-02-02,WMT,123.5700912475586,123.70953778708709,118.57988094171775,119.02810087602128,31210100.0,0.0,1.7830527167086814,122.79703913568889,111.2779433167037,66.13349296766407,152.20160252724503,41.17302465931338,115.36562016805013,111.67901382446288,16.34000015258789,101.05482033863417
21,2026-02-03,AAPL,268.98028564453125,271.3758289780004,267.11372779647115,268.70080609664296,64394700.0,1.0,-1.1570864076934413,269.89741634606185,244.5677646231765,54.953407493542365,64.26254761135783,12.618455399946807,262.0261845906576,268.2173245747884,18.0,77.94614250647209
21,2026-02-03,AMGN,333.7397766113281,344.4934971122362,333.7397766113281,336.3518099867959,4040000.0,1.0,3.996028216322941,349.5653834078327,315.273553970097,54.43799406993044,75.16011579368794,16.077727476310177,329.74615376790365,327.96046447753906,18.0,77.94614250647209
21,2026-02-03,AMZN,238.6199951171875,246.35000610351562,235.4499969482422,244.97999572753906,53831300.0,1.0,1.9279971368406734,249.33264848735556,231.03834760639447,52.34581149334452,42.551707809796966,1.722036844129941,237.05033264160156,234.04516626993816,18.0,77.94614250647209
21,2026-02-03,AXP,348.5281677246094,357.240614424768,345.80676019766696,352.81460437418673,2854600.0,1.0,-4.538239122079801,381.57439212219515,341.4109746990939,45.353713626155205,-107.16750457917072,22.85619900675969,366.2059794108073,364.66340789794924,18.0,77.94614250647209
21,2026-02-03,BA,233.14999389648438,238.85000610351562,228.9600067138672,236.4199981689453,7655200.0,1.0,4.3838968639303175,257.18928990447364,224.15070795929591,55.72123391727345,2.263266249416622,12.120410245422446,233.4846664428711,214.4895004272461,18.0,77.94614250647209
21,2026-02-03,CAT,701.5543823242188,708.680829509524,690.0862253810304,693.0405617977318,3524700.0,1.0,22.03596827148806,690.041041006141,589.0462636813589,67.416956046586,191.40694706177572,43.49375981827103,620.5770853678385,596.6889200846355,18.0,77.94614250647209
21,2026-02-03,CRM,195.8900909423828,205.04718206875432,192.6282444285455,204.488581549593,20194200.0,1.0,-11.731593473359197,271.9909502715153,193.58464482125814,31.59372596790577,-159.71221638994678,52.30943436257607,242.5151377360026,242.6825045267741,18.0,77.94614250647209
21,2026-02-03,CSCO,82.6620864868164,82.80133136192448,80.37447910156672,80.37447910156672,34962100.0,1.0,1.1919635834818507,81.069559584532,70.4325041666887,65.49651589412093,226.76146035574317,53.46279437668732,76.07093989054361,75.90535774230958,18.0,77.94614250647209
21,2026-02-03,CVX,174.7149658203125,175.48041252410187,170.505091305481,170.6326682517492,18425400.0,1.0,5.165371706684084,175.0471858440435,151.8338886798823,67.67868541502031,137.38458836243555,72.372374119802,158.8129389444987,153.52476196289064,18.0,77.94614250647209
21,2026-02-03,DIS,104.22000122070312,104.98999786376953,102.33999633789062,104.77999877929688,24827100.0,1.0,-1.0614518786256326,117.58357364023671,105.78842648183361,41.97557661412337,-344.7873761254639,40.7297622746322,112.24233322143554,109.71552251180013,18.0,77.94614250647209
21,2026-02-03,GS,929.9756469726562,955.2407595753416,910.2369830618794,940.3847602040299,2321900.0,1.0,11.258562420331259,959.1566904687099,908.5077992773838,57.66748650110134,42.686307836738024,20.559607540102505,920.6780802408854,869.2840077718099,18.0,77.94614250647209
21,2026-02-03,HD,378.56903076171875,389.178095078329,374.49625376915304,374.784336298687,5684400.0,1.0,5.560274386052015,392.9604404191902,351.5490627546379,55.67841963409003,82.07419151702818,26.96891520346712,362.77992960611977,357.0091105143229,18.0,77.94614250647209
21,2026-02-03,HON,228.51339721679688,229.35456603777124,224.18874301797612,224.18874301797612,4531400.0,1.0,7.217082916038407,231.6214506890198,197.23874523383176,67.46353473907027,127.45294058938092,51.0585976791212,207.9510487874349,199.86679128011068,18.0,77.94614250647209
21,2026-02-03,IBM,290.50341796875,308.9319550869955,280.1787151219867,308.3594398871123,11466500.0,1.0,0.09425551771215623,310.896358432981,283.2640999410424,48.46183995631722,-58.59276638318774,4.073030727337804,297.0124491373698,298.8953887939453,18.0,77.94614250647209
21,2026-02-03,JNJ,230.54151916503906,232.61846067897852,227.9502658124434,228.95907459996246,9346600.0,1.0,6.050927230039264,233.1868320793866,198.96327930977355,74.3282239750775,158.95347390587708,44.54175149812987,212.2254440307617,205.9019681294759,18.0,77.94614250647209
21,2026-02-03,JPM,313.24688720703125,314.6397527673971,307.5261644294422,308.15296152215484,12688000.0,1.0,-2.701553049783058,332.49905290057535,287.2412882859481,52.08136346594745,-15.189460264100678,4.958875220200573,313.95114949544273,310.4965265909831,18.0,77.94614250647209
21,2026-02-03,KO,76.36491394042969,76.97074882770865,74.6169309421842,74.75597426936693,27007100.0,1.0,1.3729133306655257,76.02115830200009,66.74717131836124,67.2765987670486,224.09249482289187,59.93852341143848,70.67470982869466,70.46749788920084,18.0,77.94614250647209
21,2026-02-03,MCD,317.7052307128906,321.0962910701805,313.7572837040622,313.7572837040622,4043400.0,1.0,2.3326097805781387,317.7924345474549,298.3367249984436,57.91541718579639,160.89191182479811,41.49813585043527,307.87778828938804,306.79444020589193,18.0,77.94614250647209
21,2026-02-03,MMM,154.18714904785156,155.57373326193266,149.77982392579787,151.53285530691846,5178800.0,1.0,-2.588968975719837,171.82483047351656,148.40667434826076,44.69371853224913,-128.6525279361569,20.252280649891826,159.9912897745768,162.88201065063475,18.0,77.94614250647209
21,2026-02-03,MRK,114.9883041381836,117.58904379798197,110.62066038499052,110.84896511137882,25793600.0,1.0,2.083956899845063,113.149436554962,104.7575801991884,66.72977248897911,225.83580198504,52.29050384929652,107.57389297485352,101.68550364176433,18.0,77.94614250647209
21,2026-02-03,MSFT,409.3868713378906,420.178808008447,406.7486263222299,420.1390072256922,61424100.0,1.0,-13.026655285704749,500.07723616574754,414.8184761145259,33.36967875955678,-215.8936017901722,51.31584102715606,465.4973429361979,475.7441935221354,18.0,77.94614250647209
21,2026-02-03,NKE,59.99143600463867,61.5667881396624,59.49913799295179,60.82834112213207,17322100.0,1.0,-0.517205937037815,66.31288888753097,60.070844098919224,44.06640242036927,-58.66629068109509,26.573717080815612,62.0863286336263,62.605611419677736,18.0,77.94614250647209
21,2026-02-03,NVDA,180.33023071289062,186.25991753048794,176.22045266395375,186.22992037566058,204019600.0,1.0,0.5326151975654341,193.20131265605264,179.12053487812707,47.27512374756653,-150.16613791707218,23.99135510571974,186.5125717163086,184.69807866414388,18.0,77.94614250647209
21,2026-02-03,PG,154.1591796875,155.36012793207712,151.0624875841251,151.44957220395347,12424700.0,1.0,2.5644698686110985,154.63058464888508,135.27350623246258,61.10840599147823,196.35760277767835,44.77632776452791,143.73148396809896,143.73478368123372,18.0,77.94614250647209
21,2026-02-03,SHW,357.91851806640625,367.6715960473341,352.98223833745186,353.44998979321775,2555100.0,1.0,5.193715215751581,363.54036977636457,335.038624974612,58.22763823381207,102.20247446008429,41.364366575671184,340.8403035481771,336.5295705159505,18.0,77.94614250647209
21,2026-02-03,TRV,287.1842956542969,289.5456922906308,282.25224238096905,283.5275972498559,1472800.0,1.0,0.31267418781811784,290.21897405143795,266.3394304895777,55.467204295796826,44.81013063050026,23.185518410603038,282.17750752766926,283.30074920654295,18.0,77.94614250647209
21,2026-02-03,UNH,281.98773193359375,285.867572502765,276.4507912682167,282.5037398579998,10809100.0,1.0,-12.106401689561096,378.1475970086567,270.32498599915584,38.563495412400385,-181.10262001002275,53.90137782351485,325.52129923502605,324.22694040934243,18.0,77.94614250647209
21,2026-02-03,V,327.57403564453125,334.4057722841721,327.51428541550075,330.28282413042047,9081200.0,1.0,-3.973018975185994,354.7573481714499,309.74296921136255,45.933569005276695,-47.64699941781317,7.275135913106041,338.4851826985677,335.33568064371747,18.0,77.94614250647209
21,2026-02-03,VZ,45.56467056274414,46.06711176292172,43.84060194685652,43.97852683482012,60299100.0,1.0,1.018301419043901,43.88832917829382,35.568231338063605,71.31776836042249,416.8098060845545,65.17558290136053,39.49991404215495,39.4744234085083,18.0,77.94614250647209
21,2026-02-03,WMT,127.20568084716797,127.663863426049,123.16171594715138,123.16171594715138,32018700.0,1.0,2.3752074983840856,124.69785971345797,110.87119927702054,69.4420135145552,212.61984722987464,52.3658356715086,115.79325815836589,112.11804695129395,18.0,77.94614250647209
22,2026-02-04,AAPL,275.97723388671875,278.432693698261,271.7850411492978,271.7850411492978,90545700.0,2.0,0.2139721336939715,273.0288540534611,242.84670289233972,59.18917539763115,117.46649875745028,25.284641265096848,262.12000885009763,268.3334627787272,18.639999389648438,100.99020541187187
22,2026-02-04,AMGN,360.95428466796875,363.46774449604413,337.47549324827236,346.98725329154223,5899600.0,2.0,5.685787572785102,355.2158688876755,313.1744570400588,63.455876816409884,199.62487417599394,40.5045737827734,331.02161865234376,328.8285975138346,18.639999389648438,100.99020541187187
22,2026-02-04,AMZN,232.99000549316406,238.86000061035156,231.82000732421875,238.86000061035156,51299900.0,2.0,1.250253252744642,249.47302662639322,230.10397074909508,49.195553246772974,-34.774896214367786,7.03637859320307,237.23833262125652,233.87766647338867,18.639999389648438,100.99020541187187
22,2026-02-04,AXP,352.5554504394531,356.2038894689898,346.444763780694,348.52817366093933,3241900.0,2.0,-4.526697101136392,377.86766294140443,342.13812624316586,47.07316730535899,-92.37665554980236,22.8561990067597,365.4747751871745,364.4765096028646,18.639999389648438,100.99020541187187
22,2026-02-04,BA,235.9499969482422,236.57000732421875,229.91000366210938,233.24000549316406,7053400.0,2.0,3.8414173236947704,256.8654890905353,225.08550883426946,57.277504358975904,0.9914271773555487,12.120410245422448,234.2136662801107,215.14700037638346,18.639999389648438,100.99020541187187
22,2026-02-04,CAT,690.5054321289062,721.7858467057549,673.7173856675988,705.656580247396,7146700.0,2.0,23.161981664783184,697.5289965668478,588.5634167632304,64.98656628379533,167.0408743975128,28.979819859173585,624.4678466796875,598.7411794026692,18.639999389648438,100.99020541187187
22,2026-02-04,CRM,198.94244384765625,200.16937100852354,186.81277669902488,192.8277319681121,23010000.0,2.0,-12.55474548192123,269.03335317047816,190.21207529631866,33.27667660736665,-152.58751615302512,56.00201569057307,240.50449930826824,242.02673772176107,18.639999389648438,100.99020541187187
22,2026-02-04,CSCO,80.72259521484375,83.78598991649717,80.70269875457306,83.52739663918811,39765700.0,2.0,1.335581017399889,81.78556049403561,70.30630733433354,60.60064183575446,196.4759562986664,57.041947295615735,76.17561950683594,76.07938334147136,18.639999389648438,100.99020541187187
22,2026-02-04,CVX,177.8453826904297,179.17998421726975,175.53927977726886,175.53927977726886,16170500.0,2.0,5.622236624105284,176.97678585477613,152.3271768527434,69.5341061109834,164.0543239782412,76.45041319993811,159.90809682210286,154.01508433024088,18.639999389648438,100.99020541187187
22,2026-02-04,DIS,107.05000305175781,108.5999984741211,103.62999725341797,104.19999694824219,19070400.0,2.0,-1.1948187782418955,117.38945699108645,105.23054346667722,45.694609742354515,-201.79231901911777,19.062036876435254,112.10266672770182,109.67056490580241,18.639999389648438,100.99020541187187
22,2026-02-04,GS,904.5322265625,935.0959533059877,885.2194282993655,928.1235596947575,3561900.0,2.0,8.411969628703332,959.5106905544756,903.9772855197432,53.51170419971556,-45.23115161312605,3.2753401232517856,921.3324055989583,871.4233561197917,18.639999389648438,100.99020541187187
22,2026-02-04,HD,384.6285400390625,387.9364115092612,381.8073743658894,382.0358578035837,5574700.0,2.0,5.968741353813471,391.78536600671663,356.48996053136926,57.86687352689735,94.67642172637248,26.968915203467112,364.17725524902346,357.3485366821289,18.639999389648438,100.99020541187187
22,2026-02-04,HON,232.90731811523438,233.8870332818749,230.63118670011067,231.09630979756537,5943100.0,2.0,7.723500554466455,234.0861871841214,197.78344629976533,69.44519586450255,146.22576663094554,57.398113432662136,209.14651133219402,200.53654073079426,18.639999389648438,100.99020541187187
22,2026-02-04,IBM,285.3114318847656,287.64092344446624,275.35193897886194,287.64092344446624,8708000.0,2.0,-0.8677474969200034,311.1738419603087,281.6619734693788,46.802606621303056,-186.617859747075,9.4934661832535,296.6199249267578,298.5391087849935,18.639999389648438,100.99020541187187
22,2026-02-04,JNJ,231.89646911621094,233.2415424215143,230.3832635341583,232.42065065293195,8641400.0,2.0,6.392240135956314,234.80213614589516,200.2833985220736,75.02522585745592,155.18428549904849,45.63905639597354,213.1518295288086,206.7043899536133,18.639999389648438,100.99020541187187
22,2026-02-04,JPM,315.654541015625,317.68416242077944,312.809117891095,312.809117891095,9848800.0,2.0,-1.7516097492651852,329.11378689677366,288.9013833913123,53.178654395086994,9.183120788581538,10.798438924464525,314.00037841796876,310.58370310465494,18.639999389648438,100.99020541187187
22,2026-02-04,KO,76.82176971435547,77.5765817407765,76.5536168979823,76.74231422161792,28607300.0,2.0,1.5695079643153633,76.6944373015181,67.01839762890182,68.12957955568265,223.29563463409386,62.74023855319024,70.91605021158854,70.61269416809083,18.639999389648438,100.99020541187187
22,2026-02-04,MCD,321.891845703125,325.13374552255857,317.92402058899313,319.3261610766876,4805900.0,2.0,2.9778067458683495,320.06286533098165,298.1466744639402,60.38401623316253,211.5772208560784,48.862690109719345,308.13800150553385,307.24293518066406,18.639999389648438,100.99020541187187
22,2026-02-04,MMM,162.21937561035156,162.24910183733382,154.31590178803313,154.50408225492845,6514900.0,2.0,-1.93141480801566,171.5592031129208,148.4326212278995,51.47707575339464,-5.763318985869866,1.844388939482669,160.05170440673828,162.8925921122233,18.639999389648438,100.99020541187187
22,2026-02-04,MRK,117.46000671386719,119.50485859689546,115.64345956575703,116.04052016905504,21954600.0,2.0,2.5600772919777057,115.05746876370398,103.78859294283899,68.75120612228977,295.5110514324852,56.45231783184658,108.14433466593424,102.23604176839193,18.639999389648438,100.99020541187187
22,2026-02-04,MSFT,412.3536682128906,417.9387813848693,407.4256021580933,409.1778088233149,45012400.0,2.0,-14.634725773545483,500.3620273901249,408.13019978272666,34.3959737875158,-185.93877847607726,51.315841027156054,463.116943359375,474.3838953653971,18.639999389648438,100.99020541187187
22,2026-02-04,NKE,63.23075866699219,63.41783431772925,60.562500553521126,60.76926857570081,20957700.0,2.0,-0.3839336728879559,66.21014756523105,60.062325960769925,49.86107997881632,7.21532576873575,9.080867328541768,62.26716613769531,62.650289408365886,18.639999389648438,100.99020541187187
22,2026-02-04,NVDA,174.18057250976562,179.57028010697434,171.90069716024271,179.45029148582987,207014100.0,2.0,-0.4936978032843342,194.32609127146597,176.6908261479676,44.0477625337498,-276.1822800964013,31.1197802826276,186.28591715494792,184.4667655944824,18.639999389648438,100.99020541187187
22,2026-02-04,PG,155.6975860595703,157.18637541610013,154.5958813299483,154.9631263363213,12178500.0,2.0,2.954158946263334,156.04706150859494,135.6382519069324,62.52164860348132,204.95042121066226,49.24819148054488,144.17575276692708,143.9294876098633,18.639999389648438,100.99020541187187
22,2026-02-04,SHW,367.1441345214844,368.22891335137206,360.40655155417323,363.26280880640485,2460800.0,2.0,6.114691307727242,366.1138729243097,335.33332556201844,61.63066454018613,126.16655357718854,42.03257660748127,342.43430379231773,337.12716217041014,18.639999389648438,100.99020541187187
22,2026-02-04,TRV,294.14892578125,295.0157645052439,288.05113436446385,288.13083074076485,2316700.0,2.0,1.3181870854579074,292.46312049262605,265.0946462310067,59.99202150536115,111.48224798427223,34.95973128466446,282.25389607747394,283.63367970784503,18.639999389648438,100.99020541187187
22,2026-02-04,UNH,273.7914733886719,282.3052710508733,271.9358737623288,279.83448944092856,12944100.0,2.0,-13.774436284158242,377.92306638126956,263.3008716070117,36.93097574737045,-172.875729340307,56.03445355422194,323.8178751627604,323.50765838623045,18.639999389648438,100.99020541187187
22,2026-02-04,V,328.5898132324219,329.9441921266053,323.0826115387165,325.7614942159401,8472300.0,2.0,-3.6721635806311497,350.4157171133362,311.3349817392028,46.47030170860705,-58.19284964807429,17.651362376173335,337.84450174967446,335.2303853352865,18.639999389648438,100.99020541187187
22,2026-02-04,VZ,46.31340789794922,46.8454071227743,45.48585480094511,46.086816470672915,46213100.0,2.0,1.3559668290127576,45.16930507966089,35.01602130583716,72.80000652908393,335.50529704833156,68.173066344276,39.75833015441894,39.6036314646403,18.639999389648438,100.99020541187187
22,2026-02-04,WMT,127.4945297241211,128.89896530076112,126.58811965421592,127.6240212194025,27531800.0,2.0,2.835120613831066,126.37046991833883,110.55919469347758,69.6854210718224,217.99671893721825,55.21112756836719,116.24612909952799,112.55841522216797,18.639999389648438,100.99020541187187
23,2026-02-05,AAPL,275.3983459472656,278.98168486317746,272.72332314901723,277.6142303156022,52977400.0,3.0,1.2395457748394278,275.7038829314968,241.72678570863985,58.71663335552375,116.26806872435813,26.174558163027132,262.2843704223633,268.4615582784017,21.770000457763672,46.46757466776378
23,2026-02-05,AMGN,362.5313415527344,369.5296417788589,359.77146291052077,360.49101666529344,4007300.0,3.0,7.0706829161166525,360.03113994700834,310.9377107609995,63.88439257618403,239.3298066961809,45.883860381446816,332.2178995768229,329.64781850179037,21.770000457763672,46.46757466776378
23,2026-02-05,AMZN,222.69000244140625,226.30999755859375,220.3800048828125,224.91000366210938,103509200.0,3.0,-0.11664323325706505,251.13037249023688,226.55962537353264,44.16521087840167,-181.73637120794726,27.93879304851258,237.046999613444,233.51566645304362,21.770000457763672,46.46757466776378
23,2026-02-05,AXP,353.50244140625,356.1939447623899,347.2522117112467,349.445260351986,4074900.0,3.0,-4.39052447653728,374.98822144412395,342.6650042638838,47.475190663270155,-83.49970780043672,22.8561990067597,364.63124694824216,364.2588119506836,21.770000457763672,46.46757466776378
23,2026-02-05,BA,236.9499969482422,240.3300018310547,232.60000610351562,234.11000061035156,7377300.0,3.0,3.4523929850635398,256.2591738522337,226.57482425567645,57.82516023588117,13.678459362520531,20.286180344837295,234.88399963378907,215.85266698201497,21.770000457763672,46.46757466776378
23,2026-02-05,CAT,677.0210571289062,685.1954967372362,663.806225831836,680.2448999136648,2792800.0,3.0,22.704555045116535,698.5036627548952,595.8911797744017,62.15756064898927,113.7446226725195,21.05472734252667,627.7036682128906,600.6795623779296,21.770000457763672,46.46757466776378
23,2026-02-05,CRM,189.49607849121094,199.06215043466523,188.3190143508059,193.50605396236043,21956300.0,3.0,-13.810147334933617,265.33570632308073,186.3137214723294,30.847035498110927,-149.06221914672963,56.00201569057307,238.02204132080078,241.20340627034506,21.770000457763672,46.46757466776378
23,2026-02-05,CSCO,81.91612243652344,82.86099938831828,80.37447310646236,80.42420666740989,24236500.0,3.0,1.5280916512030132,82.66774671259533,70.18400347051015,62.390337679079956,177.85721289572746,52.85300399204792,76.33030624389649,76.27280642191569,21.770000457763672,46.46757466776378
23,2026-02-05,CVX,175.8827362060547,177.08977578087993,174.09673390749023,176.28508273099644,10474100.0,3.0,5.7595437586691105,177.68383478044322,153.97824865461538,67.03814102970823,138.85686393409023,66.22355436351187,160.8707753499349,154.43905232747395,21.770000457763672,46.46757466776378
23,2026-02-05,DIS,104.97000122070312,108.33000183105469,104.80999755859375,107.05000305175781,11859500.0,3.0,-1.451618417988442,117.56277127003817,104.26322894358488,43.57126906073469,-182.43656590270777,19.062036876435247,111.85566685994466,109.5868019104004,21.770000457763672,46.46757466776378
23,2026-02-05,GS,881.8619384765625,902.0859477313048,868.303361579572,893.0138508974348,3214300.0,3.0,4.277414179647167,964.8519080385586,893.6236473813633,50.17862721951157,-131.94910025353067,6.421767500121415,921.048817952474,873.2052337646485,21.770000457763672,46.46757466776378
23,2026-02-05,HD,379.8305969238281,384.4298529869508,378.300815894053,384.1119708975344,3759700.0,3.0,5.838003585986087,387.9877068566762,363.5964972448863,55.61743556213514,73.61208996691832,19.45342044816906,365.3686228434245,357.57444051106773,21.770000457763672,46.46757466776378
23,2026-02-05,HON,231.42288208007812,233.6297327314521,230.1363717311431,231.30411728913037,5017500.0,3.0,7.913832860350965,234.83279962257836,200.43519354148413,67.99780304964392,131.36602109688693,55.05423458977637,210.39640248616536,201.2117172241211,21.770000457763672,46.46757466776378
23,2026-02-05,IBM,286.1405944824219,288.0357444480889,281.4125396224363,282.39960568205703,5532800.0,3.0,-1.5454206772670318,311.4711449088459,280.68951793295105,47.10181775823022,-138.75192737724652,8.955136965913754,296.1954874674479,298.29546813964845,21.770000457763672,46.46757466776378
23,2026-02-05,JNJ,235.18002319335938,236.95038470140014,232.41076791481981,232.4206527224898,10267500.0,3.0,6.848740428672926,236.98312139557603,201.0991555209279,76.61679753536774,162.96967240112008,51.71769344421261,214.1563481648763,207.56808954874674,21.770000457763672,46.46757466776378
23,2026-02-05,JPM,308.5807800292969,314.4009999973286,303.98430827226673,313.3961328396234,9388000.0,3.0,-1.5516794386604147,326.7523939661546,289.5883470006422,49.718354936985854,-32.93907278550736,6.922251994996851,313.61968892415365,310.5399434407552,21.770000457763672,46.46757466776378
23,2026-02-05,KO,77.9738540649414,78.32146238491974,77.06013102447868,77.28856367891764,21633500.0,3.0,1.7975531330129257,77.42411919886482,67.37822455113519,70.15878373732735,214.0041640786421,65.87673715179335,71.19082768758138,70.75260009765626,21.770000457763672,46.46757466776378
23,2026-02-05,MCD,321.6830139160156,326.2375577339443,321.1559593874338,323.2741013130609,3936800.0,3.0,3.432708878154017,321.90751848996234,298.22328900515487,60.201797163655904,211.85169124581856,50.677266085311814,308.3786580403646,307.66735585530597,21.770000457763672,46.46757466776378
23,2026-02-05,MMM,163.49700927734375,164.22991867666002,159.66412449081685,161.6053211079721,3514000.0,3.0,-1.2923071213305377,171.75913691492158,148.44760594396516,52.43699168234976,46.17705435160397,7.250416240885742,160.21941426595052,162.90819574991863,21.770000457763672,46.46757466776378
23,2026-02-05,MRK,118.86956024169922,121.52985633960206,117.4401451522885,117.4401451522885,24010600.0,3.0,3.0163744357037956,116.95429698790443,102.99856708680261,69.83251902141002,300.07530123557444,60.359401843615345,108.64165115356445,102.80187060038249,21.770000457763672,46.46757466776378
23,2026-02-05,MSFT,391.9246520996094,406.4897635323938,390.5806313349955,405.6335909812077,66289200.0,3.0,-17.357497660251795,501.79362995458285,397.75841167139373,30.995200626470506,-212.09172968590187,57.9116948060858,460.08876139322916,472.68775075276693,21.770000457763672,46.46757466776378
23,2026-02-05,NKE,61.73417282104492,63.58521443875692,61.13356863217472,63.201222581855866,12506200.0,3.0,-0.39452853429467893,66.22403280589172,59.99724176075867,47.50873677321088,-9.802634587633484,7.642887835969685,62.44701906840007,62.68306897481283,21.770000457763672,46.46757466776378
23,2026-02-05,NVDA,171.87069702148438,176.81043194569037,171.020736948564,174.92051964769362,206312900.0,3.0,-1.4764265716388536,195.18580205671142,174.10820886858156,42.90953379764286,-273.40056632818767,32.49829968434503,185.89227193196615,184.19578806559244,21.770000457763672,46.46757466776378
23,2026-02-05,PG,157.42459106445312,158.45681171352453,154.95319521929093,157.65286786424556,13077700.0,3.0,3.363572053687932,157.27215145353213,136.55137912508113,64.03917552195765,191.58998646170448,52.130742023869495,144.73573506673176,144.13901341756184,21.770000457763672,46.46757466776378
23,2026-02-05,SHW,359.3117980957031,367.4526351419634,358.56538816274895,367.44267329064473,2086500.0,3.0,6.141768914965212,364.4974186572304,339.8985957470665,57.515560432588046,103.14974199680469,36.53770598228152,343.6683685302734,337.48665110270184,21.770000457763672,46.46757466776378
23,2026-02-05,TRV,299.220458984375,301.28295622618896,294.28840565079537,294.99585163086385,1934500.0,3.0,2.4955267669297427,296.05600432933386,263.20755157886924,62.836496993040996,167.41519933809812,45.23982798395667,282.54184773763023,283.99241638183594,21.770000457763672,46.46757466776378
23,2026-02-05,UNH,266.4783020019531,274.75399105843275,264.2357570011935,272.17404228482235,13035300.0,3.0,-15.507714253405197,378.4185031091597,255.54686249142628,35.54217669925235,-169.43266590370234,59.45479176132196,321.9454315185547,322.6229573567708,21.770000457763672,46.46757466776378
23,2026-02-05,V,327.773193359375,336.19830919167754,327.46447374035984,331.62723473824406,8339000.0,3.0,-3.4597461123127573,345.6600101281423,313.42671472537336,46.0897798889503,-37.49393298880866,0.6588662573288616,337.08232421875,335.1270512898763,21.770000457763672,46.46757466776378
23,2026-02-05,VZ,46.402076721191406,46.874967449778154,45.95874777017013,46.51044735656872,42866500.0,3.0,1.6121401836457068,46.234706904983284,34.70471455802941,72.97112533076863,259.8523526617538,68.28390242775156,40.01453704833985,39.73092791239421,21.770000457763672,46.46757466776378
23,2026-02-05,WMT,126.43872833251953,129.08822789080259,126.0602240531838,128.07225151910504,30517800.0,3.0,3.078918862628072,127.27900077247051,111.0670487270412,67.64791668036179,189.09042578636584,51.08781114345632,116.72224197387695,112.96611086527507,21.770000457763672,46.46757466776378
24,2026-02-06,AAPL,277.6042175292969,280.3890519626743,276.4164219647768,276.6060720438839,50453400.0,4.0,2.2048989728807555,278.63863343761284,240.69649382068795,59.97621212912872,130.67251201489373,28.50803001517552,262.4760136922201,268.6061230977376,20.3700008392334,98.93065670185086
24,2026-02-06,AMGN,378.8147277832031,379.6032559686944,363.6156018524194,364.6899842893306,3840300.0,4.0,9.374096882512276,368.91750665384023,307.3946912221364,67.90430555507805,263.0742105590925,53.372808132273164,333.95367431640625,330.6819910685221,20.3700008392334,98.93065670185086
24,2026-02-06,AMZN,210.32000732421875,211.44000244140625,200.30999755859375,202.6999969482422,179210900.0,4.0,-2.1730244982105944,254.27850551789493,219.8144937496832,39.187042162286964,-321.9198493545056,49.31213832161143,236.31966654459634,232.88100001017253,20.3700008392334,98.93065670185086
24,2026-02-06,AXP,358.0181579589844,360.251119443136,353.5722218531909,357.0711700699889,3301700.0,4.0,-3.873573954749645,369.66154236301423,345.6161920119858,49.37219605570442,-46.561701770046916,13.54281189966206,363.89381612141926,364.1273173014323,20.3700008392334,98.93065670185086
24,2026-02-06,BA,243.02999877929688,246.3000030517578,239.39999389648438,239.39999389648438,6701200.0,4.0,3.5932727178433197,255.4952968411161,228.90370065644248,60.97186437045979,53.527151516282764,31.145278508989904,235.7566660563151,216.65633366902668,20.3700008392334,98.93065670185086
24,2026-02-06,CAT,724.820068359375,726.0178002725005,689.2078757187766,691.2539680724791,3359700.0,4.0,25.900457534758516,711.350423429392,594.9706642170923,67.36687157689633,188.749907935763,37.86441640141211,632.5324584960938,603.2859751383463,20.3700008392334,98.93065670185086
24,2026-02-06,CRM,190.8726348876953,194.11452693680988,186.65317673869706,191.15193513888434,13652600.0,4.0,-14.526532922218848,261.4130421349231,183.33564560921755,31.599890782511423,-142.47640290844592,57.08953315651344,235.6253692626953,240.372642771403,20.3700008392334,98.93065670185086
24,2026-02-06,CSCO,84.36286926269531,84.54189947098847,82.3636998681345,83.10965780464323,23936600.0,4.0,1.8566870039775267,83.9850445616207,69.946853173975,65.6950026309674,211.98119563706467,58.86034802143466,76.56951904296875,76.49019037882486,20.3700008392334,98.93065670185086
24,2026-02-06,CVX,177.4822998046875,178.6991472333865,176.15750611236345,176.9327606348942,9901800.0,4.0,5.929085262179399,178.93764548596695,154.84508003893538,68.00638896207991,147.07306342062324,68.40727475653533,161.8635482788086,154.87948964436848,20.3700008392334,98.93065670185086
24,2026-02-06,DIS,108.69999694824219,108.95999908447266,105.37000274658203,106.12999725341797,12105600.0,4.0,-1.338722540174345,117.17419642129374,104.104803670259,48.04955532314391,-117.10695160557167,15.51532629393283,111.70500005086264,109.54037361145019,20.3700008392334,98.93065670185086
24,2026-02-06,GS,919.8339233398438,922.8249504343177,898.5204977723823,899.1543682273673,2473200.0,4.0,4.018448854754865,964.7723447806019,893.1010499947887,55.031858798129484,-27.78246056489276,5.23900610557458,921.9414978027344,875.4416005452474,20.3700008392334,98.93065670185086
24,2026-02-06,HD,382.5921325683594,383.80403150685515,376.58232400440914,378.8074379970947,4685400.0,4.0,5.8893371972407635,385.9330092738759,368.1931992222179,56.621445233086746,71.47815909248104,15.860676034000102,366.6990610758464,357.85755564371743,20.3700008392334,98.93065670185086
24,2026-02-06,HON,235.9058837890625,236.59861554232302,231.7197756435503,232.32344512148154,3976500.0,4.0,8.330385853309366,236.89063042357117,201.6569693689093,69.95420707535561,139.52150557950492,58.97275335132141,211.81090138753254,201.9288195292155,20.3700008392334,98.93065670185086
24,2026-02-06,IBM,295.0636291503906,296.01123418921753,286.90060425762084,288.7168020644106,3744300.0,4.0,-1.34694053818788,311.2355421525123,280.5510209578393,50.218898400254886,-42.22170411698533,1.5018948975769715,296.03591105143227,298.12766621907554,20.3700008392334,98.93065670185086
24,2026-02-06,JNJ,237.3558807373047,238.29545054099052,235.3679327924304,236.33718720081356,8274000.0,4.0,7.30192171076078,238.88808083312807,202.58061423523128,77.59554048399517,164.14466132831694,53.72376366165072,215.28416493733724,208.4379145304362,20.3700008392334,98.93065670185086
24,2026-02-06,JPM,320.7584533691406,322.59903993155126,313.10760555212,313.10760555212,17797400.0,4.0,-0.4059175962485142,324.960040342395,290.64546197694096,54.93997172702412,36.36770753233278,7.7320827332238675,313.55115966796876,310.65490468343097,20.3700008392334,98.93065670185086
24,2026-02-06,KO,78.49030303955078,78.65914029126262,77.72556470237203,77.96392362110011,18512400.0,4.0,1.9969342730381214,78.31048843777108,67.45125854098868,71.01460596768055,197.6627122525447,67.21416668049982,71.49407577514648,70.9016066233317,20.3700008392334,98.93065670185086
24,2026-02-06,MCD,325.3425598144531,325.72045368880305,319.4554333284654,321.1062153149145,2831900.0,4.0,4.041924080496528,324.54341412271197,297.40523700033486,62.266027734393035,190.52760702412044,42.35825455396244,308.9196360270182,308.1619944254557,20.3700008392334,98.93065670185086
24,2026-02-06,MMM,170.99441528320312,171.32125265440752,164.4180883023026,165.37878796880577,7257700.0,4.0,-0.1787709091145473,173.02440825042513,147.91622895660615,57.53651734740454,149.3399523450718,23.3962491848415,160.63208516438803,163.0022415161133,20.3700008392334,98.93065670185086
24,2026-02-06,MRK,121.03353881835938,121.75817499828075,119.55449581145005,119.87214278420846,13083300.0,4.0,3.5121226320808603,119.07393454117833,101.96488686995447,71.40403061309938,281.63708938056874,60.78347170324433,109.20051193237305,103.3960558573405,20.3700008392334,98.93065670185086
24,2026-02-06,MSFT,399.3615417480469,400.0086538663787,391.17798428483076,397.4002746193236,53515300.0,4.0,-18.69966110198112,501.0302317213679,390.85893759015556,33.47227953350394,-183.55434734138467,57.91169480608581,457.244428507487,470.96351725260416,20.3700008392334,98.93065670185086
24,2026-02-06,NKE,62.93537521362305,63.25044563663491,62.02954868644787,62.039392993945114,11961500.0,4.0,-0.30251088688010697,66.11155633333293,59.97778120633993,49.48742041738962,7.045492968885951,7.642887835969686,62.662973658243814,62.740597343444826,20.3700008392334,98.93065670185086
24,2026-02-06,NVDA,185.39996337890625,186.98987361565233,174.59055120100808,176.6804343618602,231346200.0,4.0,-1.1502876742118815,195.2084296365754,174.1225792745574,50.63821637070968,-74.90216123494228,6.2126254207492,185.76561177571614,183.96865158081056,20.3700008392334,98.93065670185086
24,2026-02-06,PG,157.9803924560547,158.794271204482,156.82905843646145,157.05735036526295,10441700.0,4.0,3.690343436285815,158.69516262150856,136.97821689509303,64.51749654455577,179.06632555699338,52.89048465105619,145.29814707438152,144.3821123758952,20.3700008392334,98.93065670185086
24,2026-02-06,SHW,360.247314453125,365.70106379619943,359.371521906252,361.4913310545926,2355500.0,4.0,6.167619981456426,364.4585586490067,342.0224288998214,57.86319971019553,100.22287506365022,36.53770598228151,344.92665100097656,337.82218170166016,20.3700008392334,98.93065670185086
24,2026-02-06,TRV,300.3961486816406,303.2955945042617,299.16065727935717,300.9840044426257,1963100.0,4.0,3.483292057130484,299.3300077377967,261.6582674086877,63.45952345158718,184.4720774118905,48.05813840988015,282.8417551676432,284.3280726114909,20.3700008392334,98.93065670185086
24,2026-02-06,UNH,274.5158386230469,275.66689369311825,264.354842531599,264.99982219373493,9572800.0,4.0,-16.047798467475445,376.327251390954,250.67226948306944,38.18508663116814,-138.984823281552,57.89802297809348,320.3528137207031,321.91542002360023,20.3700008392334,98.93065670185086
24,2026-02-06,V,330.21307373046875,333.74845736517926,325.7515616346053,330.41226140265053,7798800.0,4.0,-3.059260532177518,341.1824278000008,315.8478059646476,47.4205168837392,-37.81984620085779,4.68914739384196,336.35865275065106,335.08376261393227,20.3700008392334,98.93065670185086
24,2026-02-06,VZ,45.623783111572266,46.54985290639807,45.377487593549,46.27400312882685,36094600.0,4.0,1.7323877355549442,46.95992292607076,34.61315561091655,69.02791912460164,192.93602837347146,56.80571552458106,40.24673767089844,39.848158009847005,20.3700008392334,98.93065670185086
24,2026-02-06,WMT,130.66197204589844,131.17992285780286,126.54829146247491,126.7873415914411,26593400.0,4.0,3.571738426569027,129.0771436815388,111.07275408457448,71.13968100096982,207.45643283200826,56.034860771758844,117.39557240804037,113.4470100402832,20.3700008392334,98.93065670185086
25,2026-02-09,AAPL,274.3672180175781,277.9439398399519,271.4499228389202,277.6541982366954,44623400.0,0.0,2.6778805889540536,280.50992027000325,240.37302803321938,57.32128965110254,100.05802236323235,14.817753442613139,262.51151377360026,268.5999173482259,17.360000610351562,40.141454669863414
25,2026-02-09,AMGN,370.4364929199219,379.11042339790527,367.00633209831864,375.2465931247831,2843700.0,0.0,10.403589409739709,373.49188765683283,307.72108841738594,64.10631727660588,216.3164251346266,53.372808132273164,335.3290201822917,331.3352783203125,17.360000610351562,40.141454669863414
25,2026-02-09,AMZN,208.72000122070312,212.80999755859375,203.35000610351562,208.97000122070312,91178400.0,0.0,-3.887021423475005,255.7932837044145,214.4337151969527,38.60479692718103,-262.6830599056933,46.14911535814079,235.53099975585937,232.2079999287923,17.360000610351562,40.141454669863414
25,2026-02-09,AXP,358.52655029296875,360.5999818750656,354.5590821438083,357.8686266046314,2219700.0,0.0,-3.383856932920139,365.9389170322071,347.74884541896483,49.5842594983393,-38.997346834867514,12.757126337929838,363.1428293863932,363.9664998372396,17.360000610351562,40.141454669863414
25,2026-02-09,BA,244.7100067138672,245.83999633789062,240.5,242.0,4707200.0,0.0,3.7967173269915975,255.53935394097624,229.87764435003936,61.786843086405156,55.15886731661311,31.145278508989893,236.64166615804035,217.4813336690267,17.360000610351562,40.141454669863414
25,2026-02-09,CAT,740.7098388671875,742.0872215022189,720.2388016648257,723.123324785955,2496800.0,0.0,29.376767873024278,726.7282005326376,592.1631202681435,68.84187957949699,211.95974057923917,42.97386368137375,637.8464294433594,606.2056783040365,17.360000610351562,40.141454669863414
25,2026-02-09,CRM,193.5459442138672,194.71302354057786,185.26664751883544,188.82774859992284,12112000.0,0.0,-14.709003701938911,256.05410899251854,182.12002278238378,33.063885999149804,-131.2671677287477,58.012910656980424,233.2569585164388,239.5401252746582,17.360000610351562,40.141454669863414
25,2026-02-09,CSCO,86.31230163574219,86.7797698046882,83.85561238244803,84.27335457725107,22908400.0,0.0,2.2484849539558667,85.56797702206138,69.64696819888589,68.01166146217186,226.45736098600824,65.17533108197343,76.87371292114258,76.74633051554362,17.360000610351562,40.141454669863414
25,2026-02-09,CVX,179.1898193359375,179.40571187522434,176.58930101228074,177.62950235221538,12021300.0,0.0,6.130561385517268,180.54038542568773,155.2530731314412,69.01160943896663,148.9248561217638,69.33762853880772,162.91356506347657,155.33884251912434,17.360000610351562,40.141454669863414
25,2026-02-09,DIS,107.12999725341797,108.91999816894531,106.7699966430664,108.69000244140625,10515400.0,0.0,-1.3602573974265084,116.42354822486145,103.9804518666913,46.44460593750609,-107.51565484617093,15.51532629393282,111.4599998474121,109.4245709737142,17.360000610351562,40.141454669863414
25,2026-02-09,GS,934.5611572265625,939.8895135725313,918.2096450582895,920.0815153939743,2322600.0,0.0,4.944583581431971,965.0887241282489,893.2442165455791,56.72327637939118,35.02896939141354,13.568873218647775,923.0256551106771,877.7080861409505,17.360000610351562,40.141454669863414
25,2026-02-09,HD,378.4696960449219,383.21794981157694,375.6883035805272,381.8073670021955,3639300.0,0.0,5.533585549519444,385.9576753129598,368.80030808547775,54.71018311114557,60.214789732025146,13.954673284990712,367.81360982259116,358.00929056803386,17.360000610351562,40.141454669863414
25,2026-02-09,HON,237.3507080078125,238.44918797270074,234.54018786175524,234.9360302399198,3006700.0,0.0,8.67706849654391,238.95616781623846,202.8037412413787,70.55436973845349,141.37319482529995,61.2252241731887,213.22638956705728,202.5988456726074,17.360000610351562,40.141454669863414
25,2026-02-09,IBM,292.50714111328125,293.8692970422217,287.65079315768804,292.08270995364455,4627800.0,0.0,-1.3800227736282409,310.77202480753834,280.23672763386793,49.35689386320305,-55.050969730141055,1.5018948975769641,295.7654541015625,297.8417460123698,17.360000610351562,40.141454669863414
25,2026-02-09,JNJ,236.02069091796875,238.097647391114,234.43824645354294,237.61302018969775,9378500.0,0.0,7.467254618993593,239.5726205767943,205.28347988707287,75.58714872631145,144.28323652053956,49.145253729569674,216.30154062906902,209.19670842488605,17.360000610351562,40.141454669863414
25,2026-02-09,JPM,320.4599914550781,324.73808529326595,318.4801031561584,319.70385137937853,11477500.0,0.0,0.4725759748470182,323.12745394163045,291.77265897340857,54.7956971428469,54.84985370053383,11.129352357814371,313.36571350097654,310.7858561197917,17.360000610351562,40.141454669863414
25,2026-02-09,KO,77.43754577636719,78.5697601349517,77.01048193393314,78.13276246065818,23415600.0,0.0,2.046406845817714,78.86926505078625,67.63338768969226,66.96476933758964,158.42834703661146,53.587385963414256,71.75428670247396,71.01515045166016,17.360000610351562,40.141454669863414
25,2026-02-09,MCD,323.7912292480469,325.501675498415,321.384659506418,324.12933683441605,2673900.0,0.0,4.349414759877732,326.34608535789033,297.42040939308623,60.881254236575174,168.8656216659745,42.358254553962446,309.3263641357422,308.50342458089193,17.360000610351562,40.141454669863414
25,2026-02-09,MMM,168.6471405029297,170.94490068604122,167.13181327159802,169.99409972105437,4694500.0,0.0,0.5084480314786219,173.7307794332766,147.70902464387183,55.605636639355,134.55715059506744,23.39624918484151,160.96024119059246,163.04072977701824,17.360000610351562,40.141454669863414
25,2026-02-09,MRK,116.78500366210938,120.98389920077788,116.11993151932089,120.51736114238213,16158700.0,0.0,3.521590663705851,119.86075253320169,101.88483462500145,64.5722490693224,183.28734301539637,37.18435560255456,109.57110061645508,103.85053583780925,17.360000610351562,40.141454669863414
25,2026-02-09,MSFT,411.76629638671875,413.05058563481117,399.0927243377603,403.0550898097971,45480500.0,0.0,-18.5485590284336,497.72308662999325,387.62720328699896,37.35273545194641,-133.64285640227638,41.009928506484506,454.77476094563804,469.4016438802083,17.360000610351562,40.141454669863414
25,2026-02-09,NKE,61.44863510131836,62.925529074677335,61.40925036060424,62.59076629047854,12920800.0,0.0,-0.3455702218031931,65.88652036437065,59.85722429505318,47.208887871757824,-40.6925120309046,12.526112028360709,62.742069498697916,62.7350279490153,17.360000610351562,40.141454669863414
25,2026-02-09,NVDA,190.0297088623047,193.64952333361757,183.9400420976916,184.25002288009932,196387400.0,0.0,-0.5123326285582266,195.73751582304254,174.1114648898481,52.89562039952405,63.096866427741396,6.727894400525115,185.8132756551107,183.91683349609374,17.360000610351562,40.141454669863414
25,2026-02-09,PG,156.15415954589844,158.08958273935144,154.85395255811076,157.57346483951432,11439900.0,0.0,3.75862330803767,159.42949680760987,137.87760005518308,61.72673379319711,141.28365831735664,39.0800580970964,145.75664927164715,144.54484074910482,17.360000610351562,40.141454669863414
25,2026-02-09,SHW,358.8739013671875,361.00364191323985,355.9579338554369,360.4861419608107,1761500.0,0.0,6.008027380182909,365.067429940698,342.1420549225832,57.15295067176052,79.41633976914004,26.194479529638702,346.0960266113281,338.0929550170898,17.360000610351562,40.141454669863414
25,2026-02-09,TRV,291.75762939453125,302.34906764153504,290.4822745685816,299.65885132722593,1650900.0,0.0,3.5283739560981076,300.5345252357399,261.5358116783226,56.28706117486282,120.22989791267122,19.669515697730446,282.80787862141926,284.4597106933594,17.360000610351562,40.141454669863414
25,2026-02-09,UNH,273.57318115234375,278.01860173294193,271.21153632782267,272.0351201393386,10371600.0,0.0,-16.363258222971467,373.9209015740544,246.30329276188303,37.996070175877364,-116.6136043344351,53.76408378832126,318.63682250976564,321.0957407633463,17.360000610351562,40.141454669863414
25,2026-02-09,V,324.2378234863281,331.44799815131194,322.28591185276315,329.39649267698104,8513400.0,0.0,-3.1872845497560434,336.00316200778997,318.6180446572491,44.629551379059755,-57.4545107733943,12.37753039418281,335.37738037109375,334.8734664916992,17.360000610351562,40.141454669863414
25,2026-02-09,VZ,46.32326126098633,46.372519612722975,45.14104202845017,45.47600408169923,26954800.0,0.0,1.862655296855273,47.73794582031747,34.549389766230384,70.50952976094621,165.05698933488935,52.28899178607408,40.489342498779294,39.96332728068034,17.360000610351562,40.141454669863414
25,2026-02-09,WMT,128.51051330566406,131.2695638265917,127.58417790733635,130.90102979422613,27197300.0,0.0,3.745520710474807,130.08398203610588,111.50919423342539,67.31108621250277,182.66250311966178,56.237629925832735,117.97361424763997,113.87515309651693,17.360000610351562,40.141454669863414
26,2026-02-10,AAPL,273.4280700683594,275.11651686144285,272.68876099546605,274.6369782150198,34376900.0,1.0,2.9430152883449523,282.0096263744719,240.23939248539142,56.56971617012912,92.79408292187362,14.817753442613139,262.5293492635091,268.6076703389486,17.790000915527344,39.49747321856058
26,2026-02-10,AMGN,359.42645263671875,371.95437590068724,358.44077744502044,371.63898270046275,3526400.0,1.0,10.213318638853423,375.06738448655835,310.0005659528948,59.57640070100817,147.7676071968712,35.19460611747626,336.37120666503904,331.8404612223307,17.790000915527344,39.49747321856058
26,2026-02-10,AMZN,206.9600067138672,212.64999389648438,206.41000366210938,208.8000030517578,67175000.0,1.0,-5.325998389130945,256.610048285915,209.66595116476856,37.962942914528725,-222.5104003593927,46.1491153581408,234.6789998372396,231.58733342488605,17.790000915527344,39.49747321856058
26,2026-02-10,AXP,362.055419921875,368.3355538679769,358.1975903260302,358.48668493501594,3506900.0,1.0,-2.680107763848355,366.3915022945729,347.65612343784903,51.0563448629487,2.8709756109551603,3.131100044562538,362.57776997884116,363.8212305704753,17.790000915527344,39.49747321856058
26,2026-02-10,BA,242.58999633789062,247.86000061035156,240.86000061035156,245.0,5184400.0,1.0,3.743726180782062,255.60617231216,230.0888258567853,60.147257096595304,51.7482298346658,34.59041771524201,237.51333262125652,218.26616694132488,17.790000915527344,39.49747321856058
26,2026-02-10,CAT,740.9593505859375,750.5710566234125,736.2682692982056,741.3386333870208,4008700.0,1.0,31.785498926175364,739.7650734884712,590.5115744607476,68.86474002778971,202.65370844389525,45.50294200208344,643.1939432779948,609.0450653076172,17.790000915527344,39.49747321856058
26,2026-02-10,CRM,192.96739196777344,198.60330589119863,190.27413077551486,191.421255750879,13393000.0,1.0,-14.730493481157964,249.46378557857432,182.13179852787098,32.906205749554985,-115.63871301904581,48.432982441619544,230.84199930826824,238.67273559570313,17.790000915527344,39.49747321856058
26,2026-02-10,CSCO,85.82494354248047,87.71470506709579,85.66580221531129,86.50127900639724,32113800.0,1.0,2.4909478309270696,86.74185109551566,69.69447550360543,66.84422871157182,208.47264050510157,67.40948512989993,77.157044728597,76.95724856058756,17.790000915527344,39.49747321856058
26,2026-02-10,CVX,178.8561553955078,179.5332715351048,177.48230741213712,179.31737899860084,7458200.0,1.0,6.191932035214791,181.7425651016798,156.0056923446093,68.57606001187898,142.9425575143184,69.51090148847686,163.9681615193685,155.8398646036784,17.790000915527344,39.49747321856058
26,2026-02-10,DIS,109.95999908447266,111.11000061035156,107.5999984741211,107.5999984741211,9815500.0,1.0,-1.1358727959595711,116.15743908069547,103.96056094982211,49.58471409967265,-48.5933414145408,3.292929666232759,111.33999989827474,109.32613652547201,17.790000915527344,39.49747321856058
26,2026-02-10,GS,939.879638671875,952.5964006247325,921.0026180469961,936.6212445988094,3324900.0,1.0,6.038105507298837,965.0252059057442,893.2522721215995,57.32297052427112,59.51965207852106,19.221033262996322,924.4105651855468,879.5924652099609,17.790000915527344,39.49747321856058
26,2026-02-10,HD,387.092041015625,389.1383576714219,379.40345378102705,381.26102984396755,3160800.0,1.0,5.879624335440383,387.3892420626717,368.8329503201408,57.7928063869851,89.11703907060806,22.929823020961372,369.13477681477866,358.35588887532555,17.790000915527344,39.49747321856058
26,2026-02-10,HON,240.8143768310547,242.2394335244925,236.76683045901152,237.47935880573044,3888800.0,1.0,9.126106046270678,241.41485356486322,203.78299799763676,71.94417195408694,149.15522204394213,65.3859078750575,214.7428192138672,203.30725326538087,17.790000915527344,39.49747321856058
26,2026-02-10,IBM,289.62835693359375,295.43559151114187,288.20878175534256,292.83473856500086,3837300.0,1.0,-1.6198617499326247,308.83131163142536,280.32604920841834,48.38932795060923,-54.73194719629656,3.5786129608510167,295.38160095214846,297.48711751302085,17.790000915527344,39.49747321856058
26,2026-02-10,JNJ,235.73390197753906,237.86029777140382,235.26905943987018,237.346001010115,6723300.0,1.0,7.48881427983693,240.43715639105048,207.25052061090267,75.15492187854272,132.753839427928,49.145253729569674,217.31430155436198,209.9415501912435,17.790000915527344,39.49747321856058
26,2026-02-10,JPM,316.659423828125,324.4694603347238,313.51550984428656,320.9076714905845,9902200.0,1.0,0.852289748628209,321.748849933511,292.53342545711405,52.96354617227252,36.051800044663615,1.8274545231755048,313.0951802571615,310.77439473470054,17.790000915527344,39.49747321856058
26,2026-02-10,KO,76.28546142578125,76.9806856661471,75.49092917902598,76.10669034423498,28848200.0,1.0,1.9699423680818313,79.12216684750808,68.00717656679856,62.903656983398896,110.23210162910618,29.596949799184635,71.98404006958008,71.11113650004069,17.790000915527344,39.49747321856058
26,2026-02-10,MCD,324.1591796875,326.1779014612805,321.7128539239937,323.6221709864214,3502900.0,1.0,4.570112452456158,327.9124752373557,297.7653445868631,61.09355782458295,153.08944193766231,43.76895907764563,309.8332000732422,308.84917500813805,17.790000915527344,39.49747321856058
26,2026-02-10,MMM,171.76693725585938,172.08387596485912,167.8152078481288,168.43917148617865,3215900.0,1.0,1.2899458252655904,174.70449168281877,147.2790471355406,57.563735635861555,144.27382582235205,25.767917120812584,161.33494618733724,163.09160359700522,17.790000915527344,39.49747321856058
26,2026-02-10,MRK,116.28868103027344,117.3111069623872,115.24639790286174,116.82471170380222,11849500.0,1.0,3.4492838612860197,120.48744839856859,102.04828615953689,63.834153721779586,129.65424683547167,31.920099917562922,109.91422602335612,104.28854179382324,17.790000915527344,39.49747321856058
26,2026-02-10,MSFT,411.437744140625,421.80159473973595,410.8702943432265,417.75959730190846,44857900.0,1.0,-18.24500391889319,494.0119984296706,384.9756266923997,37.29313514104906,-104.17286209339846,30.95627273364573,452.30442911783854,467.7935526529948,17.790000915527344,39.49747321856058
26,2026-02-10,NKE,62.068931579589844,63.20121846076945,61.330484593412436,62.029546838902505,13003400.0,1.0,-0.32588570563518715,65.66019710369473,59.82755237750644,48.23752679082952,-33.057467641396784,9.768722873009422,62.81131935119629,62.722675768534344,17.790000915527344,39.49747321856058
26,2026-02-10,NVDA,188.52978515625,192.46957427391544,188.10980972728564,191.36964298604585,136764800.0,1.0,-0.12632378440022762,196.03707165850756,174.17188830242992,52.0971338731435,73.91017776726973,6.727894400525108,185.746945699056,183.82935104370117,17.790000915527344,39.49747321856058
26,2026-02-10,PG,157.8910675048828,158.95306264875933,155.54870509985648,156.35264888745172,9910100.0,1.0,3.9078423802632187,160.43754502882348,138.5202583159031,63.28910518518155,140.08815349601122,41.54754547399478,146.26483612060548,144.74522298177084,17.790000915527344,39.49747321856058
26,2026-02-10,SHW,362.9045104980469,364.2082374436452,358.09764379831023,361.8694801998816,1655600.0,1.0,6.13605296648808,366.1179532845591,341.7901704947377,58.692282220137706,95.95378829047256,31.408799128455932,347.3967702229818,338.4368626912435,17.790000915527344,39.49747321856058
26,2026-02-10,TRV,297.526611328125,299.6987252732541,291.57830001851573,291.57830001851573,2447800.0,1.0,3.983688829409516,302.75940787797094,261.1163550614822,59.45307304972422,129.6372444091266,19.66951569773043,283.02342732747394,284.68567860921223,17.790000915527344,39.49747321856058
26,2026-02-10,UNH,271.1123046875,277.33392522870173,270.546694561348,275.3791211558089,7284700.0,1.0,-16.620246658541703,371.4456124218199,242.10149146001604,37.49484081368801,-107.91444629992542,54.12703047231078,316.69822794596354,320.04432220458983,17.790000915527344,39.49747321856058
26,2026-02-10,V,327.4910888671875,329.1975426584034,323.8785524124587,324.03822505585356,5801800.0,1.0,-2.991746190699132,332.0096370076814,321.1821598673186,46.40615186617977,-49.61422873196924,12.37753039418282,334.5091990152995,334.7069346110026,17.790000915527344,39.49747321856058
26,2026-02-10,VZ,46.68777847290039,47.081852810726524,46.07696663162416,46.323262153222636,32147000.0,1.0,1.972568231623839,48.488227084079256,34.54292068203402,71.25093320418394,157.88905355712683,56.32351423671002,40.73893305460612,40.082957903544106,17.790000915527344,39.49747321856058
26,2026-02-10,WMT,126.19966125488281,128.829235341004,125.89088787029975,128.43082101222566,24662000.0,1.0,3.6546494506751372,130.68247824086728,111.78024987802918,63.51310170368858,134.86425609037477,42.92706692084964,118.47031148274739,114.2647819519043,17.790000915527344,39.49747321856058
27,2026-02-11,AAPL,275.24639892578125,279.92208361183503,274.1973776592452,274.44714753122867,51931300.0,2.0,3.262255143578386,283.67226006525846,240.04480994206574,57.681068743999425,112.46890647130905,23.793962864585925,262.59581756591797,268.6543800354004,17.649999618530273,70.65697009996889
27,2026-02-11,AMGN,361.32879638671875,363.2311723564923,355.82874208516364,359.90945179310734,2826000.0,2.0,10.099608919340142,376.30844838723544,312.9269336928427,60.080593680270255,119.8914427199994,30.165556806982607,337.5852284749349,332.38191680908204,17.649999618530273,70.65697009996889
27,2026-02-11,AMZN,204.0800018310547,208.57000732421875,202.49000549316406,208.05999755859375,65545500.0,2.0,-6.622450835619816,257.5602709728835,204.86372805055404,36.923727234363334,-216.17156228964814,49.63738267336284,233.74599965413412,231.02900009155275,17.649999618530273,70.65697009996889
27,2026-02-11,AXP,352.8943786621094,368.3355535680419,352.83457018049273,366.40166487202373,3437100.0,2.0,-2.8289901077894797,366.3733532941136,347.2765307390895,47.34387348740771,-33.72061922623363,6.620251469163353,361.89731852213544,363.6565587361654,17.649999618530273,70.65697009996889
27,2026-02-11,BA,236.25999450683594,244.6999969482422,235.5,244.47999572753906,5791000.0,2.0,3.1545879437441897,255.49385428922716,229.37214302522597,55.59077151915018,6.7869647312871,17.863071338121372,238.1469991048177,218.96083348592123,17.649999618530273,70.65697009996889
27,2026-02-11,CAT,773.52734375,774.0662957102252,754.663233192813,757.2383477300212,3926300.0,2.0,35.90847001593477,759.4772027174522,584.7684271653602,71.6712360090887,217.84221952962477,51.82761176005152,649.7727722167969,612.7503804524739,17.649999618530273,70.65697009996889
27,2026-02-11,CRM,184.53846740722656,193.1868359181489,181.35642329067295,192.66812893714805,16350200.0,2.0,-15.251854173624992,247.32618642316686,178.67738260759484,30.699674822547053,-131.64065957203334,55.102944145871945,228.1410873413086,237.75764846801758,17.649999618530273,70.65697009996889
27,2026-02-11,CSCO,85.07898712158203,86.67036247951226,84.67119315484064,85.59618126730575,34455800.0,2.0,2.593018258443351,87.63026373029535,69.80763528703864,65.07552653679872,163.09538800935596,56.02642955642856,77.42771275838216,77.09934298197429,17.649999618530273,70.65697009996889
27,2026-02-11,CVX,182.34967041015625,183.03659435681914,180.1220602788604,180.5047761187025,10502100.0,2.0,6.448136083465812,183.56180134676129,156.3404630575356,70.58670573960939,157.66879010940056,73.84938058866068,165.10747884114582,156.362557220459,17.649999618530273,70.65697009996889
27,2026-02-11,DIS,108.12000274658203,109.87000274658203,107.80000305175781,108.93000030517578,9374900.0,2.0,-1.0939088098447343,115.81079641260459,103.82120355687783,47.7034712173167,-69.12947767863659,3.2929296662327627,111.13766657511393,109.3466896057129,17.649999618530273,70.65697009996889
27,2026-02-11,GS,935.5218505859375,958.8358420327925,922.3396305822372,941.5137577786719,2654300.0,2.0,6.478413316922683,965.457477915204,893.4578113914367,56.657491316147535,61.14173481661546,21.90177917964235,926.1407938639323,881.9539683024088,17.649999618530273,70.65697009996889
27,2026-02-11,HD,388.0854187011719,388.82052484623523,379.54252673822134,382.4431478474671,3229900.0,2.0,6.162976882397118,388.9315065218745,368.3774229214849,58.132439330649945,89.43618155824305,22.929823020961372,370.5662068684896,358.7693791707357,17.649999618530273,70.65697009996889
27,2026-02-11,HON,240.1810302734375,242.48684917479108,236.6381850366208,241.45764990787015,4192200.0,2.0,9.323391511730819,243.28220298496458,205.12400123866823,71.30752913634497,139.3856555106248,65.64315598104143,216.24737294514975,204.0333053588867,17.649999618530273,70.65697009996889
27,2026-02-11,IBM,270.8168029785156,291.3556408691464,270.3700786344661,290.2041123840205,7628200.0,2.0,-3.289946599579764,310.73399770363056,275.58114817039285,42.72724241758851,-206.87975612764635,17.5780089823356,294.34930928548175,296.9854487101237,17.649999618530273,70.65697009996889
27,2026-02-11,JNJ,238.21633911132812,238.61194270447737,234.79430917447928,236.7130182930035,6803900.0,2.0,7.618392312197784,241.865840719892,208.51297092561583,76.36511952251307,126.57207746840798,50.507105018359255,218.41211853027343,210.71367899576822,17.649999618530273,70.65697009996889
27,2026-02-11,JPM,309.2374267578125,323.6237932822943,307.15807190859783,321.5941717066872,8703500.0,2.0,0.5480054489887607,321.74242024561096,292.5318992123968,49.612347697407046,2.7103362604337,8.640431140959024,312.71458841959634,310.8196584065755,17.649999618530273,70.65697009996889
27,2026-02-11,KO,78.06324005126953,78.51017155318033,76.057037940434,76.35498469774771,22649700.0,2.0,2.0294019141330466,79.6677566993346,68.19256053089,66.17793400227342,129.51539352777837,39.72674426831141,72.2634521484375,71.24398473103841,17.649999618530273,70.65697009996889
27,2026-02-11,MCD,321.41448974609375,323.393455500505,319.02782833702196,321.7824294600363,4553200.0,2.0,4.471993071515612,328.86002731081913,298.1871406579309,58.637844692814106,112.40929752667726,30.240021902449644,310.31981506347654,309.13863677978514,17.649999618530273,70.65697009996889
27,2026-02-11,MMM,171.1925048828125,173.25254595226735,170.7864328466588,172.33147120498435,2996900.0,2.0,1.8417065191260917,175.30653464443887,147.01671517245566,57.08415870965855,145.43498641431023,28.20591759374838,161.7023890177409,163.14046427408854,17.649999618530273,70.65697009996889
27,2026-02-11,MRK,118.43279266357422,118.4824280770564,115.45484961386262,116.17948575487813,10885300.0,2.0,3.5243653986701418,121.38164364640022,102.25096591170524,65.59181386371588,135.29831009356073,35.46951942596602,110.33411585489908,104.73800506591797,17.649999618530273,70.65697009996889
27,2026-02-11,MSFT,402.57720947265625,414.61360447479314,399.23212070980424,414.3348470778888,42491000.0,2.0,-18.506078847394463,491.2855907660396,381.10142705622604,35.703786638061885,-117.68766393548965,37.3104571390451,449.5589884440104,466.1677958170573,17.649999618530273,70.65697009996889
27,2026-02-11,NKE,61.38956069946289,63.02399370780837,60.729883165099054,62.915687544032636,15511900.0,2.0,-0.3609443947372242,65.26587201629344,59.83296106781301,47.19560629885847,-66.22511774801916,14.63985494064799,62.84873390197754,62.66916097005208,17.649999618530273,70.65697009996889
27,2026-02-11,NVDA,190.0397186279297,193.24953637655122,188.75978911487715,192.43958265041238,144192700.0,2.0,0.29799491784501697,196.46807045735935,174.16486716471096,52.83852461794887,89.50250046151598,8.224311749618312,185.80794270833334,183.8826883951823,17.649999618530273,70.65697009996889
27,2026-02-11,PG,158.80419921875,159.93567853239364,157.00772913824767,157.45436291960067,10217300.0,2.0,4.053060509406379,161.45513774089798,139.16781605548871,64.08641550231714,139.43771313615866,44.29231455266843,146.80904490152994,144.96164525349934,17.649999618530273,70.65697009996889
27,2026-02-11,SHW,365.2134094238281,365.4821060689547,361.09321196956506,362.1580974416377,1451500.0,2.0,6.350617052783946,367.66740706828625,341.3334626826903,59.55337710762826,107.4012953832636,33.40795325387646,348.7814432779948,338.9165557861328,17.649999618530273,70.65697009996889
27,2026-02-11,TRV,297.9450988769531,299.12081046406786,292.7041727621469,296.8391406230211,1876400.0,2.0,4.328402465336012,304.54835566199876,262.1003107198372,59.672259168612925,127.35128585874497,19.669515697730436,283.2592356363932,284.89728393554685,17.649999618530273,70.65697009996889
27,2026-02-11,UNH,276.7583923339844,277.53237392426894,267.7186543791748,270.3383030122331,6333100.0,2.0,-16.18178619998355,368.9557612456951,239.13178758242992,39.39244507269605,-95.98407951552583,55.707986411261565,315.0434265136719,319.1944422403971,17.649999618530273,70.65697009996889
27,2026-02-11,V,328.558837890625,330.3551322103828,325.74469522888825,326.24366079752514,8264300.0,2.0,-2.7192760876799866,332.1815263239851,321.2133192570696,46.98370777846013,-38.306886065315645,9.020928400866723,333.68955485026044,334.60467325846355,17.649999618530273,70.65697009996889
27,2026-02-11,VZ,48.24436950683594,48.41184866292417,46.4710386884221,46.48089261417525,48933100.0,2.0,2.1603754483903757,49.43145442190817,34.58093495187113,74.12461968185427,160.38499685947923,62.65330574213376,41.04040997823079,40.223528416951496,17.649999618530273,70.65697009996889
27,2026-02-11,WMT,128.26148986816406,129.22766054156153,126.12993376438375,126.19965702951212,19232100.0,2.0,3.70628194903486,131.58035472002527,111.72005192670323,65.31927112097719,135.23619263684958,44.12439229303717,119.00950698852539,114.7036849975586,17.649999618530273,70.65697009996889
28,2026-02-12,AAPL,261.4891052246094,275.46621856633783,259.94051360693726,275.3363333447182,81077200.0,3.0,2.3777472119033405,283.74513683507627,240.1730531673651,48.05624362237588,26.97938686453997,7.213796343836852,262.2263361612956,268.48078435262045,20.81999969482422,175.32252479242348
28,2026-02-12,AMGN,360.95428466796875,365.5672375686446,359.8306004565517,361.407686855534,2374500.0,3.0,9.865549270711938,377.4209747476575,315.48407591152215,59.92836589746674,119.17462145205984,32.5637786960781,338.8176513671875,332.9050598144531,20.81999969482422,175.32252479242348
28,2026-02-12,AMZN,199.60000610351562,203.9600067138672,197.55999755859375,203.9600067138672,83975400.0,3.0,-7.920098983235391,259.0906125067579,199.6283877373827,35.3658351527538,-211.70156466484735,53.67185958812748,232.64833323160806,230.44416681925455,20.81999969482422,175.32252479242348
28,2026-02-12,AXP,341.7994384765625,357.92844084585215,339.3073170812556,355.37651097077014,4141900.0,3.0,-3.7984630688948187,367.7291744838016,344.3875552525265,43.39097063147384,-127.74205737902203,25.59030546460387,360.91102396647136,363.4321299235026,20.81999969482422,175.32252479242348
28,2026-02-12,BA,239.35000610351562,245.6699981689453,235.97000122070312,239.25999450683594,6980800.0,3.0,2.903559333335778,255.40272540493206,229.1372724588375,57.22707064346277,15.072280384015015,19.79150374420448,238.84199930826824,219.70800018310547,20.81999969482422,175.32252479242348
28,2026-02-12,CAT,756.8490600585938,788.3091846105693,754.5734242387266,775.2141203737337,4893400.0,3.0,37.39904331012485,771.5142149062594,584.8115114120999,68.40474281178084,188.05902881736887,55.19701983914771,655.8361531575521,616.1697570800782,20.81999969482422,175.32252479242348
28,2026-02-12,CRM,184.96739196777344,187.85019676410866,179.7903524842344,185.49608375552793,16849100.0,3.0,-15.452301142395982,244.5203767715883,176.0826978744078,30.943438596123784,-127.86483864225049,56.16726306545845,225.46477966308595,236.79609756469728,20.81999969482422,175.32252479242348
28,2026-02-12,CSCO,74.59579467773438,79.93685630843974,73.69069539327175,79.18095013098791,68098600.0,3.0,1.8071718370914027,87.59795939597174,69.8986218723388,46.99696220975506,-25.76938446652021,13.435951632386702,77.36147232055664,77.05649452209472,20.81999969482422,175.32252479242348
28,2026-02-12,CVX,178.99354553222656,182.33005712163924,178.68933739639448,182.33005712163924,9673700.0,3.0,6.307657657121439,184.58626294195605,156.8036876195674,66.36660082508571,127.92388599804029,63.66809348091118,166.0917475382487,156.79631779988605,20.81999969482422,175.32252479242348
28,2026-02-12,DIS,102.37999725341797,108.16000366210938,101.0199966430664,107.93000030517578,25319600.0,3.0,-1.5064570217753186,115.84377451611964,102.67322530077489,42.49987792582633,-176.06342414751379,29.632195346146727,110.72399978637695,109.30153986612956,20.81999969482422,175.32252479242348
28,2026-02-12,GS,895.8662719726562,959.0934320339674,895.3017367413962,946.9907130858718,3188700.0,3.0,3.5861477705037714,967.0322791175938,889.0980065269375,51.075607589779636,-47.143245606277375,5.659182862738367,926.8053548177083,883.8941884358724,20.81999969482422,175.32252479242348
28,2026-02-12,HD,387.62847900390625,394.98927147987234,386.4165800338773,390.9363505278487,3702200.0,3.0,6.278292356357383,390.07590401238303,368.65054862433567,57.9106963575313,113.28336196752227,31.44382404366594,372.0188283284505,359.26918131510416,20.81999969482422,175.32252479242348
28,2026-02-12,HON,237.3408203125,243.0806254728607,236.70746343896897,241.88317734768754,6536100.0,3.0,9.145140964860076,244.37792158766277,206.67947892503256,68.49565711394179,126.60976739493051,66.2859466977621,217.68133392333985,204.70608291625976,20.81999969482422,175.32252479242348
28,2026-02-12,IBM,257.6238708496094,269.31780200173444,255.34068734461837,268.32510825267593,12565400.0,3.0,-5.613353000901839,313.62133370866354,267.95289724836766,39.3838672921348,-346.4494281764628,30.3843466167214,292.9986623128255,296.25024261474607,20.81999969482422,175.32252479242348
28,2026-02-12,JNJ,241.86582946777344,243.64607573939497,237.0492721813156,237.84049442329282,10254300.0,3.0,7.924221712855626,244.15261841438482,208.7976562438183,77.9952053609159,136.85373208980383,58.46945825849438,219.65301411946615,211.53549448649088,20.81999969482422,175.32252479242348
28,2026-02-12,JPM,301.09906005859375,312.0231336727285,298.492374829366,310.68996020493864,13443400.0,3.0,-0.3458534449569015,321.72816797638575,292.02581456755956,46.28996483681426,-64.18949432225935,20.542299582724713,312.0736124674479,310.82618103027346,20.81999969482422,175.32252479242348
28,2026-02-12,KO,78.46051025390625,79.86088502338698,78.2519452498483,78.44065016759795,26043500.0,3.0,2.084551011515913,80.2030674771561,68.40808669764859,66.85424096476979,144.86114238655952,46.93454108633019,72.55908610026042,71.3819746653239,20.81999969482422,175.32252479242348
28,2026-02-12,MCD,330.2351989746094,331.5279953574491,318.37148039970236,327.99769828881847,6499700.0,3.0,5.047802348876587,331.36983046531077,298.059030008322,63.51364753828597,149.15551552123208,46.533924553340476,311.1170277913412,309.5841710408529,20.81999969482422,175.32252479242348
28,2026-02-12,MMM,172.9356231689453,175.70877631560407,170.74680874288592,171.72732083441878,4525600.0,3.0,2.392061723533118,176.1597742265848,146.62104394968472,58.17792882956651,148.35383977110752,33.13939709413654,162.1460927327474,163.25650736490886,20.81999969482422,175.32252479242348
28,2026-02-12,MRK,118.36331176757812,120.71588958550294,117.25155117038922,118.13500703349872,13453300.0,3.0,3.537483621171731,122.18785247174992,102.26170578630672,65.48512472592523,139.9122609938461,41.66833855829154,110.77021916707356,105.18647435506185,20.81999969482422,175.32252479242348
28,2026-02-12,MSFT,400.05841064453125,404.3990960787573,396.24540458526855,403.20440420967,40802400.0,3.0,-18.700659067154504,489.73242799505056,376.9260986162776,35.26185790065867,-119.84159980921696,38.854200227194546,446.71697794596355,464.3859486897787,20.81999969482422,175.32252479242348
28,2026-02-12,NKE,60.158817291259766,61.75386560020932,59.91266827819252,61.36987374077416,13602400.0,3.0,-0.4824776635514709,65.07296462099931,59.58575348813155,45.35948442751219,-134.75201033155838,20.85445093887427,62.84578018188476,62.62546265920003,20.81999969482422,175.32252479242348
28,2026-02-12,NVDA,186.9298858642578,193.5995230748733,186.49990120030046,193.01955263160718,189932500.0,3.0,0.3789645647488271,196.6306615785224,174.38225651229794,51.15178166070324,55.204759722044635,3.1011107834790503,185.7879440307617,183.82903467814128,20.81999969482422,175.32252479242348
28,2026-02-12,PG,160.00515747070312,161.92072579242517,158.45680385674487,158.8240488540049,13512900.0,3.0,4.21644961063555,162.65713045998305,139.5431228359154,65.11718527801247,143.07254497930833,49.42119301576722,147.41036834716797,145.2028470357259,20.81999969482422,175.32252479242348
28,2026-02-12,SHW,370.81646728515625,373.07559045487534,365.6114909941093,368.2289067311243,2305600.0,3.0,6.893318692776518,370.4160201445725,340.4011124237869,61.56475162620311,143.0159441403366,43.83829045848325,350.32203369140626,339.5869984944662,20.81999969482422,175.32252479242348
28,2026-02-12,TRV,296.35089111328125,300.90431805836664,294.268477461634,300.8744281172179,2063600.0,3.0,4.42197745859994,305.8055265643061,263.30318315249076,58.4275765897732,126.8469649255121,23.3584714716398,283.426958211263,285.08446909586587,20.81999969482422,175.32252479242348
28,2026-02-12,UNH,282.17626953125,284.1013061426968,273.68230666683036,276.01418403452675,12336900.0,3.0,-15.221659896773133,365.711026234994,237.35654883824822,41.16551766118312,-75.66249135864038,43.43394052913608,313.46271464029945,318.60997873942057,20.81999969482422,175.32252479242348
28,2026-02-12,V,323.50933837890625,331.55266164507725,323.3297180668246,328.20961639281825,9392600.0,3.0,-2.877622536817171,332.1176784047615,320.846799134301,44.63074201290799,-50.664835511836976,14.702626438589029,332.7344584147135,334.51883697509766,20.81999969482422,175.32252479242348
28,2026-02-12,VZ,48.72710418701172,49.49554875569801,48.17540463409692,48.17540463409692,56131100.0,3.0,2.321406940875157,50.359993981109625,34.60112547994994,74.92861082260448,160.93871762347962,66.8392084188394,41.35087661743164,40.37295144399007,20.81999969482422,175.32252479242348
28,2026-02-12,WMT,133.1122589111328,133.95890836521818,128.79935613162505,128.86908699895253,33382700.0,3.0,4.091453864863652,133.4369935729251,111.21804182746553,69.04823555841567,171.2643348432314,55.87497814570986,119.73064778645833,115.22442817687988,20.81999969482422,175.32252479242348
29,2026-02-13,AAPL,255.5445556640625,261.9886306947134,255.21485759663088,261.7688319830923,56290700.0,4.0,1.183450751066971,283.74680608799247,239.95272241542546,44.72062340343958,-38.03778094405268,14.777379630511414,261.6992935180664,268.2904604593913,20.600000381469727,48.75877474813032
29,2026-02-13,AMGN,366.4229736328125,367.6437658542457,358.99902431053516,359.9419163054047,2414200.0,4.0,10.005989984558198,379.02139501838224,317.9957131359147,61.40552053671253,118.70063969713932,34.69478215866237,340.2777048746745,333.4382797241211,20.600000381469727,48.75877474813032
29,2026-02-13,AMZN,198.7899932861328,201.16000366210938,197.27999877929688,198.8800048828125,66321600.0,4.0,-8.911133751178568,259.762260903043,195.0177394021328,35.088924640737176,-187.66863941840867,53.896087123920935,231.5806660970052,229.87616678873698,20.600000381469727,48.75877474813032
29,2026-02-13,AXP,336.4364013671875,343.78317065702544,335.15045815952396,341.52033529435045,3814400.0,4.0,-4.942554952344551,369.6668967492907,340.4690956823499,41.651980550612166,-183.92037701230342,30.24519482057914,359.8600128173828,363.3823933919271,20.600000381469727,48.75877474813032
29,2026-02-13,BA,242.9600067138672,246.50999450683594,240.72000122070312,241.24000549316406,6835400.0,4.0,2.9617727575357264,254.91622608254036,229.1457719032995,59.05057859857524,39.28323998260183,21.497654497686444,239.70333302815754,220.56050033569335,20.600000381469727,48.75877474813032
29,2026-02-13,CAT,772.7288818359375,782.510247748964,745.999739795348,763.5463514387212,3232800.0,4.0,39.40743787544511,785.4956496718995,583.6587265488037,69.76213549702592,168.110366589787,48.51277495398797,662.5788899739583,619.8866587320964,20.600000381469727,48.75877474813032
29,2026-02-13,CRM,189.2467041015625,192.9673945570117,183.84022727724403,185.97488798072564,14822900.0,4.0,-15.091882259479604,241.82389916514828,174.4091055955939,33.36261826333083,-105.97556470972354,44.22519453985676,222.9646993001302,236.01591517130535,20.600000381469727,48.75877474813032
29,2026-02-13,CSCO,76.43582153320312,76.88340084703938,73.02430694126029,73.97913218719052,42886400.0,4.0,1.3176684146782236,87.55754146557268,70.09817752856793,49.54220031509052,-37.396708659949745,15.865876262425962,77.36909764607748,77.04794069925944,20.600000381469727,48.75877474813032
29,2026-02-13,CVX,180.30853271484375,181.38798046319917,178.32625343131178,179.13093157289887,9034700.0,4.0,6.230613335868213,185.59357162067468,157.52154831340735,67.16235513607538,117.1126685201228,61.11206221589808,167.1165776570638,157.2972839355469,20.600000381469727,48.75877474813032
29,2026-02-13,DIS,105.44999694824219,105.5199966430664,101.19999694824219,101.4000015258789,12845300.0,4.0,-1.5676106933956362,115.35080609239304,102.37019305311478,45.77268741715873,-152.27936446584943,29.632195346146734,110.44666646321615,109.30937779744467,20.600000381469727,48.75877474813032
29,2026-02-13,GS,896.4506225585938,897.2924383338793,860.6575539652756,885.8235900215421,2623000.0,4.0,1.3258748361992048,961.527297428867,887.5988866531642,51.148972703558016,-214.95950742366375,10.647742854233824,927.6683247884115,886.0962758382161,20.600000381469727,48.75877474813032
29,2026-02-13,HD,388.45294189453125,391.38336244489005,384.5291928711457,387.6086111767133,2875900.0,4.0,6.36286086590485,391.31724039026733,368.5903127103186,58.20824461572633,103.26101928995672,26.860286537187694,373.5734344482422,359.8539510091146,20.600000381469727,48.75877474813032
29,2026-02-13,HON,238.87474060058594,240.69563975970658,236.47985940426912,237.15279448899747,5330200.0,4.0,9.023631858927047,245.58018542393714,208.0858576668832,69.17477018251215,117.43742800800489,65.02087247570414,219.20831960042318,205.45324681599934,20.600000381469727,48.75877474813032
29,2026-02-13,IBM,260.4630126953125,262.72635342229563,254.76495978935756,258.1003965261278,6842600.0,4.0,-7.143231566942461,315.5776683059043,262.6332295212441,40.421723523358516,-300.4810860209232,30.82446921383796,291.93480224609374,295.70251922607423,20.600000381469727,48.75877474813032
29,2026-02-13,JNJ,240.7779083251953,242.26144443944952,239.9471317231273,241.90539516837612,13268500.0,4.0,7.986741389030328,245.8610105598225,209.4510530388103,76.37087894838056,126.24293114614072,58.46945825849438,220.8563268025716,212.27939173380534,20.600000381469727,48.75877474813032
29,2026-02-13,JPM,301.0094909667969,302.740652037527,295.0101951931391,297.0000117729552,9114500.0,4.0,-1.0493740051436475,321.61630798738105,291.4700872762908,46.254698534445644,-90.33387249616692,24.753067158122214,311.4692687988281,310.884694925944,20.600000381469727,48.75877474813032
29,2026-02-13,KO,78.14269256591797,78.85777687982574,77.59644549910142,77.91425990780563,16711900.0,4.0,2.0786504487539474,80.4813826683124,68.94417122573056,65.76591270479551,118.08445124486677,38.35161981713578,72.84942296346028,71.52255770365397,20.600000381469727,48.75877474813032
29,2026-02-13,MCD,325.7602233886719,333.8053087531176,324.7160684585372,330.65290529535616,3587900.0,4.0,5.084432051077442,332.58373707896897,298.7305909239607,59.81323062930482,145.95482619351836,50.02699806736833,311.8446299235026,309.99021504720054,20.600000381469727,48.75877474813032
29,2026-02-13,MMM,170.93597412109375,173.8011458755807,169.70234859522853,173.60217793406198,3178200.0,4.0,2.636475572473131,176.41707296585676,146.5114121415651,56.46997472466603,116.00800318891001,29.106661001824264,162.55846608479817,163.37537282307943,20.600000381469727,48.75877474813032
29,2026-02-13,MRK,120.51736450195312,122.42324632544639,120.14015351774219,120.60669916244444,10102300.0,4.0,3.6792814937237353,123.31209154336037,102.17379178793846,67.19634897308038,156.30564045305303,45.91393715295307,111.30459467569987,105.67182871500651,20.600000381469727,48.75877474813032
29,2026-02-13,MSFT,399.5407409667969,403.7420326637702,396.2852191820681,402.65686886295305,34091600.0,4.0,-18.68129062026543,487.96919214032596,373.1798709700256,35.169306228961304,-110.55860289641343,38.854200227194546,443.9858072916667,462.64002532958983,20.600000381469727,48.75877474813032
29,2026-02-13,NKE,62.15754699707031,62.40369599891337,60.641268244292526,60.641268244292526,20180900.0,4.0,-0.412754890067184,64.93602323345473,59.57894411273668,48.71167177807371,-64.82118951396778,13.811245095154767,62.82674471537272,62.63578491210937,20.600000381469727,48.75877474813032
29,2026-02-13,NVDA,182.80010986328125,187.4898586352177,181.58017462912434,187.4698554447334,161888000.0,4.0,0.10864281720529334,196.4571578785541,174.1317825511334,49.00280413323096,-40.49241912894215,7.129723721926828,185.66495056152343,183.76604461669922,20.600000381469727,48.75877474813032
29,2026-02-13,PG,158.87368774414062,161.35500342594642,158.51637768017062,160.531204802217,13998900.0,4.0,4.206150613631905,163.23242040301912,140.6014953074301,63.3452206037875,125.31651446289553,49.421193015767216,147.99828592936197,145.4555778503418,20.600000381469727,48.75877474813032
29,2026-02-13,SHW,367.12420654296875,375.96167411732284,365.4621871598814,372.6575894241099,2162200.0,4.0,6.945416628519013,371.9249060351897,340.1621178905916,59.54613085530076,137.6650291113978,47.198408296732,351.8102081298828,340.28497416178385,20.600000381469727,48.75877474813032
29,2026-02-13,TRV,293.142578125,296.3608704175949,290.9406046652552,295.17518538384195,1764500.0,4.0,4.18896449461505,306.16883995064165,265.21857154838176,55.99594500716001,89.74586784782598,13.007398041601165,283.564789835612,285.26416575113933,20.600000381469727,48.75877474813032
29,2026-02-13,UNH,290.92822265625,291.1961288714354,282.3151907629167,283.42654580952046,10281900.0,4.0,-13.597796476630776,361.4365895617785,237.08929239622938,43.907734634771906,-53.246104371332436,31.468996639701846,312.2415415445964,318.19339447021486,20.600000381469727,48.75877474813032
29,2026-02-13,V,313.4302062988281,325.8045770845193,312.1728337423736,323.1600351388152,11653900.0,4.0,-3.7729230542178698,333.94864799608104,317.7189636982549,40.44797945217128,-118.13025387349764,34.808438893343954,331.5399912516276,334.3358881632487,20.600000381469727,48.75877474813032
29,2026-02-13,VZ,48.28377151489258,48.697549937837145,47.909405034813375,48.43155032840949,31998500.0,4.0,2.3857508663750835,51.03897975486026,34.87284008461729,72.78017631148506,133.09934614260152,62.072891578006825,41.64559720357259,40.51579265594482,20.600000381469727,48.75877474813032
29,2026-02-13,WMT,133.36126708984375,134.118260374443,131.22971856884888,132.17596397423097,24131200.0,4.0,4.366464378816261,135.06208784293736,111.05614640999231,69.2239627609161,160.9380675473909,56.20656083932337,120.47702153523763,115.741535059611,20.600000381469727,48.75877474813032
30,2026-02-17,AAPL,263.6371154785156,266.0449008431299,255.30478047881587,257.8124646511843,58469100.0,1.0,0.8798221045440187,283.95048581505614,240.60714205359628,49.643020771833214,0.5313281237965025,6.7900186572862635,261.4702824910482,268.2353452046712,20.290000915527344,53.72815502992073
30,2026-02-17,AMGN,370.56170654296875,371.96114243262656,366.2343986477319,368.1003131672756,2255400.0,1.0,10.332148838842727,380.793942420197,320.71164229659985,62.48811361972371,129.8460198431356,38.98033194499511,341.8648732503255,334.00328776041664,20.290000915527344,53.72815502992073
30,2026-02-17,AMZN,201.14999389648438,201.74000549316406,196.0,198.1300048828125,69879200.0,1.0,-9.397771953713658,259.38509399261847,191.59790619048698,36.585462926679355,-160.0032771172255,54.96132546688632,230.73566589355468,229.5194999694824,20.290000915527344,53.72815502992073
30,2026-02-17,AXP,343.4442443847656,345.5376325134648,336.93482429207376,337.662534716363,3186000.0,1.0,-5.223567612307818,368.9514117341713,339.1649639982505,44.650509109980995,-146.65976839963093,26.67003010206252,358.9229746500651,363.4592346191406,20.290000915527344,53.72815502992073
30,2026-02-17,BA,244.0399932861328,245.4199981689453,238.92999267578125,243.61000061035156,4864700.0,1.0,3.059781944567902,254.49894651765754,229.19905152921746,59.583825340723585,28.75177945819883,15.882566823251087,240.24566599527995,221.4673334757487,20.290000915527344,53.72815502992073
30,2026-02-17,CAT,763.3068237304688,772.9484411321599,748.5748607243452,763.5463579388321,3450300.0,1.0,39.78026159911519,795.3966240356182,585.6730720093036,67.96978509552028,142.01790609185713,48.512774953987964,668.1598266601562,623.5323272705078,20.290000915527344,53.72815502992073
30,2026-02-17,CRM,183.83023071289062,192.51850789587922,182.71302973459214,190.49357351235233,13692900.0,1.0,-15.069598877835375,240.18132679635193,171.78035991019107,31.899392007595353,-105.05338985590203,45.211721012665976,220.65946451822916,235.20405019124348,20.290000915527344,53.72815502992073
30,2026-02-17,CSCO,76.43582153320312,77.15194236471993,76.0678204752067,76.535281073519,24792700.0,1.0,0.9191381730191637,87.50935768899105,70.31146674338201,49.54220031509052,-16.028911576646845,14.481550128102388,77.39595209757486,77.04614715576172,20.290000915527344,53.72815502992073
30,2026-02-17,CVX,178.91131591796875,182.13181864245064,177.11774605065898,181.63635668483803,9849000.0,1.0,5.987787945553038,186.16265687922453,158.52809782048251,65.4600014936141,102.8721836017126,52.63098941353509,167.98067321777344,157.7666219075521,20.290000915527344,53.72815502992073
30,2026-02-17,DIS,105.44000244140625,107.27999877929688,104.37000274658203,106.56999969482422,10467400.0,1.0,-1.598455887450939,115.13646927763585,102.00853041718835,45.76391495662557,-103.2468707635359,19.942109979554306,110.23299992879232,109.30728200276693,20.290000915527344,53.72815502992073
30,2026-02-17,GS,907.2459106445312,912.7030238135872,896.9853820977502,899.0156898208336,2008500.0,1.0,0.4010586257367095,957.5041628613295,887.0701413378891,52.509949727035135,-113.818935894364,3.08283385741434,927.7244445800782,888.4661305745443,20.290000915527344,53.72815502992073
30,2026-02-17,HD,380.49615478515625,391.383358503058,377.97301500104965,389.6251243794935,3485300.0,1.0,5.721877554222317,391.4092671359973,368.7833781276746,54.37080695870431,68.70690133896612,12.317089987829197,374.8058614095052,360.660595703125,20.290000915527344,53.72815502992073
30,2026-02-17,HON,240.1315460205078,242.20975630270067,237.18247946708462,237.18247946708462,3699800.0,1.0,8.925856987674962,247.04228308178114,208.92561852954697,69.72786954609404,115.64088974629287,66.81614482663828,220.75113881429036,206.29772338867187,20.290000915527344,53.72815502992073
30,2026-02-17,IBM,256.4227294921875,258.7952821826409,252.78946659930781,257.30624150332676,4929700.0,1.0,-8.582751820734188,316.3463150972208,257.3352095609823,39.427919373423045,-272.0585118509658,32.39225044230395,290.8912343343099,295.2062342325846,20.290000915527344,53.72815502992073
30,2026-02-17,JNJ,240.6592254638672,241.80649699124882,239.21524370129245,241.450447727279,12703000.0,1.0,7.935239466736107,247.1355154564171,210.61647123791883,76.19180701515766,114.40800091793423,54.34433786631764,222.04249623616536,213.01443176269532,20.290000915527344,53.72815502992073
30,2026-02-17,JPM,305.5661926269531,306.6705262718474,300.95976231603305,301.21844819128046,8896800.0,1.0,-1.2251090807743594,321.21558863711914,291.3395261089746,48.32653898557067,-51.090456404867936,17.256646902446608,310.9091868082682,311.0350006103516,20.290000915527344,53.72815502992073
30,2026-02-17,KO,79.01667785644531,79.09613335049202,78.20227798569883,78.45057072162511,16260200.0,1.0,2.1200588008343146,80.78307191271402,69.54825285535237,67.2811421293624,118.8182619200616,39.720295199768785,73.19504623413086,71.66883099873861,20.290000915527344,53.72815502992073
30,2026-02-17,MCD,325.79998779296875,330.2352029302544,323.1945473744375,328.1667711801981,3367200.0,1.0,5.058360379343071,333.4879379172927,299.8341720680588,59.83474166069835,119.95646889525554,43.33875693018873,312.65211791992186,310.402028910319,20.290000915527344,53.72815502992073
30,2026-02-17,MMM,166.757568359375,170.61761011052747,166.38947691536862,169.12532780635374,4748900.0,1.0,2.4646024808506013,176.48520788344962,146.49994073715584,53.10024876328647,66.19273417016633,17.082327831443408,162.77477569580077,163.41799570719402,20.290000915527344,53.72815502992073
30,2026-02-17,MRK,120.67617797851562,122.17507809365189,119.91184259828368,121.46037055336703,9899800.0,1.0,3.761116440506214,124.26547056326258,102.48504518380774,67.3199260522296,137.24329975963462,44.41147892732578,111.80488917032878,106.1012680053711,20.290000915527344,53.72815502992073
30,2026-02-17,MSFT,395.1004943847656,398.7442713079252,392.78083787972264,397.45004705087115,32078800.0,1.0,-18.80743141491314,485.41586662095705,369.4611292286523,34.36887862548572,-111.01048401070669,40.808469015996515,441.46105041503904,461.04699350992837,20.290000915527344,53.72815502992073
30,2026-02-17,NKE,63.82151412963867,63.82151412963867,61.97047254837756,61.97047254837756,12347500.0,1.0,-0.22068690721715,65.00281591136512,59.55547418873254,51.2855344413745,20.657285150440472,0.19277462883407337,62.87728729248047,62.680525334676105,20.290000915527344,53.72815502992073
30,2026-02-17,NVDA,184.95999145507812,187.13986615921206,179.17029624003743,181.74016448672575,162276900.0,1.0,0.0679124261141908,196.3863896576967,174.07655895070175,50.13620398061636,-40.655571461836736,11.71687707829745,185.5356241861979,183.82637634277344,20.290000915527344,53.72815502992073
30,2026-02-17,PG,158.35755920410156,160.95797301763113,157.69256846341835,158.75456362862204,13319100.0,1.0,4.108975611490564,163.4456229751601,141.98019947357037,62.54211949079612,109.76189684130767,43.170281386660534,148.61893310546876,145.68048858642578,20.290000915527344,53.72815502992073
30,2026-02-17,SHW,366.17877197265625,370.66719352672266,362.9741840373303,368.4279636754654,1336000.0,1.0,6.831664770531461,373.0625816866909,340.03060373811377,59.03340781600317,114.01634327030561,39.50683176475147,353.1404774983724,341.0166224161784,20.290000915527344,53.72815502992073
30,2026-02-17,TRV,298.1443786621094,299.42967653775514,295.3445760173564,295.9523482893793,1437400.0,1.0,4.35767102442918,306.67051937008773,267.68707645510756,58.763728940839975,115.97711637161258,19.653256947797125,284.0310923258464,285.488520304362,20.290000915527344,53.72815502992073
30,2026-02-17,UNH,286.85986328125,291.9602262062647,286.11564902207004,291.73198959854005,6091700.0,1.0,-12.49511965627272,358.01173001653007,236.35349825495433,42.945187589837076,-49.412044757206935,30.21844373500415,310.6767069498698,317.82301177978513,20.290000915527344,53.72815502992073
30,2026-02-17,V,318.8390197753906,320.71513531219466,313.7595536000123,313.7595536000123,8591700.0,1.0,-3.9999007542878076,334.10013242267195,316.7567218253749,43.3930840554996,-112.85582178696069,34.808438893343954,330.6662353515625,334.3189392089844,20.290000915527344,53.72815502992073
30,2026-02-17,VZ,48.204959869384766,48.76651335892473,48.05718105290734,48.56947618967863,24327500.0,1.0,2.4026877608843833,51.54963543420955,35.34933688634709,72.39841893739938,120.52944422510164,62.370819399177854,41.9444694519043,40.64973468780518,20.290000915527344,53.72815502992073
30,2026-02-17,WMT,128.34117126464844,134.15810517758902,127.65389367589613,132.58434284935956,37995900.0,1.0,4.131704694247134,135.59701031332193,111.43261081094565,61.895176715513585,112.48452555023476,32.34974741557511,121.01123657226563,116.20081850687663,20.290000915527344,53.72815502992073
31,2026-02-18,AAPL,264.106689453125,266.57441720150126,262.20844437502524,263.35737977838915,34203300.0,2.0,0.6693688426553308,283.4911249368006,242.8529210837072,49.91075222816513,26.371253789161003,5.762956342648965,261.3816919962565,268.16942367553713,19.6200008392334,24.092949278506584
31,2026-02-18,AMGN,376.88397216796875,377.7275772710836,367.6635913168735,370.70065449687223,2731900.0,2.0,10.974281394605839,383.1661417895777,323.40198870358637,64.08032615754611,135.50340624489175,44.20771102321744,343.89014689127606,334.6996027628581,19.6200008392334,24.092949278506584
31,2026-02-18,AMZN,204.7899932861328,206.86000061035156,201.50999450683594,202.07000732421875,51003300.0,2.0,-9.381573762751088,259.1863984400793,189.17560107163942,38.8354562068779,-119.79127902632487,41.0284888579185,229.793332417806,229.2211664835612,19.6200008392334,24.092949278506584
31,2026-02-18,AXP,345.1488342285156,346.9531276808179,343.91275175416143,344.99931302942497,1900600.0,2.0,-5.248227713207143,369.13307534694434,338.3901729440713,45.35711054569575,-117.04765852917888,23.740655481594793,357.8078328450521,363.4985087076823,19.6200008392334,24.092949278506584
31,2026-02-18,BA,238.92999267578125,245.0800018310547,238.60000610351562,244.5500030517578,4923000.0,2.0,2.694065082931786,253.59220902838427,229.09878828606884,56.01356791558233,2.8380118797463583,14.8367051908852,240.6056655883789,222.3545000712077,19.6200008392334,24.092949278506584
31,2026-02-18,CAT,750.5410766601562,771.2317269197716,748.9541320943854,763.6561226404459,2563700.0,2.0,38.600673449952865,800.4360068565727,592.9073220008493,65.60724773847849,121.87049778988379,48.512774953987964,672.7280659993489,626.8618398030599,19.6200008392334,24.092949278506584
31,2026-02-18,CRM,187.32150268554688,187.67063560851238,181.40630390682867,183.42126875733624,9852900.0,2.0,-14.601901041089292,238.91738247950798,169.8243564120936,33.83436180228101,-99.89042421249786,46.38686218697761,218.38282470703126,234.5436553955078,19.6200008392334,24.092949278506584
31,2026-02-18,CSCO,77.75865173339844,78.17638633585688,76.07775750524631,76.13743929722334,20648800.0,2.0,0.7019497868571989,87.3060192254742,70.99520224059025,51.3399397729706,-1.5840384619675942,9.162935296775167,77.48215154012044,77.049582417806,19.6200008392334,24.092949278506584
31,2026-02-18,CVX,182.20118713378906,182.25073635678643,180.32834141876847,181.56699639220273,10313400.0,2.0,5.991743102031904,186.9663702966921,159.72321252801493,67.46847734764887,112.67816708066589,52.891832832628594,168.694379679362,158.32219340006512,19.6200008392334,24.092949278506584
31,2026-02-18,DIS,107.0999984741211,107.7300033569336,105.80999755859375,105.95999908447266,8791600.0,2.0,-1.4719849925774042,114.95068161719162,101.87031829125566,47.49294141478004,-70.59563347241097,17.5406776670905,110.00066655476888,109.35950584411621,19.6200008392334,24.092949278506584
31,2026-02-18,GS,924.76611328125,938.6020318265028,911.1481141555994,912.7327903233859,1864900.0,2.0,1.069540054363415,956.5965928833057,887.0229627807569,54.631996281253095,-10.80705956444956,8.193369149678633,927.238818359375,890.9688262939453,19.6200008392334,24.092949278506584
31,2026-02-18,HD,380.97296142578125,382.5623415911367,377.0194127476642,380.20808605237943,2982600.0,2.0,5.192511927464295,391.2675710388666,369.76048987421933,54.55652588737826,40.3852363959003,10.350166727059266,376.11146647135416,361.5077580769857,19.6200008392334,24.092949278506584
31,2026-02-18,HON,238.63722229003906,240.61646441406708,236.6282927421842,240.41854322174808,2853200.0,2.0,8.628328264033513,247.48959426740896,211.0582496656965,68.2222244409077,100.87676939083109,63.53227926467662,222.07228291829426,207.13180898030598,19.6200008392334,24.092949278506584
31,2026-02-18,IBM,258.8846130371094,259.20225201503723,254.37777490364303,256.7503275212299,3949200.0,2.0,-9.416382371309624,317.4422854989926,253.36953090725746,40.35231634936117,-213.75723591126612,31.73476862130113,289.8155588785807,294.7743418375651,19.6200008392334,24.092949278506584
31,2026-02-18,JNJ,242.30101013183594,242.3801338676713,240.15482973047114,240.5702180251247,8129700.0,2.0,7.935427455924895,248.31259331844007,212.08800024845448,76.9647442272555,112.75774714618541,55.31881544657055,223.38361307779948,213.73572158813477,19.6200008392334,24.092949278506584
31,2026-02-18,JPM,307.2077941894531,310.6899733588093,305.6557396172298,306.8894162356143,7209600.0,2.0,-1.217877928994767,321.326444366749,291.829595061962,49.05840031811844,-21.220999707097786,10.027995927477916,310.1212188720703,311.14894816080727,19.6200008392334,24.092949278506584
31,2026-02-18,KO,78.94715881347656,79.29476713985075,78.38105165986912,78.95709264488532,16304900.0,2.0,2.1227953490270153,81.09369621164608,70.00634269826604,67.03699193273792,110.95542778334561,40.88934875685265,73.5774169921875,71.81575368245443,19.6200008392334,24.092949278506584
31,2026-02-18,MCD,326.0685119628906,326.9734300021961,322.03103825468895,325.4519307098029,3661800.0,2.0,5.001709454880029,333.5476451343216,302.26555066645966,59.98437209428998,99.71689145263528,38.29891641557546,313.5812611897787,310.8487976074219,19.6200008392334,24.092949278506584
31,2026-02-18,MMM,163.3253173828125,166.33972633583525,161.67385470391523,165.98157798595727,4211100.0,2.0,2.0280596390746837,176.58217644323798,147.27321143517997,50.537632568053574,13.592292012286254,2.549680056095415,162.81956380208334,163.39037373860677,19.6200008392334,24.092949278506584
31,2026-02-18,MRK,120.7655258178711,120.91441691792988,119.50485896649852,120.3585366155741,7803400.0,2.0,3.789497876703109,125.10954487852662,102.85299479432494,67.39141972238357,116.2511914010536,41.6325172392587,112.27540435791016,106.55483385721843,19.6200008392334,24.092949278506584
31,2026-02-18,MSFT,397.828369140625,400.77523739702553,394.5629123207548,396.3648852083561,23223400.0,2.0,-18.474321727461245,482.8614342634475,366.5479102189743,35.30465459172454,-97.58164683505339,38.074545861356036,439.03020833333335,459.6098937988281,19.6200008392334,24.092949278506584
31,2026-02-18,NKE,64.54027557373047,65.13103171500809,63.319371034968555,63.319371034968555,11211500.0,2.0,-0.010354248108320974,65.27680164866138,59.47053111501051,52.35399045072106,83.57888134605892,10.393369676388122,62.91076393127442,62.734799194335935,19.6200008392334,24.092949278506584
31,2026-02-18,NVDA,187.96981811523438,190.3596881055438,186.7498829478333,188.73978069812654,164749100.0,2.0,0.2753273526950011,196.41108661778682,175.0428074251819,51.684168871635414,49.93770881433175,4.355132250418558,185.5309575398763,183.85088119506835,19.6200008392334,24.092949278506584
31,2026-02-18,PG,155.6876678466797,157.79181864584456,154.60581787124107,157.79181864584456,14434300.0,2.0,3.773032631312077,163.3967464611857,143.11056707641197,58.56855851456426,73.12105471216626,22.623513903534647,149.19723256429037,145.86090113321941,19.6200008392334,24.092949278506584
31,2026-02-18,SHW,364.00921630859375,367.13417019140877,363.00404118437837,366.2384843203598,1188700.0,2.0,6.491619247390531,373.4252726569308,341.5389149651395,57.850905440847974,94.44425723851234,39.50683176475147,354.2537892659505,341.6134190877279,19.6200008392334,24.092949278506584
31,2026-02-18,TRV,297.3771667480469,299.56919722338296,294.039314599773,298.60271520564737,1343300.0,2.0,4.378986346387649,306.52434240742264,270.7077895505852,58.183033955795054,101.85414651969721,15.636679427446307,284.38646443684894,285.72291463216146,19.6200008392334,24.092949278506584
31,2026-02-18,UNH,285.97674560546875,287.89184970361094,284.08147631938635,287.76284771983296,6632000.0,2.0,-11.559252678205326,352.8815174757352,236.49946091781942,42.73481686340842,-51.12261367187183,32.05761569680015,308.89654744466145,317.5116704305013,19.6200008392334,24.092949278506584
31,2026-02-18,V,319.6373596191406,321.61327441091976,316.0647792287517,318.83902681983574,7091900.0,2.0,-4.068464141402046,334.23198320421824,316.14092328992234,43.8173280171517,-104.63601613061805,31.947457333657926,329.5760976155599,334.26649780273436,19.6200008392334,24.092949278506584
31,2026-02-18,VZ,47.3380012512207,48.224666683783205,47.12126373517225,47.91925886630687,29318100.0,2.0,2.319417258428331,51.81713454712077,35.965545964353836,68.32034042419622,97.06382123315313,45.760308590609284,42.22380396525065,40.773907852172854,19.6200008392334,24.092949278506584
31,2026-02-18,WMT,126.11997985839844,128.36108700029487,125.27333043232424,127.62401899026196,36485000.0,2.0,3.7235021546217837,135.77888148622066,112.03861576719733,59.034437623228015,64.25380946017215,19.37513979353097,121.47307205200195,116.63600425720215,19.6200008392334,24.092949278506584
32,2026-02-19,AAPL,260.3401184082031,264.2365527856389,259.81060750150084,262.35827847824623,30845300.0,3.0,0.19638846759028183,282.77587753164494,244.88310531747615,47.80188073749524,0.41270644399879425,9.955035844775363,261.33058013916013,268.0791547139486,20.229999542236328,17.89723705699736
32,2026-02-19,AMGN,372.6856689453125,377.0824593149433,371.3259417903169,375.0776098959753,2427000.0,3.0,11.017406286406583,385.23504082208575,324.7338556622893,62.26481404290248,121.00736950798489,44.207711023217435,345.4649892171224,335.42919769287107,20.229999542236328,17.89723705699736
32,2026-02-19,AMZN,204.86000061035156,205.63999938964844,202.80999755859375,203.8000030517578,35669600.0,3.0,-9.256385721030739,258.71800201062626,186.99899780626828,38.8786032550289,-107.13252027640608,41.02848885791848,228.59099934895832,229.0164998372396,20.229999542236328,17.89723705699736
32,2026-02-19,AXP,341.5701599121094,343.533952831907,337.2239147048278,342.66669943458095,2786500.0,3.0,-5.4932177352979465,369.0371904414928,336.7954023319447,44.13346825102155,-152.78266065377915,31.71725739242945,356.44846394856773,363.49206288655597,20.229999542236328,17.89723705699736
32,2026-02-19,BA,233.7100067138672,240.0,233.4199981689453,238.91000366210938,5827500.0,3.0,1.960424045281485,252.5030465261361,228.55195072728188,52.67798353719525,-64.2318474990013,0.2672827238310717,240.7346659342448,223.26000010172527,20.229999542236328,17.89723705699736
32,2026-02-19,CAT,759.0848999023438,760.5520774246734,742.7360196636963,750.5710790332733,2908000.0,3.0,37.91815953531409,806.665147431277,598.1713027640354,66.4154709640022,107.67755799798289,43.05453325923784,677.3490844726563,630.4495910644531,20.229999542236328,17.89723705699736
32,2026-02-19,CRM,184.82774353027344,186.48360592024,182.77288512329625,186.13448821053632,9565100.0,3.0,-14.26800003561388,237.2259758388282,167.89581523783195,33.13861434483805,-95.69226751829038,46.38686218697761,215.80227915445963,233.88336003621419,20.229999542236328,17.89723705699736
32,2026-02-19,CSCO,78.13660430908203,78.73337672443843,77.45032817266454,77.56967658511464,18443200.0,3.0,0.5539385810941582,87.09061158592233,71.69498488014212,51.84702161787146,12.023256880172736,6.292879130502957,77.5925532023112,77.10795834859212,20.229999542236328,17.89723705699736
32,2026-02-19,CVX,183.10292053222656,186.19459832082563,183.06329022840052,183.6082862875786,10773300.0,3.0,5.998493047273541,187.7976787363434,160.8405780995941,67.99615532490326,124.50989525919611,60.58619735336394,169.67726033528646,158.91552810668946,20.229999542236328,17.89723705699736
32,2026-02-19,DIS,106.0,107.7699966430664,105.44999694824219,107.11000061035156,7492900.0,3.0,-1.4438725174060494,114.26742029693273,101.83457936737392,46.477249456728266,-75.11262378181473,18.928760803967226,109.71499989827474,109.42600898742675,20.229999542236328,17.89723705699736
32,2026-02-19,GS,907.85009765625,920.7351496508852,897.7876007637025,916.1199126884006,1974200.0,3.0,0.23166482688441192,953.7008916445058,886.3175714902599,52.29790014788887,-89.05138294886895,2.038159286709521,925.9572428385417,893.3914560953776,20.229999542236328,17.89723705699736
32,2026-02-19,HD,376.0657653808594,381.1915004841036,374.88369628532166,381.1915004841036,2930900.0,3.0,4.327135618842817,391.1173049695457,369.30877840447766,52.290571617446226,6.782699353151717,5.909810752586163,377.08131510416666,362.3080067952474,20.229999542236328,17.89723705699736
32,2026-02-19,HON,238.27105712890625,240.27008071629515,236.69754823134704,238.07313594506022,2360100.0,3.0,8.267683430502899,248.00010405445616,212.68532075023134,67.8508371691068,93.23138238577597,63.53227926467662,223.25422007242838,207.99987157185873,20.229999542236328,17.89723705699736
32,2026-02-19,IBM,254.40756225585938,256.39294982779353,251.65779622748514,254.129609207573,4948700.0,3.0,-10.319346171303948,318.0527666231605,248.83064096961292,39.22613251973843,-196.53539841257654,34.07385283720388,288.34388224283856,294.23706868489586,20.229999542236328,17.89723705699736
32,2026-02-19,JNJ,244.19993591308594,244.24939013467926,241.58891298083984,241.93506234937394,7553900.0,3.0,7.99662377808508,249.40425774743528,213.85461523840456,77.82608539516333,115.9507499625883,58.41090560720122,224.77220306396484,214.47948760986327,20.229999542236328,17.89723705699736
32,2026-02-19,JPM,306.48150634765625,307.6057576457843,303.5664321569553,305.6060125002564,6737700.0,3.0,-1.2562710375843835,321.3466039542104,292.4073724862193,48.742439820340174,-32.96190238387084,13.00788043807685,309.2403940836588,311.3315114339193,20.229999542236328,17.89723705699736
32,2026-02-19,KO,78.37112426757812,79.12592874323063,78.05330228545945,78.91736375043509,14924700.0,3.0,2.054796494530521,81.23039370557166,70.55493344286583,65.01470253619063,96.29018761338442,36.229343629433664,73.94389724731445,71.9514321645101,20.229999542236328,17.89723705699736
32,2026-02-19,MCD,325.2928161621094,331.1501104607445,325.13373170420465,326.63532267953246,4032300.0,3.0,4.83844642220572,333.4833474332276,304.4599478548583,59.323936238289015,108.40009557527381,45.63400934487567,314.3880869547526,311.2592427571615,20.229999542236328,17.89723705699736
32,2026-02-19,MMM,164.2008056640625,164.77782333255624,162.6886219528472,163.2457382726946,3373800.0,3.0,1.7327666243462545,176.66104716244942,148.1758974176287,51.15959029270328,14.644097762242932,2.549680056095403,162.80571797688802,163.40986175537108,20.229999542236328,17.89723705699736
32,2026-02-19,MRK,120.96405029296875,121.69860747630511,119.61404880433376,120.50743325612177,8933300.0,3.0,3.7843855939397884,125.91838133764054,103.11125428247664,67.55457132224372,110.01448919989461,43.85776761670367,112.70522079467773,107.01302070617676,20.229999542236328,17.89723705699736
32,2026-02-19,MSFT,397.5988464355469,403.55594539020564,395.8127368785549,399.82403795970674,28234000.0,3.0,-18.021114276700814,481.2312721478582,363.72385480526685,35.26089433418849,-88.14522072968813,34.259336009930465,436.4038859049479,458.29806060791014,20.229999542236328,17.89723705699736
32,2026-02-19,NKE,64.5993423461914,64.82579521318183,63.260291222859024,64.19565439183378,10778300.0,3.0,0.15926617319158964,65.31679644838815,59.45022778256888,52.44266478575743,75.64597842147693,9.833704218551869,62.91929690043131,62.809787623087566,20.229999542236328,17.89723705699736
32,2026-02-19,NVDA,187.88983154296875,188.41980165789556,185.64996245587088,187.04988063530703,126554500.0,3.0,0.4283135959300921,196.61825985062148,175.29360843551132,51.640096981540445,30.830209252821966,6.602581928534539,185.5529561360677,183.9720423380534,20.229999542236328,17.89723705699736
32,2026-02-19,PG,157.3749542236328,158.76450001144985,155.65788811225167,155.65788811225167,10724600.0,3.0,3.601430262310231,163.2160961006646,144.6340778495307,60.2208302321208,80.32639279168589,26.19155176478457,149.84688568115234,146.0497248331706,20.229999542236328,17.89723705699736
32,2026-02-19,SHW,355.898193359375,363.8300441233622,355.1020349133315,361.93914503538554,1627800.0,3.0,5.5041900780702235,373.45125085882455,341.64231298394884,53.69144187881841,32.68471218112988,17.26827369305054,354.8349924723307,342.10439046223956,20.229999542236328,17.89723705699736
32,2026-02-19,TRV,298.8119201660156,300.48581762360715,295.88258441180216,298.9912598064312,1065400.0,3.0,4.460236670764118,306.53591512274613,273.4113291399492,58.96746055315699,102.82543854852122,17.710316434159324,284.87501831054686,285.94185434977214,20.229999542236328,17.89723705699736
32,2026-02-19,UNH,287.6933898925781,288.64600598150304,284.6768631241196,288.64600598150304,4931800.0,3.0,-10.557353904073011,344.99672067154205,238.64686148177822,43.293402016000066,-45.58829365454584,30.692499638075653,306.9437296549479,317.1886922200521,20.229999542236328,17.89723705699736
32,2026-02-19,V,318.2701721191406,319.5375641615583,315.07681073429376,316.83314883690497,5967600.0,3.0,-4.18488102143283,334.45425355136433,315.35176451504196,43.243175484915874,-125.66655623639343,33.604373892422714,328.31557006835936,334.19707946777345,20.229999542236328,17.89723705699736
32,2026-02-19,VZ,47.91925811767578,48.42170310766883,47.771483053338436,48.165553649742925,26530600.0,3.0,2.2741127998859128,52.07230403400426,36.636447644462535,69.51146198324096,97.33432757216487,46.98092686131906,42.52025426228841,40.91470877329508,20.229999542236328,17.89723705699736
32,2026-02-19,WMT,124.37689208984375,129.5862422047388,123.90874690025707,127.9925545127162,42993300.0,3.0,3.222202540561966,135.81602687461134,112.55029468910936,56.899494169515876,51.96351175919492,12.610655384932778,121.82268600463867,116.93445256551107,20.229999542236328,17.89723705699736
33,2026-02-20,AAPL,264.3364562988281,264.5063132392292,257.9223826043077,258.73163460792017,42070500.0,4.0,0.14237793745996896,282.04956233896974,247.25412113271003,50.1153423138183,7.46255953904309,13.205157070287276,261.48022104899087,267.9683204650879,19.09000015258789,19.779754784699428
33,2026-02-20,AMGN,371.9412841796875,374.1744206424074,368.60648160067456,369.2218299130745,2911700.0,4.0,10.866257986298535,386.99378298563045,325.95941220479926,61.94291992385982,102.06308472582519,37.844080112826354,346.63816223144534,336.08313903808596,19.09000015258789,19.779754784699428
33,2026-02-20,AMZN,210.11000061035156,211.1699981689453,203.75,204.75999450683594,65881600.0,4.0,-8.634014625995974,257.5104496927705,185.78355055137013,42.049953573822016,-81.9060846417532,26.94195087746103,227.54266611735025,228.84016647338868,19.09000015258789,19.779754784699428
33,2026-02-20,AXP,345.08905029296875,345.18874123992083,337.43326014098136,340.4736362838814,2738900.0,4.0,-5.34185150871599,366.8895731572231,336.76590474805033,45.62561078272622,-125.86993345533594,28.171795130798007,355.3838297526042,363.3935775756836,19.09000015258789,19.779754784699428
33,2026-02-20,BA,232.02999877929688,236.0800018310547,231.13999938964844,232.6300048828125,5460900.0,4.0,1.2292753167831165,250.94837993948548,228.16861682565124,51.65387298923226,-101.02087993972201,6.079466554621564,240.86499938964843,224.1321667989095,19.09000015258789,19.779754784699428
33,2026-02-20,CAT,758.2963256835938,770.5030666368694,750.6808194025572,753.5653424199725,2095100.0,4.0,36.8884044276449,811.6677731538315,604.280523965309,66.2667836680476,105.63364112543351,46.42304713480433,682.8257364908854,633.9528350830078,19.09000015258789,19.779754784699428
33,2026-02-20,CRM,184.6980743408203,191.25167586879246,183.27163392937373,184.85767883258197,10816200.0,4.0,-13.854142373666548,233.86194713112943,166.9775548219956,33.10199981883352,-85.70011922709013,34.37002143698843,213.11034545898437,233.19202245076497,19.09000015258789,19.779754784699428
33,2026-02-20,CSCO,78.77315521240234,78.90245944481099,77.70892219112213,77.70892219112213,29461600.0,4.0,0.4824416847515778,86.9017777994367,72.36819366662775,52.705705395492224,16.863393116869588,5.3937023709451495,77.74108174641927,77.16606089274089,19.09000015258789,19.779754784699428
33,2026-02-20,CVX,182.26063537597656,183.2119290235714,180.66526232749803,182.9146488136793,9566200.0,4.0,5.8682317321093365,188.17127420107346,162.33829458554766,66.94685690539183,100.17067540724504,45.174094549144264,170.67589721679687,159.5002217610677,19.09000015258789,19.779754784699428
33,2026-02-20,DIS,105.58000183105469,106.19999694824219,104.6500015258789,105.61000061035156,9043600.0,4.0,-1.4388968136702118,113.47581524379768,101.86318469516715,46.087936568259494,-88.88914766596768,22.045944469242716,109.47066650390624,109.4593557993571,19.09000015258789,19.779754784699428
33,2026-02-20,GS,913.3864135742188,913.5151703999004,891.9244642095072,903.7894359206774,2009100.0,4.0,0.014213256624884707,949.9776710705322,886.8309043689209,52.978071211522185,-94.23111663485875,0.6142283345226562,925.3372517903646,895.9009358723958,19.09000015258789,19.779754784699428
33,2026-02-20,HD,379.7113952636719,382.26433461466456,373.4532470491205,374.94328522543316,3984100.0,4.0,3.8906416284510215,391.1512428024733,369.39602892604233,53.76636282335094,9.966075062652838,2.9440335270729854,378.1803009033203,362.989057413737,19.09000015258789,19.779754784699428
33,2026-02-20,HON,241.43785095214844,241.96234890534123,237.8059434779713,238.32055065672574,2681200.0,4.0,8.143530051892782,249.05065788856206,213.755526498645,69.34391961983408,98.83258690811329,65.87621121168198,224.72083892822266,208.88970591227215,19.09000015258789,19.779754784699428
33,2026-02-20,IBM,255.28114318847656,257.1474123938344,251.94569138916975,253.335456660837,4708600.0,4.0,-10.839509687543057,318.26843908028985,245.0572063664875,39.566581752520854,-164.87013804606815,32.725398566872485,287.0901830037435,293.5985389709473,19.09000015258789,19.779754784699428
33,2026-02-20,JNJ,239.8284454345703,244.170260376332,237.6426956610537,243.76475689710122,13565800.0,4.0,7.604717111655617,249.34930644723153,216.28322376517082,71.46245563182944,93.00598280118784,37.0132630329107,225.92606455485026,215.13680013020834,19.09000015258789,19.779754784699428
33,2026-02-20,JPM,309.20758056640625,309.4165028225248,304.12358301143166,306.829734990155,7792700.0,4.0,-1.0545700193131324,321.5559732013919,292.9103598064206,49.99299373668699,-13.6707869622991,9.643586375713442,308.70314432779946,311.5654525756836,19.09000015258789,19.779754784699428
33,2026-02-20,KO,79.29476928710938,79.29476928710938,78.35125986464499,78.78825753094516,17175100.0,4.0,2.0517856386394016,81.38548266828218,71.19140102922759,66.68190655335576,98.61345589286327,37.37008868902286,74.35109736124674,72.07390365600585,19.09000015258789,19.779754784699428
33,2026-02-20,MCD,327.40106201171875,328.445216879276,324.14920819643953,326.2077161504711,3862700.0,4.0,4.823573955296297,333.34688466658275,306.9035242689641,60.54529812424134,96.28291587262702,41.398400354199126,315.2191111246745,311.619319152832,19.09000015258789,19.779754784699428
33,2026-02-20,MMM,166.20045471191406,168.49856706814725,163.24573448810543,164.15105607700966,2292400.0,4.0,1.6411812334406761,177.0217169833213,148.5263039517373,52.56880363413789,38.42221176065854,12.35778066898733,162.96747233072918,163.40523376464844,19.09000015258789,19.779754784699428
33,2026-02-20,MRK,121.36111450195312,121.79787435658915,119.7133156225908,121.73831791579815,9442500.0,4.0,3.7689279805947535,126.57470948093322,103.75331023342224,67.88700892883736,103.0161387965488,44.14591146287477,113.15720672607422,107.43205833435059,19.09000015258789,19.779754784699428
33,2026-02-20,MSFT,396.37152099609375,399.2552593187824,394.3059873534157,395.2539159508346,34015200.0,4.0,-17.55857469333546,478.29005112981395,361.38824171686576,35.02077287823748,-88.09536185444196,35.294936973573485,433.5720530192057,457.0704722086588,19.09000015258789,19.779754784699428
33,2026-02-20,NKE,64.39258575439453,67.43498406519049,62.35447214964492,64.29412764782089,33436800.0,4.0,0.2738512632041221,65.30518025030665,59.45593654046483,52.0916070531363,96.18926432026586,27.24653243283682,62.990844345092775,62.858991114298504,19.09000015258789,19.779754784699428
33,2026-02-20,NVDA,189.8097381591797,190.31970507557438,185.92994318264132,186.5599139825128,178422300.0,4.0,0.6964484898327328,196.9884257058656,175.4214177389586,52.642809292602024,58.32806132518731,2.1697177416317674,185.57662200927734,184.15453186035157,19.09000015258789,19.779754784699428
33,2026-02-20,PG,159.578369140625,159.85627527883125,156.9779552139456,157.94070688728465,11508100.0,4.0,3.6017130120282843,163.6582073681671,145.3737689501923,62.254353009817045,90.15807719076531,30.061145047564004,150.63141733805338,146.23043060302734,19.09000015258789,19.779754784699428
33,2026-02-20,SHW,358.9037780761719,362.6955383283024,355.42053151804146,356.5451274091064,1652900.0,4.0,4.907599166944749,373.4308848625838,342.6578938239397,54.933543630232364,34.154279098977476,17.268273693050546,355.80433044433596,342.4953435262044,19.09000015258789,19.779754784699428
33,2026-02-20,TRV,303.82366943359375,303.833642882567,297.74579489696856,301.462272948043,1352900.0,4.0,4.872863086754592,307.85836991044783,274.7242747428725,61.572291835365625,116.65800076068994,24.915822016018517,285.59705505371096,286.2076029459635,19.09000015258789,19.779754784699428
33,2026-02-20,UNH,287.7628479003906,288.5566643334604,283.3471645007809,286.6713275933028,6974100.0,4.0,-9.646537941903773,333.70359951448955,243.54271701383078,43.316545051110964,-43.70170104345886,32.017029712979294,305.2336903889974,316.7283864339193,19.09000015258789,19.779754784699428
33,2026-02-20,V,320.2860107421875,321.68310824371105,317.162481409299,317.4518595119579,6831100.0,4.0,-4.067592236468215,334.4377610264187,314.8953963222141,44.35530684053119,-107.58070784816714,26.456833367308626,327.1780059814453,334.0913803100586,19.09000015258789,19.779754784699428
33,2026-02-20,VZ,48.52021789550781,48.60888443386707,47.81088558863376,48.3034766332582,25456700.0,4.0,2.26064184968817,52.31694814747349,37.35432641917691,70.69012618709425,94.76314926822114,48.16549837035471,42.842223993937175,41.057940038045246,19.09000015258789,19.779754784699428
33,2026-02-20,WMT,122.50431823730469,122.99238873015149,120.57198434058695,122.51428087573963,35151000.0,4.0,2.643347065064006,135.6584841066334,113.22180001201896,54.701029928177874,-0.5014705665793525,1.9172299535462647,122.16366729736328,117.23134651184083,19.09000015258789,19.779754784699428
34,2026-02-23,AAPL,265.9349670410156,269.1819753311392,263.13755670993424,263.24744081710827,37308200.0,0.0,0.2259559808946392,281.0008442207104,250.1383342460865,51.01371909570164,40.679501363434106,3.3325807434237418,261.72606557210287,267.81043065388997,21.010000228881836,138.47238147309918
34,2026-02-23,AMGN,376.5763244628906,378.91862212254466,371.93137725350465,372.4474993261331,2951400.0,0.0,10.993751756824963,389.03380434899435,327.59586789221663,63.16939436053573,108.74463139427819,42.570131466856516,348.34466451009115,336.86755727132163,21.010000228881836,138.47238147309918
34,2026-02-23,AMZN,205.27000427246094,208.42999267578125,203.11000061035156,208.10000610351562,53581500.0,0.0,-8.434105189592515,255.53328272114345,184.37171758403235,40.067286187516885,-85.81468981963974,27.833714983279506,226.17533315022786,228.48999989827473,21.010000228881836,138.47238147309918
34,2026-02-23,AXP,320.2276306152344,344.7401337390668,316.1505235416346,342.2679687109815,7092600.0,0.0,-7.145631088863183,369.91015967743755,329.7130641995156,38.17371935458799,-248.51981451644335,47.573169203598795,353.3323150634766,362.83034057617186,21.010000228881836,138.47238147309918
34,2026-02-23,BA,230.44000244140625,233.5,227.4600067138672,231.5,5380000.0,0.0,0.5155918436631168,248.90825969663356,228.03773792299532,50.68906688718929,-137.32799570475126,14.660288606116842,240.96699930826824,224.98750025431315,21.010000228881836,138.47238147309918
34,2026-02-23,CAT,755.0325317382812,766.5206702635879,751.3496019329682,757.5078606846106,2289600.0,0.0,35.40087592967234,812.4712144686376,616.4374036954249,65.63762400179685,94.57888582748292,46.42304713480432,687.8082336425781,637.2494964599609,21.010000228881836,138.47238147309918
34,2026-02-23,CRM,177.71554565429688,182.01479100763024,174.13450532554185,180.81778770690732,15498600.0,0.0,-13.929023788744814,230.28362331198622,165.5793252964122,31.18274514883737,-105.85336141612336,43.8175775609037,210.37152913411458,232.38912251790364,21.010000228881836,138.47238147309918
34,2026-02-23,CSCO,77.3210220336914,79.05164985428186,76.52533814664268,78.42504035127362,24485900.0,0.0,0.3050880031643288,86.68974822520755,72.89352585316158,50.57726256250843,-3.5666194090867274,11.025780379138302,77.86640268961588,77.19765294392904,21.010000228881836,138.47238147309918
34,2026-02-23,CVX,183.23175048828125,184.93614088506752,182.37955528988812,182.99392329792755,7047200.0,0.0,5.776768582667529,188.38563472313243,164.0864706845824,67.54422424963046,106.32559307232353,48.940526359126004,171.57442626953124,160.10486246744793,21.010000228881836,138.47238147309918
34,2026-02-23,DIS,104.41000366210938,105.19000244140625,102.95999908447266,104.9800033569336,10626500.0,0.0,-1.5119339730674426,113.10193557684038,101.58006439264206,45.001641615382184,-108.66059825041982,28.273778884694746,109.14533335367838,109.5119405110677,21.010000228881836,138.47238147309918
34,2026-02-23,GS,883.7437744140625,923.0527507339972,875.2659532845172,909.6823514476142,2535900.0,0.0,-2.520971732925659,952.1291241949441,882.0479571038841,49.10028445704277,-140.37691433105022,7.886460141355362,923.9335266113281,897.6423990885417,21.010000228881836,138.47238147309918
34,2026-02-23,HD,374.486328125,381.5888678692561,367.1255357042491,378.4597633654655,5495700.0,0.0,3.0875068884100187,391.104114563853,368.76966168126415,51.40860559116435,-59.8531974682068,9.093442887578297,378.7574422200521,363.6938939412435,21.010000228881836,138.47238147309918
34,2026-02-23,HON,240.53729248046875,243.44678081357608,239.86435740772177,241.20033677876438,2496100.0,0.0,7.88161570279766,249.5786932712033,215.3650719875858,68.40927928070042,97.79325247897917,67.81590201221427,225.96842142740886,209.7869623819987,21.010000228881836,138.47238147309918
34,2026-02-23,IBM,221.71815490722656,253.32552024133855,219.1073655001113,252.51150409641878,19522900.0,0.0,-13.800907408598903,323.47114994574565,233.16055171441064,32.36141929262028,-232.54155374971984,54.17104345693791,284.5206339518229,292.29073333740234,21.010000228881836,138.47238147309918
34,2026-02-23,JNJ,243.1416778564453,244.101032427865,239.93724947392252,240.9559430759356,9622700.0,0.0,7.475307727318835,249.6123439159333,218.5619785938323,73.18177059241108,97.96053810386269,37.0132630329107,227.24773050944012,215.81411692301432,21.010000228881836,138.47238147309918
34,2026-02-23,JPM,296.1543884277344,309.4165036660153,293.5974666249826,307.22769310292153,12955400.0,0.0,-1.925804548603594,321.56156165275576,292.89980004158014,44.60274961353692,-87.3306426924794,23.749533491638246,307.63792928059894,311.5821701049805,21.010000228881836,138.47238147309918
34,2026-02-23,KO,80.00984954833984,80.29787003398283,78.9570907629016,78.97695084795251,17157700.0,0.0,2.08308797308338,81.67689081114116,71.66274770814596,67.90677512267226,107.1740992767861,43.75933543732019,74.72154998779297,72.21421063741049,21.010000228881836,138.47238147309918
34,2026-02-23,MCD,332.7014465332031,333.71576929376323,328.41539191590664,328.59438469458553,3806200.0,0.0,5.179774930738688,334.3472685617245,308.4200806814396,63.40326484086347,125.81007743448475,49.7601165149315,316.0703552246094,312.14105021158855,21.010000228881836,138.47238147309918
34,2026-02-23,MMM,165.48416137695312,166.5785078453758,163.46460713273038,165.84230975022953,2922000.0,0.0,1.4935831684500442,177.26691616488728,148.71751834439004,52.012685430780735,27.179987058591607,12.357780668987333,163.02842864990234,163.3644022623698,21.010000228881836,138.47238147309918
34,2026-02-23,MRK,122.90963745117188,123.27691982518594,120.60669509872093,121.41073730925612,9661100.0,0.0,3.837395464884935,127.23435739380503,104.6461632360778,69.16176278983187,109.75911095205988,48.36667131796249,113.58172912597657,107.83359820048014,21.010000228881836,138.47238147309918
34,2026-02-23,MSFT,383.6390686035156,394.50551684604494,382.27203437696886,394.14630950985264,43238300.0,0.0,-18.011782621521718,472.53840510891433,359.1153760190154,32.635676945305676,-105.28361945205411,42.96549530352996,430.4936798095703,455.59948170979817,21.010000228881836,138.47238147309918
34,2026-02-23,NKE,62.1181640625,63.96920566187249,61.09418328361855,63.604902424272716,17748800.0,0.0,0.17906974561887523,65.10425388994992,59.46486613568484,48.404273864315506,-29.09946076912457,15.7088170365317,62.91962496439616,62.884473673502605,21.010000228881836,138.47238147309918
34,2026-02-23,NVDA,191.53964233398438,193.93950641757905,189.56974766836524,191.3896412925324,171584800.0,0.0,1.0365870048139811,197.4293830056939,175.36844109098578,53.54071076885352,109.02703957002883,5.807474399420322,185.79361063639323,184.30469309488933,21.010000228881836,138.47238147309918
34,2026-02-23,PG,163.93556213378906,164.12414454817443,159.1019640471176,159.12181881303948,14772400.0,0.0,3.908471724087917,164.93501842790914,145.58773395246197,65.8278945333205,120.30275247060906,42.62976102118716,151.44653930664063,146.54847259521483,21.010000228881836,138.47238147309918
34,2026-02-23,SHW,362.52630615234375,364.07883633484647,356.0176336070426,357.22183309070886,1664400.0,0.0,4.673234178071596,373.3887879223501,344.2674498706187,56.391917743308156,48.22358970231486,19.82483826497,356.575287882487,342.9310806274414,21.010000228881836,138.47238147309918
34,2026-02-23,TRV,304.28204345703125,308.2475843452769,302.62806237636534,303.8934438024507,1771100.0,0.0,5.177180137200821,308.7087585014603,276.63085026318817,61.80172115477283,126.2948188167082,33.16398269924907,286.30149129231773,286.4682545979818,21.010000228881836,138.47238147309918
34,2026-02-23,UNH,280.16192626953125,289.5191726640262,279.4971118432662,286.3240116656432,7247500.0,0.0,-9.42934496270118,318.1860656281766,251.72527470385467,41.403644127579504,-49.17930110913002,35.81368507992227,303.0999450683594,316.15651245117186,21.010000228881836,138.47238147309918
34,2026-02-23,V,305.8858642578125,319.85690123125556,304.0796111997443,318.3799825277642,13048000.0,0.0,-5.078074620375219,336.60110780582846,310.837100201984,38.744983615936924,-247.28822000149125,45.4715023538702,325.681601969401,333.72377014160156,21.010000228881836,138.47238147309918
34,2026-02-23,VZ,48.94384765625,49.731992594721916,48.52021904716418,48.61873575515886,30113000.0,0.0,2.258119213214229,52.487125557973016,38.18509390919007,71.49375917926817,99.85559914567213,54.662454248611766,43.1641118367513,41.22469425201416,21.010000228881836,138.47238147309918
34,2026-02-23,WMT,125.31317901611328,126.29927501801508,122.47443506957713,123.0322212206814,25662800.0,0.0,2.3837728707177064,135.54262458170788,114.1424683443175,57.26330888732001,29.728866755066363,10.337193895754533,122.5866569519043,117.59592920939127,21.010000228881836,138.47238147309918
35,2026-02-24,AAPL,271.8895263671875,274.6369951599546,267.46358073991865,267.61343657617186,47014600.0,1.0,0.7638699385976793,281.23965566980763,251.59483834874703,54.1926700337168,82.80488166610373,6.803726115622247,262.15941619873047,267.7343167622884,19.549999237060547,16.22716245060488
35,2026-02-24,AMGN,380.00042724609375,380.32797089469113,375.9807936595064,377.1717816201589,2454700.0,1.0,11.241502918640265,391.55132227406114,328.6103140784779,64.05467703163669,110.88840530355249,43.92410813462461,350.29705505371095,337.5971700032552,19.549999237060547,16.22716245060488
35,2026-02-24,AMZN,208.55999755859375,210.36000061035156,203.25,205.47000122070312,41137200.0,1.0,-7.9189162215553495,253.27517133476266,183.643828909378,41.9906248641102,-72.34257928800088,22.99411486492064,224.88133290608724,228.13816655476887,19.549999237060547,16.22716245060488
35,2026-02-24,AXP,319.47003173828125,322.5702161020781,315.07392601685416,319.4799795371485,7925900.0,1.0,-8.537852253363724,371.06387551515394,324.295826022932,37.97818248481644,-278.7596931912862,48.32788479016528,351.5004404703776,362.14324239095055,19.549999237060547,16.22716245060488
35,2026-02-24,BA,233.38999938964844,236.1300048828125,228.38999938964844,229.27000427246094,4408900.0,1.0,0.185889826763173,247.2646359651743,228.17736232584133,52.395669144133265,-109.02032021699809,7.179403621721068,240.9289993286133,225.8366668701172,19.549999237060547,16.22716245060488
35,2026-02-24,CAT,766.7702026367188,772.4693745205891,750.2616536005371,753.5653615568204,2615300.0,1.0,34.7683430080059,814.1229440786722,627.9915334603904,66.80996810672482,94.47636492664347,48.50388003690248,692.8669901529948,640.6254455566407,19.549999237060547,16.22716245060488
35,2026-02-24,CRM,184.95742797851562,188.19932015231703,175.84023028933072,177.196838084735,15564700.0,1.0,-13.25125623579163,225.07865132089572,166.39727030996366,35.21296266516315,-84.21617072555858,30.251323050859874,207.89372660319012,231.58575337727865,19.549999237060547,16.22716245060488
35,2026-02-24,CSCO,77.71886444091797,78.28579212660306,77.0524772221484,77.32101872030408,19485100.0,1.0,0.19439561841559794,86.65399354644076,73.04167066864714,51.13652619736055,-5.718016154437884,11.025780379138299,78.00763727823893,77.23455657958985,19.549999237060547,16.22716245060488
35,2026-02-24,CVX,183.6578369140625,184.2722200303141,182.18136994052537,183.6082876936762,7451800.0,1.0,5.673267099746482,188.4101592799475,165.99054872786502,67.80829659014336,98.50770982477233,47.693856837460544,172.39360453287762,160.7365582784017,19.549999237060547,16.22716245060488
35,2026-02-24,DIS,106.05000305175781,107.2300033569336,103.9800033569336,104.44999694824219,13594800.0,1.0,-1.4211006398247576,112.54897927284885,101.60702124594998,46.819235426417016,-69.39301557834435,16.286155708237867,108.8176668802897,109.56917877197266,19.549999237060547,16.22716245060488
35,2026-02-24,GS,893.608154296875,903.0169535277645,873.1861128021866,876.939706733635,1971500.0,1.0,-3.6915966573585592,952.0612296941925,879.1852607843231,50.3513256655295,-143.47570905554184,8.777308789479397,922.7216084798177,899.3575724283854,19.549999237060547,16.22716245060488
35,2026-02-24,HD,381.9266052246094,391.7310518043431,379.67166133002365,386.52583103885803,5675800.0,1.0,3.0166113833506643,390.88424351990705,368.7858950298977,54.35698419820922,86.71996497145814,9.115076521585731,379.08326416015626,364.28438059488934,19.549999237060547,16.22716245060488
35,2026-02-24,HON,241.0815887451172,242.86290968586923,240.53729413816254,240.53729413816254,2575500.0,1.0,7.630012815611963,249.83303173968926,217.33243304302556,68.6732755663491,92.95995964459995,67.81590201221425,227.1635538736979,210.65436528523762,19.549999237060547,16.22716245060488
35,2026-02-24,IBM,227.64454650878906,234.8614194343222,221.99611643710978,226.13564771128213,13379800.0,1.0,-15.491054926582365,325.0024921069926,225.1439388622457,34.53888645788372,-206.5326025639192,54.171043456937895,282.09927724202475,291.07577794392904,19.549999237060547,16.22716245060488
35,2026-02-24,JNJ,244.87173461914062,245.83618923451164,243.14167872556501,243.94705977412517,7246300.0,1.0,7.4267401425711626,249.9021424450882,220.85345905637666,74.02703405268973,105.50078663114732,41.01637237665512,228.6719004313151,216.48861897786458,19.549999237060547,16.22716245060488
35,2026-02-24,JPM,295.7862243652344,298.22376183621185,289.89638425356503,295.3086878147805,13554100.0,1.0,-2.615818426411238,321.8852473823854,292.20401653363024,44.46287312131921,-137.74544171481975,27.975699887303456,306.58034057617186,311.510215250651,19.549999237060547,16.22716245060488
35,2026-02-24,KO,80.16876220703125,80.5362306178216,79.30470073211256,79.98999112867887,16448500.0,1.0,2.0965504930922663,81.8175764824416,72.33248989329083,68.17573941747324,104.74621604897942,45.17990093550656,75.05955912272135,72.35683733622233,19.549999237060547,16.22716245060488
35,2026-02-24,MCD,331.1998291015625,334.1334534061027,330.4838276303418,333.4472840650143,2756900.0,1.0,5.280033849364827,335.124796464277,309.64138395564487,62.08524490235829,118.86388642643377,50.36014513888972,316.9232564290365,312.5463165283203,19.549999237060547,16.22716245060488
35,2026-02-24,MMM,165.60354614257812,167.42411717187898,164.64847880072486,164.65842188439194,2468500.0,1.0,1.3704463390804449,177.49114156441863,149.25461496634307,52.10005401519886,34.503918381685835,14.59020486049099,163.093364461263,163.29287719726562,19.549999237060547,16.22716245060488
35,2026-02-24,MRK,123.01882934570312,123.92213481151565,121.7283843107699,122.50265587571037,8460300.0,1.0,3.8560175428539765,127.57481972296704,105.9465471593572,69.25080079054443,108.1418479420211,50.124238092569215,114.02511189778646,108.15067329406739,19.549999237060547,16.22716245060488
35,2026-02-24,MSFT,388.1593017578125,388.5185091169527,380.88504821898124,383.30981969967445,33884700.0,1.0,-17.801009178344543,464.0991212691733,359.5510893021158,34.27949242780636,-101.32694538328852,43.786520886835554,427.52715352376305,454.1542165120443,19.549999237060547,16.22716245060488
35,2026-02-24,NKE,63.102752685546875,63.7033568336593,61.63570678022741,62.30523234639186,14296100.0,1.0,0.18131272318838398,64.97371480496179,59.506790947601694,49.989576706744536,-3.297389293322503,15.70881703653169,62.8595645904541,62.89783083597819,19.549999237060547,16.22716245060488
35,2026-02-24,NVDA,192.83956909179688,193.75951747058733,187.38985183856119,191.47964208446245,175123600.0,1.0,1.394962198031493,198.1185592488469,175.31723024089916,54.21552018157412,95.45186542402634,0.7438542320992783,186.05992991129557,184.5553446451823,19.549999237060547,16.22716245060488
35,2026-02-24,PG,164.04473876953125,165.6228518855779,162.7147572180737,163.66757394503628,9709500.0,1.0,4.112978005343848,165.90628473540127,146.18366582612217,65.91154828115206,129.86879617799335,46.25531114456192,152.2541310628255,146.84353154500326,19.549999237060547,16.22716245060488
35,2026-02-24,SHW,362.984130859375,367.05454930920996,361.4813491692083,365.45224022214194,1759700.0,1.0,4.472880283896245,373.12334627804404,346.16504178347935,56.57563912144704,75.84283853873676,25.144081006697927,356.9551279703776,343.297319539388,19.549999237060547,16.22716245060488
35,2026-02-24,TRV,304.3218688964844,306.94233191693826,301.0039637746131,303.335470423712,1146700.0,1.0,5.359782931014422,309.65426805612265,278.04873487356485,61.82220818811114,109.39909167339543,27.648616982210626,287.08098653157555,286.68226318359376,19.549999237060547,16.22716245060488
35,2026-02-24,UNH,271.836669921875,280.2214656182002,269.70323151732475,280.0230266545793,9684500.0,1.0,-9.815845613991371,295.8110796533219,266.3911939062485,39.43064382269853,-69.05952958165652,44.27610083505121,300.7836191813151,315.3271118164063,19.549999237060547,16.22716245060488
35,2026-02-24,V,306.58441162109375,308.6301583134982,302.45296200827346,304.86796881092005,9120200.0,1.0,-5.756168725563384,337.552642046639,307.8304268010172,39.13134013048842,-281.1004236660736,47.28305614149944,324.29014587402344,333.28099466959634,19.549999237060547,16.22716245060488
35,2026-02-24,VZ,49.12118148803711,49.33792275874428,48.6581446854069,49.042365113899386,23816700.0,1.0,2.2445555249146523,52.52764673148338,39.15339956368263,71.82825138793893,92.8507177839925,54.66245424861178,43.495461527506514,41.388270950317384,19.549999237060547,16.22716245060488
35,2026-02-24,WMT,126.24947357177734,127.53437276929525,124.41674324410326,125.40283167911777,20161200.0,1.0,2.2279274366165254,135.3792042927276,115.21329143481148,58.08093584459723,43.98355459489069,14.444336798929818,122.9923817952474,117.92740961710612,19.549999237060547,16.22716245060488
36,2026-02-25,AAPL,273.97760009765625,274.6869380517792,270.8005039088116,271.5298429675081,33714300.0,2.0,1.343177411723218,281.831839899349,252.6213095147135,55.24622806260041,91.13348589132606,6.89311125793096,262.63309071858725,267.6833549499512,17.93000030517578,22.41306594081829
36,2026-02-25,AMGN,381.4494934082031,384.58581333689295,377.6879206736576,378.6407171428628,2459500.0,2.0,11.423096680360288,393.98630866075797,329.6915355775233,64.42898923660253,112.01425691705747,47.89159875080527,352.31614786783854,338.2940928141276,17.93000030517578,22.41306594081829
36,2026-02-25,AMZN,210.63999938964844,211.58999633789062,208.92999267578125,210.4600067138672,41346400.0,2.0,-7.259108009686486,249.4387887601838,184.07621215534357,43.183132234580185,-55.43392192374649,19.901700962376797,223.68699951171874,227.82949981689453,17.93000030517578,22.41306594081829
36,2026-02-25,AXP,326.0592041015625,328.0927837584301,321.3042472432537,322.4406388252587,3843800.0,2.0,-9.005694376019903,370.77420141970276,321.35969750607853,40.71065400933232,-195.1068185509456,37.47593536487543,350.42052103678384,361.5439158121745,17.93000030517578,22.41306594081829
36,2026-02-25,BA,230.36000061035156,234.16000366210938,229.19000244140625,234.10000610351562,4442600.0,2.0,-0.3162514261566116,246.52514579869836,227.49685279749303,50.53724515500811,-118.70759066509703,7.1794036217210655,240.61399943033854,226.5606669108073,17.93000030517578,22.41306594081829
36,2026-02-25,CAT,765.1532592773438,776.1223661347269,755.3020193022942,771.0320816140714,2606500.0,2.0,33.74756141383841,813.6658931916331,641.1943179900074,66.48671483567574,90.8876837331697,49.78411680170745,697.4685628255208,643.8562815348307,17.93000030517578,22.41306594081829
36,2026-02-25,CRM,191.27163696289062,192.1195225370647,181.80530639984335,182.54346578466223,21875100.0,2.0,-12.065532721353463,219.04967750926414,168.75742087940773,38.463496585123245,-62.11849037559425,22.426255394688877,205.64435221354168,230.98671315511066,17.93000030517578,22.41306594081829
36,2026-02-25,CSCO,78.69358825683594,78.99196686435452,77.83822258971888,78.02719343133114,22721800.0,2.0,0.18321122686612057,86.6571144710492,73.08231271400939,52.49887233429824,9.375475944008068,6.695316333397439,78.17705256144205,77.29182777404785,17.93000030517578,22.41306594081829
36,2026-02-25,CVX,182.54800415039062,184.29202479098134,180.85351760912607,184.15329604821048,9440700.0,2.0,5.438989910045393,188.1248185404859,167.94140307816642,66.35358003883991,86.07337599903741,39.340559552956265,173.16826578776042,161.33372853597004,17.93000030517578,22.41306594081829
36,2026-02-25,DIS,105.05000305175781,106.72000122070312,104.51000213623047,106.0,8556500.0,2.0,-1.4135121235824784,112.076905805138,101.52309495780146,45.86316323969,-72.10659132308818,16.286155708237878,108.5586669921875,109.607763671875,17.93000030517578,22.41306594081829
36,2026-02-25,GS,912.53466796875,913.6538246956984,898.8077398133594,905.9385707595484,1763600.0,2.0,-3.0568761011679726,951.588629951979,878.8318656534897,52.660739789749236,-57.741975958121294,3.3148189761908786,921.7916219075521,901.1633249918619,17.93000030517578,22.41306594081829
36,2026-02-25,HD,373.0757751464844,378.9067865045354,368.90365602300443,378.53924859561505,5036900.0,2.0,2.220640011236071,391.0261339878968,368.168189742572,50.5801966760412,-87.1587844883804,8.262538720335021,379.1041249593099,364.65497538248695,17.93000030517578,22.41306594081829
36,2026-02-25,HON,239.68621826171875,242.45716025615866,238.16220847000727,242.20975499059114,3368600.0,2.0,7.234624727937671,249.47165273928445,219.80071511960224,67.18431360867456,79.03177002323697,52.01743159258256,228.2719294230143,211.515500386556,17.93000030517578,22.41306594081829
36,2026-02-25,IBM,235.80447387695312,237.7997980693716,229.5306570628724,231.51604462321396,8569700.0,2.0,-15.987773961996993,324.6988629542215,220.02209499255588,37.408931414786295,-159.05995820993465,49.30456066758619,279.6880172729492,290.0177146911621,17.93000030517578,22.41306594081829
36,2026-02-25,JNJ,243.76808166503906,245.83618975331572,242.32637600311875,243.4598567160501,7698200.0,2.0,7.21601270926422,249.9939859207758,222.94076749719295,72.51866630821812,96.07237598077491,36.65407965607826,229.8835652669271,217.13005650838215,17.93000030517578,22.41306594081829
36,2026-02-25,JPM,301.75567626953125,302.113859047087,295.4977249020647,297.1194302945208,8095500.0,2.0,-2.6504220998332926,321.7420175009307,292.644722611374,47.23822964253087,-76.55584978675824,20.473461248183042,305.8776031494141,311.4611567179362,17.93000030517578,22.41306594081829
36,2026-02-25,KO,79.92047119140625,80.13897002270433,79.01668194872664,79.85094952483807,18086900.0,2.0,2.0633990474870814,81.92249949112183,72.91484105453246,67.26458184989232,92.38975281893705,40.59294657707901,75.38962300618489,72.49088770548502,17.93000030517578,22.41306594081829
36,2026-02-25,MCD,331.1600646972656,332.2937159613671,328.1667762089547,330.1556657617362,2812500.0,2.0,5.295240869035524,335.72400898533243,310.91968303126913,62.049909507615986,101.25910314299037,40.41548894107998,317.7937276204427,312.918793741862,17.93000030517578,22.41306594081829
36,2026-02-25,MMM,164.68826293945312,166.76752108455614,164.1510480071167,166.39941447249518,2987900.0,2.0,1.1853399484238878,177.5335563188805,150.027584123014,51.3584524810869,26.04723887997238,12.783711644583054,163.0386535644531,163.21831207275392,17.93000030517578,22.41306594081829
36,2026-02-25,MRK,121.55963897705078,124.21993517165414,121.36111246221664,123.09824597356918,11082500.0,2.0,3.710261619628355,127.48537884328272,107.47929782297706,66.59278331492335,95.10551662490319,47.07791429409468,114.46419296264648,108.46032485961913,17.93000030517578,22.41306594081829
36,2026-02-25,MSFT,399.7342224121094,400.60233728073825,389.31678308531696,389.68597856263057,43625500.0,2.0,-16.509657292568477,449.88514529180685,365.8935564904197,38.26975574039789,-71.49909304479128,26.788616277330128,425.0161478678385,452.76066131591796,17.93000030517578,22.41306594081829
36,2026-02-25,NKE,62.42338943481445,63.23075787415979,62.28554283644448,62.905839383334204,9500800.0,2.0,0.12680958050562197,64.989514192757,59.52151409703793,48.91675719747588,-9.960712646413738,15.708817036531691,62.786048126220706,62.889266395568846,17.93000030517578,22.41306594081829
36,2026-02-25,NVDA,195.54940795898438,197.61930319203404,193.77949953248776,194.43946745531196,250637100.0,2.0,1.876012960492801,199.11967442712566,175.02007624426105,55.60604967004945,160.44174835737576,8.987807133417244,186.41391042073568,184.810498046875,17.93000030517578,22.41306594081829
36,2026-02-25,PG,162.16885375976562,163.76682153324356,160.88850163692203,163.31025282164364,7878500.0,2.0,4.076688931413855,166.08906048349473,147.4946416039076,63.163164922618705,103.55964224123213,35.13153162038042,152.94695943196615,147.11126810709635,17.93000030517578,22.41306594081829
36,2026-02-25,SHW,355.5399475097656,366.765952195284,352.7434005972814,366.7559903435138,1532300.0,2.0,3.6710968769936017,371.82584072839063,348.57420504797653,52.83170317657452,12.848088887175189,3.5743666882149694,356.94252217610676,343.52721354166664,17.93000030517578,22.41306594081829
36,2026-02-25,TRV,303.6543273925781,306.26481705522525,301.5121033592089,304.9296822814614,2026700.0,2.0,5.388516476499717,310.02979133797874,280.01369315909153,61.25256811397396,99.44192893798905,27.64861698221064,287.8870524088542,286.8715830485026,17.93000030517578,22.41306594081829
36,2026-02-25,UNH,282.0075988769531,282.5434113343664,274.7341279746084,275.15090127919626,11380600.0,2.0,-9.19544187013571,295.8881646134244,266.4629523299349,42.87120968530933,-51.55765165536135,39.61129640501333,298.921098836263,314.6108805338542,17.93000030517578,22.41306594081829
36,2026-02-25,V,312.34246826171875,313.2905150583614,307.6122842445478,307.9116514148336,7624200.0,2.0,-5.762509517833962,337.65852071339947,306.5668790668739,42.237989312780854,-177.3675990249296,33.6815179191602,323.3087219238281,332.94646911621095,17.93000030517578,22.41306594081829
36,2026-02-25,VZ,48.50051498413086,49.11132684205549,48.44140270439434,48.91429342594346,21693000.0,2.0,2.1588378653949505,52.20930738365593,40.448054219127265,68.9009901235502,81.89864626162368,50.50254662999273,43.803823471069336,41.5368226369222,17.93000030517578,22.41306594081829
36,2026-02-25,WMT,125.25341796875,126.89690370051927,124.92471930254288,126.11002246896268,17345700.0,2.0,2.0009793995536853,134.92662211051487,116.54339436897733,56.88327664566573,35.553990666354565,14.444336798929827,123.25069096883138,118.20749829610189,17.93000030517578,22.41306594081829
37,2026-02-26,AAPL,272.6987609863281,275.8558253670768,270.55071567552415,274.6969199809464,32345100.0,3.0,1.6797282674082794,281.84617722634124,254.2804035842057,54.45274691444021,83.22054542094996,9.074902619375731,263.03751983642576,267.58945287068684,18.6299991607666,30.157514062328286
37,2026-02-26,AMGN,376.4869689941406,382.2534518391558,371.44505610872505,382.2534518391558,2589400.0,3.0,11.039322361721588,394.38969664230893,333.2050665412848,62.13665894251636,89.57944346549485,33.1287675915363,354.2105641682943,338.89368642171223,18.6299991607666,30.157514062328286
37,2026-02-26,AMZN,207.9199981689453,211.0500030517578,205.35000610351562,210.72999572753906,47756800.0,3.0,-6.876419530703629,245.4407161129664,184.56528516877188,42.0147281123887,-60.437119489347744,25.712930163939195,222.53099924723307,227.40783309936523,18.6299991607666,30.157514062328286
37,2026-02-26,AXP,334.2632751464844,335.55916613967537,328.7108212215295,328.80053394369764,3215500.0,3.0,-8.615152544021555,369.7791539552489,320.1945765135011,43.894405252860736,-122.14763944144083,24.32993765566268,349.6669036865234,361.0597737630208,18.6299991607666,30.157514062328286
37,2026-02-26,BA,229.41000366210938,230.66000366210938,225.6699981689453,230.3800048828125,4613300.0,3.0,-0.7818461651853852,246.23594176570265,226.5680575629106,49.96247217398645,-136.7459866724141,15.600944504399845,240.1093327840169,227.23416697184246,18.6299991607666,30.157514062328286
37,2026-02-26,CAT,751.499267578125,769.1456645551114,727.0159114072754,769.1456645551114,3350900.0,3.0,31.474008845093408,809.7011744706473,656.1031956465403,63.790552057759115,64.78733813756189,24.221721588279205,701.3906209309896,646.8258605957031,18.6299991607666,30.157514062328286
37,2026-02-26,CRM,198.9723663330078,200.53844160483254,190.85267449666222,196.26912050488014,26680500.0,3.0,-10.384744915885705,212.31048746744818,172.6547179158526,42.12685833731799,-28.6095041949229,7.588045271190805,204.2614771525065,230.47634811401366,18.6299991607666,30.157514062328286
37,2026-02-26,CSCO,77.67908477783203,78.91239977227471,77.30113548922381,78.5145616109088,19608000.0,3.0,0.091431597248814,86.66039550702169,72.99349548418925,50.96883149469878,-6.4187561471920525,9.563139192341895,78.26424662272136,77.31784540812174,18.6299991607666,30.157514062328286
37,2026-02-26,CVX,182.48855590820312,184.56948710419576,180.11032938668384,181.23998207030823,7133800.0,3.0,5.188714304378067,187.5744395511953,170.06499526325783,66.274794108897,79.82382799723736,34.77984193855474,173.89089762369792,161.90341211954754,18.6299991607666,30.157514062328286
37,2026-02-26,DIS,105.55000305175781,106.7699966430664,105.31999969482422,105.47000122070312,9578500.0,3.0,-1.3515722647193513,111.73776019452012,101.46124111773574,46.42899770891511,-57.69281111351577,15.982616102745373,108.31100031534831,109.63746503194173,18.6299991607666,30.157514062328286
37,2026-02-26,GS,920.0814819335938,929.3813512480314,912.6930771199676,918.8533957630589,2220300.0,3.0,-1.922726675604622,950.7998128523236,878.8471720109576,53.5519455134067,-1.587373731855813,4.282395305354606,921.4895467122395,902.9301137288411,18.6299991607666,30.157514062328286
37,2026-02-26,HD,372.59893798828125,378.9465150897313,372.4499402355274,375.8869530969669,2889400.0,3.0,1.5336709861473423,391.0421446032313,368.1313173108312,50.38508711236469,-70.7343659728119,8.194580428027745,378.9501546223958,364.99377085367837,18.6299991607666,30.157514062328286
37,2026-02-26,HON,238.3799285888672,241.31910437991922,237.33093266890745,240.21071851130395,3040000.0,3.0,6.73819642633643,247.26805618646998,224.40315353032688,65.80261845908169,67.55142039750069,46.845277340469984,229.28134358723958,212.3185780843099,18.6299991607666,30.157514062328286
37,2026-02-26,IBM,240.2418212890625,245.68179422374374,237.2041806820508,237.9586376649671,7343100.0,3.0,-15.840768011432829,323.3513450722367,216.35826033547818,38.915526484516775,-121.77217919973695,36.91239254467885,277.72144622802733,288.9452644348145,18.6299991607666,30.157514062328286
37,2026-02-26,JNJ,242.0778045654297,244.0663682763732,240.6360989093031,243.70842620154187,7172600.0,3.0,6.83384218565871,249.95836157640093,224.66211571852097,70.25080330464783,80.38857608800802,27.88663305977651,230.9093256632487,217.75387217203777,18.6299991607666,30.157514062328286
37,2026-02-26,JPM,304.5712890625,307.4366298839601,302.0939770599508,303.02916294815697,7007800.0,3.0,-2.422721711196857,321.58407549701946,293.3359379307149,48.494126172936575,-14.93701688728901,10.95934898408549,305.7194132486979,311.3692250569662,18.6299991607666,30.157514062328286
37,2026-02-26,KO,79.95026397705078,80.33760005348906,79.47353857212269,80.19855672232113,12843200.0,3.0,2.0162878060815927,81.79953236824146,73.77672800773512,67.31879879012462,91.94245581921028,41.945156674705245,75.69618174235026,72.62148958841959,18.6299991607666,30.157514062328286
37,2026-02-26,MCD,332.6716003417969,335.06821582629476,331.25947544646607,333.00970791435884,2425900.0,3.0,5.367388917412143,336.04966015138535,312.7549602099428,62.880656924287116,112.34173250458149,45.06610179432505,318.6254140218099,313.32601877848305,18.6299991607666,30.157514062328286
37,2026-02-26,MMM,165.31503295898438,167.29479962755295,163.56409384174734,165.0265317242056,3474100.0,3.0,1.0768041744142636,177.36430224310098,151.28387585748496,51.84402998716822,29.515909438842854,10.584741841454159,162.9559748331706,163.13355967203776,18.6299991607666,30.157514062328286
37,2026-02-26,MRK,118.4228744506836,121.5993440831265,118.12507710932289,121.50008082710659,10327300.0,3.0,3.3035569697598675,126.5502478595885,109.6453118327943,61.35579238585134,55.77246654023302,23.47828648703766,114.82948735555013,108.71441612243652,18.6299991607666,30.157514062328286
37,2026-02-26,MSFT,400.851806640625,406.6093255926281,397.8782360341113,403.8353349281015,34405900.0,3.0,-15.220618101237562,429.04773479321256,378.8666786589359,38.6418546255736,-55.11339513951015,19.29461124363145,422.75843200683596,451.27771352132163,18.6299991607666,30.157514062328286
37,2026-02-26,NKE,62.96491622924805,64.05781465644573,62.79753295276396,63.220909541832505,10319100.0,3.0,0.12586128331006563,65.05097692370475,59.628417226075534,49.80503440885549,34.03956822463391,21.420197777192588,62.70892117818197,62.8848357518514,18.6299991607666,30.157514062328286
37,2026-02-26,NVDA,184.87998962402344,194.27947461393586,184.31002841741252,194.25948668244985,360807900.0,3.0,1.380403827888756,198.63775412767546,174.83903115064487,49.484622167273955,21.86506040914924,10.506058012989383,186.38324534098308,184.94215520222983,18.6299991607666,30.157514062328286
37,2026-02-26,PG,162.5261688232422,163.27056348960818,161.64282109161113,162.99265735907807,7028600.0,3.0,4.030303093011952,165.79906455777515,149.4133728811897,63.46336631136283,100.50133677565695,35.13153162038042,153.6260752360026,147.38643798828124,18.6299991607666,30.157514062328286
37,2026-02-26,SHW,358.7743835449219,360.048255314632,352.89266947939757,358.01801174145385,1222800.0,3.0,3.2591008216606383,370.87333344463707,350.61149626727695,54.194165504969575,-0.7957037239714098,3.574366688214982,357.0921366373698,343.80603942871096,18.6299991607666,30.157514062328286
37,2026-02-26,TRV,305.1289367675781,307.5003068777928,303.3952593017629,305.1488836670024,1018300.0,3.0,5.467253575082168,310.3459701047095,282.1087326540795,62.05161325267828,101.99536322157749,30.162976816667037,289.0508148193359,287.1129379272461,18.6299991607666,30.157514062328286
37,2026-02-26,UNH,284.4486083984375,292.98227105493606,283.02964718498066,284.7661470745293,10210000.0,3.0,-8.409854794231364,294.76051270194137,266.860281975793,43.66568795532083,-29.924637213442967,20.83550316633852,297.3575876871745,313.9343470255534,18.6299991607666,30.157514062328286
37,2026-02-26,V,316.0448303222656,318.7592044654264,313.29053040296367,313.82942179031494,8725500.0,3.0,-5.406462629252076,337.3129038931873,305.95377091150016,44.13455524472232,-96.22352905124121,19.803354154455963,322.9592712402344,332.66286112467446,18.6299991607666,30.157514062328286
37,2026-02-26,VZ,48.16555404663086,48.75666558336575,48.14584995292254,48.53007038480584,23662600.0,3.0,2.040357483402083,51.5415440730033,42.0497702427926,67.36820843942053,72.430197685997,44.82453100029367,44.12827682495117,41.67607955932617,18.6299991607666,30.157514062328286
37,2026-02-26,WMT,123.92866516113281,126.8271772553826,123.45056493068441,125.48250990825551,18638300.0,3.0,1.6946896377195628,134.18973285922374,118.0621836446825,55.313965826849184,19.686914355448074,7.714993673946345,123.38548965454102,118.44214808146158,18.6299991607666,30.157514062328286
38,2026-02-27,AAPL,263.93682861328125,272.5588900215503,262.6480379442022,272.5588900215503,72366500.0,4.0,1.2253079420477206,281.44620628396586,255.29395484884665,49.42169434558061,25.498252257081276,6.722124742521997,263.18615061442057,267.27881647745767,19.860000610351562,116.13297211170487
38,2026-02-27,AMGN,385.25079345703125,387.2159645110808,375.9113165839402,376.4472778330179,3441000.0,4.0,11.31194873747205,395.64586711735336,336.6712288299123,64.44755104220735,106.60540243724503,38.357404420635824,356.24367065429686,339.77027384440106,19.860000610351562,116.13297211170487
38,2026-02-27,AMZN,210.0,210.3300018310547,205.1999969482422,206.8300018310547,57422800.0,4.0,-6.332302547476729,241.17871335019188,185.6542883587925,43.22984181918378,-54.77182815266607,25.95355971459801,221.64266611735027,227.00983301798502,19.860000610351562,116.13297211170487
38,2026-02-27,AXP,307.926513671875,320.4967898151394,306.68045297360635,319.8886963752543,9817300.0,4.0,-10.311932336937275,371.5971838754925,313.43217708642163,37.25144302001886,-226.91050691782323,41.8641456130192,348.02675476074216,360.21890920003256,19.860000610351562,116.13297211170487
38,2026-02-27,BA,227.52999877929688,228.8000030517578,224.91000366210938,227.47000122070312,6278100.0,4.0,-1.2876903398033903,246.64327812746694,225.50972175046275,48.825649228108794,-138.52735360234334,17.332017979243197,239.6066660563151,227.9186668395996,19.860000610351562,116.13297211170487
38,2026-02-27,CAT,741.4185180664062,750.0620358397822,729.6508820143395,743.803930375333,3441900.0,4.0,28.52989494733447,806.4166032988974,667.1320295136027,61.87419152870015,49.218949469504544,24.221721588279202,704.9029683430989,649.7552174886067,19.860000610351562,116.13297211170487
38,2026-02-27,CRM,194.30404663085938,195.43123246694375,189.4462007919714,191.43124177696404,16346500.0,4.0,-9.321945273415565,208.7409386863107,174.30007846456823,40.610717182407896,-39.328871636873295,9.545872295889431,202.7725341796875,229.85016784667968,19.860000610351562,116.13297211170487
38,2026-02-27,CSCO,79.03175354003906,79.10137597513807,76.65463492816069,77.23151086942461,27498000.0,4.0,0.12638772490704753,86.66941540964221,73.08692003957653,52.86366072705362,-2.6536993649738694,13.003763267601808,78.43167266845703,77.38124732971191,19.860000610351562,116.13297211170487
38,2026-02-27,CVX,185.06495666503906,185.84779507493005,182.1021036481782,184.31185988516037,12035500.0,4.0,5.139023627498801,187.23046929370017,172.11617072094825,67.97935320740392,92.59330011812403,38.482026195826684,174.58917338053385,162.49297485351562,19.860000610351562,116.13297211170487
38,2026-02-27,DIS,106.04000091552734,106.33999633789062,103.93000030517578,104.77999877929688,13954000.0,4.0,-1.2485532036601512,110.89659690067582,101.74840432002732,46.990686993556565,-64.32372314310082,22.0312330474945,108.06133371988932,109.6372573852539,19.860000610351562,116.13297211170487
38,2026-02-27,GS,851.3180541992188,907.4539136005715,845.950103636087,903.2447140013328,5552300.0,4.0,-6.497638293354498,955.7857953794515,865.883516143986,45.481327974167186,-206.32484378222046,21.802695813515644,919.0762715657552,903.800180053711,19.860000610351562,116.13297211170487
38,2026-02-27,HD,378.1915588378906,379.65179746829824,369.8672073471929,371.3771017910201,4819500.0,4.0,1.4241046555065395,390.45570615650587,369.6028387653691,52.603355955825236,-52.47120014323394,12.031913400335421,379.10809834798175,365.419032796224,19.860000610351562,116.13297211170487
38,2026-02-27,HON,242.2585906982422,242.59672869610026,238.94678987414412,240.0606785367767,3888100.0,4.0,6.5818772537348025,247.23755166027823,226.17136710192878,67.8345087186723,78.80888619781184,49.65924762323106,230.3290013631185,213.21879247029622,19.860000610351562,116.13297211170487
38,2026-02-27,IBM,238.45498657226562,238.45498657226562,232.85619409428114,236.33062242647412,6642200.0,4.0,-15.687610357926928,319.04068251984484,213.99039200408095,38.52919657234898,-122.44801811359896,39.85601492714647,275.5021784464518,287.8909065246582,19.860000610351562,116.13297211170487
38,2026-02-27,JNJ,247.00942993164062,247.51652337921405,241.11334590987298,242.63459590951953,16428600.0,4.0,6.849948303948622,250.32103777179023,226.52085523358087,72.81662142756558,95.4218758433555,36.74206854020212,231.93793334960938,218.4859260559082,19.860000610351562,116.13297211170487
38,2026-02-27,JPM,298.7709655761719,301.4074969953331,292.9507760142178,298.4725052158334,18620800.0,4.0,-2.679418474437284,321.76960909533386,292.5415176136505,46.15293761850879,-95.7596605780032,22.23598937725309,305.46836446126304,311.2492914835612,19.860000610351562,116.13297211170487
38,2026-02-27,KO,81.00302124023438,81.44001888827108,80.26807684995791,80.38726009322967,28483500.0,4.0,2.0403802868744663,81.74280588037664,74.64090231054132,69.18443773526329,107.30756818232534,48.85228899548807,76.0312110900879,72.78056246439616,19.860000610351562,116.13297211170487
38,2026-02-27,MCD,339.16534423828125,339.4537417304368,333.70585194649846,333.70585194649846,4269100.0,4.0,5.880767797000317,337.95655715545445,313.38886825958457,66.17171941172631,136.87604310608398,51.466657457577966,319.71698303222655,313.94738108317057,19.860000610351562,116.13297211170487
38,2026-02-27,MMM,164.46942138671875,165.19566122221346,162.0320147073773,164.39977425632327,5367000.0,4.0,0.9120415573950709,177.06357418068472,152.54350131980357,51.13162535459216,13.41950591613915,4.879124507511767,162.8262908935547,163.06062952677408,19.860000610351562,116.13297211170487
38,2026-02-27,MRK,122.90963745117188,123.08831433943536,118.80007659441287,118.80007659441287,17636400.0,4.0,3.305184768679524,125.9641114999927,111.76806699732177,65.38395147523045,77.66530466274826,29.075721719625626,115.25334777832032,109.09249852498372,19.860000610351562,116.13297211170487
38,2026-02-27,MSFT,391.8912048339844,395.9624042352165,389.0374004516944,390.03523926255787,51367200.0,4.0,-14.7520386156678,423.9499506481732,379.9957768908893,36.80188518318427,-75.83274415806204,26.160875009919966,420.5766947428385,449.73286692301434,19.860000610351562,116.13297211170487
38,2026-02-27,NKE,61.2221794128418,61.75386215281055,60.57234620485853,61.75386215281055,18017400.0,4.0,-0.015337741537202021,65.05906011092888,59.5789811946131,47.07958692497291,-94.60339445540396,1.6175784622856588,62.59766159057617,62.832159932454424,19.860000610351562,116.13297211170487
38,2026-02-27,NVDA,177.180419921875,182.5801217841234,176.3704661683341,181.2401979138715,311636500.0,4.0,0.36216428817988344,198.27566642749719,173.66920356762,45.72668628956953,-129.6968329833545,22.87051393742573,186.18492329915364,184.8968246459961,19.860000610351562,116.13297211170487
38,2026-02-27,PG,165.95037841796875,166.00000775715966,162.46661689113853,162.81399197597887,14878500.0,4.0,4.221187852897373,166.3562344454377,150.57327300085134,66.19454109722155,119.48771749771502,42.588764199986045,154.35001576741536,147.73050435384116,19.860000610351562,116.13297211170487
38,2026-02-27,SHW,360.8543701171875,361.3221215614195,351.8576337971599,354.79352504500963,1936000.0,4.0,3.0650959940829807,370.57306688907204,351.708930791592,55.057768543180224,6.582087295232922,6.265741393091866,357.36548767089846,344.15602315266926,19.860000610351562,116.13297211170487
38,2026-02-27,TRV,307.5202331542969,308.6859712318032,303.2557322962942,305.487625995158,1868600.0,4.0,5.657395987156178,311.0264313327395,283.85443719753397,63.32052431331539,103.37503442474622,32.567003795397,290.2431406656901,287.43318328857424,19.860000610351562,116.13297211170487
38,2026-02-27,UNH,291.0075988769531,291.8609802744715,281.6602851018,282.5037339526243,9723300.0,4.0,-7.175303231698422,294.95056870501213,266.7674671836598,45.762304495048454,-23.344608671533003,22.300792062761733,295.9786407470703,313.47489471435546,19.860000610351562,116.13297211170487
38,2026-02-27,V,319.4776916503906,319.56750179898404,311.3046331295279,313.80941959658975,12412900.0,4.0,-4.792049916817575,336.2271174278741,305.9441105994697,45.84025612864834,-78.46324645809223,22.910028574187344,322.6814270019531,332.503689066569,19.860000610351562,116.13297211170487
38,2026-02-27,VZ,49.397029876708984,49.40688380228182,48.50051431632593,48.628589041572496,34693500.0,4.0,2.022516424315299,50.58718346109043,44.02182380209317,69.9137375330438,80.77890738519346,49.32097139004905,44.46685104370117,41.8418327331543,19.860000610351562,116.13297211170487
38,2026-02-27,WMT,127.4447250366211,128.09216731908256,124.65578673870745,125.02432075277177,29205500.0,4.0,1.7158897330426726,133.46926481379288,119.8324884210704,58.460485492656844,45.67180557430674,12.43782827463586,123.64811477661132,118.71850051879883,19.860000610351562,116.13297211170487
39,2026-03-02,AAPL,264.476318359375,266.2846497598317,259.960490133898,262.16844722421786,41827900.0,0.0,0.8983532173989488,281.1088116378065,256.1790972977403,49.71760565688563,0.4228089124380448,11.38754660671852,263.4109888712565,266.9257672627767,21.440000534057617,29.692952186577894
39,2026-03-02,AMGN,382.8092346191406,388.35733457222824,379.02779255757497,385.09198426600125,2837900.0,0.0,11.201865577701483,395.4045909102501,341.49516189736715,63.33353550437436,103.52706715923385,39.52005465698686,358.1605651855469,340.5918772379557,21.440000534057617,29.692952186577894
39,2026-03-02,AMZN,208.38999938964844,209.72999572753906,203.4600067138672,204.5500030517578,46001000.0,0.0,-5.962270172868585,236.870182625491,186.87181871728245,42.51642791127265,-56.525223149123555,28.812671704664677,220.64966634114583,226.57599970499675,21.440000534057617,29.692952186577894
39,2026-03-02,AXP,306.4611511230469,309.4417490586937,300.33053845083447,302.2445011065722,6280000.0,0.0,-11.640698334291244,373.1957406038488,307.3737174039637,36.929754906441616,-224.06746884130237,45.738203019514614,346.367333984375,359.34715627034507,21.440000534057617,29.692952186577894
39,2026-03-02,BA,229.74000549316406,230.22999572753906,223.6199951171875,226.0,4709000.0,0.0,-1.4930356351664784,246.77584250318802,224.97915780198775,50.20351055599414,-119.89780607363119,12.683389145249935,239.0066660563151,228.32466684977214,21.440000534057617,29.692952186577894
39,2026-03-02,CAT,750.8904418945312,754.2939353765836,723.6822318513574,732.0962057771593,2473100.0,0.0,26.65372105991139,800.0592698332935,682.9673170807691,62.955895895144735,49.166505362374465,19.312072043028714,708.4512369791667,652.6032897949219,21.440000534057617,29.692952186577894
39,2026-03-02,CRM,192.4686279296875,195.4511739979618,190.2042868328992,192.01975362768917,9932700.0,0.0,-8.5294496633297,204.92854415075965,176.18329819543175,40.02483813399212,-37.63171167216704,9.51070869606006,201.4232416788737,229.16219228108724,21.440000534057617,29.692952186577894
39,2026-03-02,CSCO,78.9919662475586,79.09142578262151,77.27129428496944,78.32557901553334,18540400.0,0.0,0.14916077338834555,86.67439990362148,73.19134258905432,52.80157084166446,-0.8069633440904764,13.003763267601803,78.5699234008789,77.43030052185058,21.440000534057617,29.692952186577894
39,2026-03-02,CVX,187.87918090820312,189.70247728852206,185.52077714477602,188.60255113468745,15809100.0,0.0,5.2660243344982405,188.22100231935846,172.55392901609073,69.7093096315788,118.31976538118684,47.99725490002597,175.41658477783204,163.1668950398763,21.440000534057617,29.692952186577894
39,2026-03-02,DIS,104.33000183105469,104.61000061035156,102.86000061035156,104.61000061035156,14178600.0,0.0,-1.2900219209231523,109.38751290366596,102.41048819496686,45.27685757954317,-96.86467060668001,26.391827547152367,107.7586669921875,109.64066569010417,21.440000534057617,29.692952186577894
39,2026-03-02,GS,857.9190063476562,869.7966520679189,832.3317618038074,836.3142104248782,2873200.0,0.0,-9.48135191600852,957.503831839462,857.3143810511631,46.285219851001244,-234.20279285689216,25.84831287948375,915.4571838378906,904.6424306233724,21.440000534057617,29.692952186577894
39,2026-03-02,HD,368.3473815917969,372.61881239151916,366.5494045529221,372.50955747248184,4537600.0,0.0,0.5367424833159475,390.9798843214663,368.7031723191587,48.6432076034725,-150.91481369410587,16.80701529121199,378.8316131591797,365.73450826009116,21.440000534057617,29.692952186577894
39,2026-03-02,HON,246.68426513671875,246.82349932269608,239.90154954069783,241.37345596037065,3634700.0,0.0,6.737443073669141,247.72919167403248,227.8322951423738,69.94255539329285,97.40785434929644,57.597706598614394,231.45886637369793,214.144441986084,21.440000534057617,29.692952186577894
39,2026-03-02,IBM,237.62110900878906,239.0208108959569,232.07195432666467,233.97792459656534,6220300.0,0.0,-15.455359006449754,314.38604322958855,212.13382676552868,38.34542002505301,-111.92095754946642,40.39226213107314,273.6196706136068,286.8866455078125,21.440000534057617,29.692952186577894
39,2026-03-02,JNJ,247.13868713378906,250.27068397455253,245.45834842794568,247.76508953624906,9042400.0,0.0,6.794816084501576,250.171411255583,228.90877978445604,72.88004162270951,106.50161376578673,42.741979642969795,232.93722229003907,219.21881535847982,21.440000534057617,29.692952186577894
39,2026-03-02,JPM,296.044921875,298.45261340621465,291.7170645432447,293.3089239524434,8508900.0,0.0,-3.067461664255461,322.1411263646734,291.3412405786859,45.094477571530966,-115.79804728893774,23.631031618157525,305.0803497314453,311.1010920206706,21.440000534057617,29.692952186577894
39,2026-03-02,KO,79.67218017578125,80.844122278634,79.60265850770072,80.6951451106633,18137200.0,0.0,1.9298400055806155,81.5551021416073,75.36591226268956,64.37836092870779,84.98040054590416,38.24009497480098,76.3536605834961,72.9386422475179,21.440000534057617,29.692952186577894
39,2026-03-02,MCD,332.96002197265625,339.8515172928989,332.55229595462106,339.1653479391382,4555400.0,0.0,5.720958957288872,337.8606611367182,315.45575426855527,60.83943325742804,113.57008589067952,46.66185937250318,320.58546549479166,314.5125574747721,21.440000534057617,29.692952186577894
39,2026-03-02,MMM,160.6292724609375,163.38500949481121,158.40079210844323,161.43510246912413,3984400.0,0.0,0.4662237345126812,176.06431970950658,154.43655004146999,48.03099515317284,-21.742418784077582,7.245734416920395,162.5319564819336,162.90586954752604,21.440000534057617,29.692952186577894
39,2026-03-02,MRK,120.51736450195312,122.7905211385345,120.15008211556385,122.6019232197302,11564500.0,0.0,3.0779575978819906,124.99031752218839,113.84767152200105,61.8291423489369,68.41213475011638,29.07572171962562,115.59878946940104,109.44383290608724,21.440000534057617,29.692952186577894
39,2026-03-02,MSFT,397.6886291503906,400.32293811697235,389.78576315389057,392.01092411942045,35474900.0,0.0,-13.754330940870886,418.60699886971213,382.26935916251443,38.75376559813839,-63.044577858760114,20.74465960755669,418.6784698486328,448.2305511474609,21.440000534057617,29.692952186577894
39,2026-03-02,NKE,60.46891784667969,60.98430656698472,58.61550340812185,59.3687652996699,15335000.0,0.0,-0.1858782108232262,65.08836629861322,59.51077882772955,45.95514766858027,-155.60795458492603,11.890878484033959,62.49345703125,62.77447821299235,21.440000534057617,29.692952186577894
39,2026-03-02,NVDA,182.47012329101562,183.45008125730604,174.63055110847353,175.00052620838028,209095300.0,0.0,-0.017758322181123276,197.68848364979138,173.39143273204454,48.505916733401214,-95.1904219614281,25.28855511991786,186.03259785970053,184.91399205525715,21.440000534057617,29.692952186577894
39,2026-03-02,PG,162.2879638671875,165.30525218881115,162.22841471454672,164.05465940435903,9095500.0,0.0,4.030478309122515,166.19016189696043,151.90457076905517,61.137902491058945,98.05079432308428,41.075789297913765,155.0083791097005,148.03948287963868,21.440000534057617,29.692952186577894
39,2026-03-02,SHW,355.1790771484375,356.54552924919676,344.7660741464432,354.5906066311075,1690900.0,0.0,2.425438117487033,370.32165090481533,352.18401010592686,52.27584351194605,-60.43831911109657,8.870626559839648,357.39061381022134,344.47776590983074,21.440000534057617,29.692952186577894
39,2026-03-02,TRV,309.5428771972656,311.9839701526704,306.0157120930194,306.4441447201871,1216600.0,0.0,5.903246735232699,311.6750526860177,285.81232524366976,64.36319213205677,114.89537649608202,38.82820008290795,291.54938456217445,287.81989034016925,21.440000534057617,29.692952186577894
39,2026-03-02,UNH,292.6548156738281,293.0318890868292,285.2821401542549,285.9370523533373,8141400.0,0.0,-5.994890231881186,296.2248530030082,266.2870122313668,46.28170841538069,-13.36868566735088,20.266073223448718,294.5222961425781,313.0210474650065,21.440000534057617,29.692952186577894
39,2026-03-02,V,319.846923828125,321.9325962848922,313.94914705503476,314.84727900250533,6674900.0,0.0,-4.226607761366495,336.2024575612758,305.90313631079454,46.02362679037616,-50.960285077993504,17.133384101713037,322.46302897135416,332.3634516398112,21.440000534057617,29.692952186577894
39,2026-03-02,VZ,49.239402770996094,49.51525256682363,48.89459052621168,49.239402770996094,23725700.0,0.0,1.972915524297953,50.533563821316456,44.61335275888374,69.19896963275042,79.20014417372104,50.04624130450409,44.815605545043944,42.007056935628256,21.440000534057617,29.692952186577894
39,2026-03-02,WMT,126.59809112548828,128.24157693224024,126.54829313089985,126.9566701232984,17091500.0,0.0,1.6454074474870168,132.74101489850432,121.35359569719881,57.452782932954044,48.51975009672865,12.999970376954433,123.91040852864583,118.96616325378417,21.440000534057617,29.692952186577894
40,2026-03-03,AAPL,263.5072326660156,265.31556422164516,259.8905695547566,263.23749216234586,38568900.0,1.0,0.5546484836038985,281.0083991470745,255.67930532069892,49.18290135409101,-7.542393275383626,11.510634650517511,263.692692565918,266.59050369262695,23.56999969482422,32.15345598093282
40,2026-03-03,AMGN,374.1744384765625,378.87890315648735,369.9165829371572,375.1371696757089,2710400.0,1.0,10.299145853371272,393.5697386586828,346.77320567725474,59.5665379398355,63.92615839091808,20.17785457021311,359.7771484375,341.15358581542966,23.56999969482422,32.15345598093282
40,2026-03-03,AMZN,208.72999572753906,209.17999267578125,202.47999572753906,203.10000610351562,43184900.0,1.0,-5.577290454436508,230.43814146563867,189.88085877850196,42.722923237071065,-54.725762999978116,30.429995013663554,219.63666636149088,226.18183288574218,23.56999969482422,32.15345598093282
40,2026-03-03,AXP,306.8499450683594,308.4349307006505,298.8053695202548,299.1642204159863,5673100.0,1.0,-12.518081882628735,373.6751193373966,302.40752531592375,37.07889208966384,-197.37720266495407,46.65097488744299,344.4743184407552,358.3587142944336,23.56999969482422,32.15345598093282
40,2026-03-03,BA,224.1199951171875,226.5,221.11000061035156,225.75,6211600.0,1.0,-2.085223966253494,247.48754011049158,223.37745927915688,46.88278236886348,-148.45394888552497,18.725197019115203,238.221332804362,228.68433354695637,23.56999969482422,32.15345598093282
40,2026-03-03,CAT,720.8077392578125,730.2796970464432,705.2573266044255,726.8861941225689,3332700.0,1.0,22.480278390084663,797.2974813689243,688.8501687775602,57.587781298965695,13.160117719621654,5.546630207977729,711.0063741048177,654.8002858479817,23.56999969482422,32.15345598093282
40,2026-03-03,CRM,195.5609130859375,198.17437204754034,189.1070527100527,190.274132060556,13208900.0,1.0,-7.564668820589134,201.11698954278626,178.52253682440124,41.495867995154796,-27.847191183526228,4.608964544439583,200.39049173990887,228.4591957092285,23.56999969482422,32.15345598093282
40,2026-03-03,CSCO,78.5344467163086,79.01186311063279,77.1519386835354,77.95757078641407,17521100.0,1.0,0.1288057829718383,86.61799353851156,73.0806545327775,52.074003658019066,-9.683221680121575,13.696425993011188,78.69491271972656,77.45721855163575,23.56999969482422,32.15345598093282
40,2026-03-03,CVX,187.0567169189453,189.82138806646853,185.71896354802476,188.79083381887224,14004200.0,1.0,5.239904976628196,188.16597808607287,174.23663879625133,68.58899260417436,111.85044003274224,48.26114938940705,176.21330973307292,163.80519129435223,23.56999969482422,32.15345598093282
40,2026-03-03,DIS,103.30000305175781,104.30999755859375,102.1500015258789,102.83999633789062,13608400.0,1.0,-1.3899756969457826,109.46584006479699,102.21716164418737,44.27076733844905,-108.6248549491186,29.200450008389982,107.49533386230469,109.61184272766113,23.56999969482422,32.15345598093282
40,2026-03-03,GS,858.795166015625,864.5299018603185,821.0216377054891,832.3317774173322,3782100.0,1.0,-11.641076610774007,955.9730772502475,851.0001344196745,46.3937543220016,-222.6495950692865,29.10456553413954,912.3248657226562,905.1467020670573,23.56999969482422,32.15345598093282
40,2026-03-03,HD,364.48321533203125,366.3308481037484,357.72835746807624,361.31439841223744,3964700.0,1.0,-0.47285359235092983,392.2716550640169,366.29884054145185,47.200287501368074,-213.46545089999415,27.926094430478905,378.39287923177085,365.92175649007163,23.56999969482422,32.15345598093282
40,2026-03-03,HON,242.51718139648438,245.8090873150704,240.31925404073579,242.59673078163877,6367200.0,1.0,6.450128211733812,246.8446404058902,230.44874948668794,65.74561458185974,82.06844452842626,57.597706598614394,232.30567372639973,214.99536209106446,23.56999969482422,32.15345598093282
40,2026-03-03,IBM,243.48793029785156,244.29200983988454,232.57822015103955,234.6231820712445,6960400.0,1.0,-14.629257713641294,306.5457264320388,213.2570064170823,40.41398102716759,-92.32121390726492,31.939988934524948,271.67871958414713,285.9663459777832,23.56999969482422,32.15345598093282
40,2026-03-03,JNJ,245.3390350341797,246.46257832712044,242.96270213047706,245.0506999866165,6178700.0,1.0,6.53062553329076,249.88448836522713,230.9078746108471,70.5106548912814,83.39054680112754,30.731317851360718,233.90652364095052,219.92319412231444,23.56999969482422,32.15345598093282
40,2026-03-03,JPM,298.7311706542969,300.8503301542204,288.0259478174434,290.80175042735664,10278200.0,1.0,-3.122239626428268,322.1609746989555,290.5374017658882,46.34874933437856,-105.3624951209925,27.77488897691286,304.6754221598307,310.927507019043,23.56999969482422,32.15345598093282
40,2026-03-03,KO,78.79817962646484,79.53313158596052,78.02350749694136,79.3146327643425,20549300.0,1.0,1.7515210518512987,81.23579909788637,76.08347580445738,61.47698744050702,53.63765304189112,17.067313848736614,76.64830093383789,73.07983805338542,23.56999969482422,32.15345598093282
40,2026-03-03,MCD,332.1700134277344,332.1700134277344,327.70001220703125,330.0899963378906,2901100.0,1.0,5.467535863250021,337.8578304992822,316.99953644407714,60.20053444706797,76.16288090440281,28.353957733862117,321.46706034342446,314.94871419270834,23.56999969482422,32.15345598093282
40,2026-03-03,MMM,157.6645965576172,158.8186318574809,156.03303516757148,156.70954437725325,4050400.0,1.0,-0.12487518720720914,175.10226048984464,155.96919641933505,45.8123134035919,-59.23153838679565,14.162641283852201,162.24774525960285,162.67644271850585,23.56999969482422,32.15345598093282
40,2026-03-03,MRK,118.948974609375,120.08059237105356,117.7379432148381,118.79014734365829,9334100.0,1.0,2.7397404487280284,124.28724213077275,115.19199676082881,59.63037526185506,38.44356097152618,13.68212028307233,115.96276016235352,109.74868659973144,23.56999969482422,32.15345598093282
40,2026-03-03,MSFT,403.0570068359375,405.82103971635513,391.82136299902305,392.2903484387299,38199200.0,1.0,-12.387659973554776,414.8345009034047,384.19825971671247,40.51370311226298,-48.504193260655576,14.1400653330901,416.8529978434245,447.0213017781576,23.56999969482422,32.15345598093282
40,2026-03-03,NKE,58.86328887939453,59.57690464439405,58.100117304240264,58.91284468954928,17438600.0,1.0,-0.4454586304652395,65.33762687570442,59.02562919729362,43.65598454471301,-202.48175206020088,15.069515705908817,62.342623774210615,62.67822093963623,23.56999969482422,32.15345598093282
40,2026-03-03,NVDA,180.04025268554688,180.8901975001603,176.91041730394699,178.4803396065267,178099400.0,1.0,-0.5090519447272186,197.6566603750555,172.86728524262028,47.35361440732412,-99.45561275561333,25.288555119917866,185.82660929361978,184.92182490030925,23.56999969482422,32.15345598093282
40,2026-03-03,PG,158.5262908935547,160.97783189673535,157.43450598109627,160.97783189673535,10161000.0,1.0,3.535054146625953,165.72060128479234,153.0222514984108,56.54809459191804,44.95888458938337,14.857049843745498,155.54463907877604,148.27180506388348,23.56999969482422,32.15345598093282
40,2026-03-03,SHW,347.9278564453125,349.9825569594587,337.0161770382989,343.0704559142628,1711100.0,1.0,1.3181963846627127,371.4036711438669,350.42935803093775,49.00320951848817,-131.0541339454367,21.871069553305475,357.117637125651,344.6496281941732,23.56999969482422,32.15345598093282
40,2026-03-03,TRV,309.8417663574219,311.0972046629701,303.4550189244567,306.56369434118864,2249900.0,1.0,6.052434385558797,312.0180878421673,287.9940947750202,64.51738080925247,105.02171352786173,28.89494735269692,292.9293589274088,288.2818771362305,23.56999969482422,32.15345598093282
40,2026-03-03,UNH,286.97894287109375,291.4739959442926,282.16635110169267,286.7606388027243,7051100.0,1.0,-5.454523572619905,296.59707021459536,266.2740021731,44.75399819661446,-22.526204105744114,23.868920024464963,293.1393809000651,312.2233947753906,23.56999969482422,32.15345598093282
40,2026-03-03,V,320.166259765625,321.37377846847016,313.6996849538386,315.1566560071252,5474300.0,1.0,-3.709956963519005,334.6038335233149,306.2720087618414,46.18663703335806,-49.05410759893702,17.57019390278386,322.2370178222656,332.22870279947915,23.56999969482422,32.15345598093282
40,2026-03-03,VZ,50.1162109375,50.34280236302133,48.63843782987897,48.99310397701543,31586900.0,1.0,1.981515863500654,50.519503957654,45.24413625535869,70.91031804152382,84.9766155372907,55.27151753563917,45.208364741007486,42.185926246643064,23.56999969482422,32.15345598093282
40,2026-03-03,WMT,127.40489196777344,127.86306693425331,125.17373217031401,126.02037403309,16480400.0,1.0,1.635795382718456,132.6929406810421,121.78514998668251,58.16369712225757,41.10798918747166,6.2892652823888495,124.1829948425293,119.19413859049479,23.56999969482422,32.15345598093282
41,2026-03-04,AAPL,262.2783508300781,265.9050144519466,261.179387723623,264.4063951364299,39803100.0,2.0,0.1810129077226179,280.95394780320026,255.06356318312788,48.49866762172674,-10.873472316429154,10.132027383069502,264.2272206624349,266.292152150472,21.149999618530273,25.39090516019941
41,2026-03-04,AMGN,376.4273986816406,377.24126013363235,368.0407487530757,377.15193830922135,2028300.0,2.0,9.654240947781204,388.3405602119837,356.271146330985,60.20540483791522,59.18980962901663,16.619712349529227,361.44944458007814,341.8392542521159,21.149999618530273,25.39090516019941
41,2026-03-04,AMZN,216.82000732421875,217.5399932861328,210.14999389648438,210.47000122070312,54731100.0,2.0,-4.566752251890648,224.7230609963916,193.41594046845216,47.376081489370094,-17.55340870116162,8.04581617277276,219.16399993896485,225.97699966430665,21.149999618530273,25.39090516019941
41,2026-03-04,AXP,310.229248046875,311.4753088119728,306.03252390801913,308.1358598772296,4055200.0,2.0,-12.79326041500434,373.46294727200996,298.7898054135369,38.38883312342712,-154.2191336529376,41.57603205887603,343.1126230875651,357.376530456543,21.149999618530273,25.39090516019941
41,2026-03-04,BA,227.30999755859375,227.52999877929688,221.7899932861328,226.3800048828125,5068700.0,2.0,-2.2709528176054334,247.7006618583913,222.5803378974681,48.868708802284026,-122.72638768359406,15.227721763648066,237.49833272298176,229.10833358764648,21.149999618530273,25.39090516019941
41,2026-03-04,CAT,730.5791015625,744.592462130189,729.4513048029638,735.689428725424,2823700.0,2.0,19.73378350908331,795.5278588075811,693.5222632627314,58.76910694918849,33.0031249919991,13.804574722804134,714.4321858723958,657.0330098470052,21.149999618530273,25.39090516019941
41,2026-03-04,CRM,192.5983123779297,195.97985451184678,191.62076151056044,194.61327721210554,11583700.0,2.0,-6.958912161866095,200.67247598274346,178.63787252799872,40.511084474003404,-29.28814480299185,4.608964544439587,199.49306945800782,227.56175333658854,21.149999618530273,25.39090516019941
41,2026-03-04,CSCO,80.43415832519531,80.52366963278443,78.1067656802859,78.77315293103712,20388100.0,2.0,0.2629342147450444,86.38390667041013,73.09194858471683,54.75209875374541,24.1280262050988,2.632175702717225,78.94422861735026,77.51563351949056,21.149999618530273,25.39090516019941
41,2026-03-04,CVX,184.34158325195312,186.74953633969648,182.4786413668101,185.74869346211233,11054400.0,2.0,4.9431352159543,188.06619644075914,175.29908218472912,65.0203968786545,79.35894748771504,29.167537092489205,176.95093231201173,164.38727722167968,21.149999618530273,25.39090516019941
41,2026-03-04,DIS,103.04000091552734,103.83999633789062,102.63999938964844,103.16999816894531,9672300.0,2.0,-1.4731877921961853,109.55343498815267,102.01156669031411,44.01536291814291,-104.34532343815756,29.20045000838998,107.25200068155924,109.58315607706706,21.149999618530273,25.39090516019941
41,2026-03-04,GS,863.4446411132812,874.9439493459278,856.2264529921267,866.0233033314352,2081700.0,2.0,-12.82960846799051,953.9937407294111,846.3263703545732,46.981842497874965,-148.16044077123672,23.75550557397472,909.9625671386718,905.7076670328776,21.149999618530273,25.39090516019941
41,2026-03-04,HD,366.6586608886719,367.1156277743356,359.1091580799838,363.76801338863316,4324400.0,2.0,-1.0849192073170002,392.85341199339007,364.52604662477404,48.09694923488733,-178.5521682164255,26.320458387651367,378.1942077636719,366.21877034505206,21.149999618530273,25.39090516019941
41,2026-03-04,HON,244.62559509277344,245.91849267613904,237.87269891542152,243.28296776093444,4774800.0,2.0,6.31971078614103,246.55031567219945,232.35429400797634,66.78870979914046,78.36247990335973,42.712581727832,233.36526692708333,215.90187454223633,21.149999618530273,25.39090516019941
41,2026-03-04,IBM,248.23300170898438,249.01723826979514,243.1702725702377,243.95449398374365,6085000.0,2.0,-13.436787953274916,302.3792851825154,213.19640604062914,42.040979615653605,-67.7303183550615,24.743426146584977,270.36709645589195,285.03678868611655,21.149999618530273,25.39090516019941
41,2026-03-04,JNJ,243.8973388671875,245.1600810545075,241.78945104558642,244.34476266176227,5768000.0,2.0,6.1342084495530855,249.44763682243172,232.68030812385734,68.66077104745315,71.01839597474344,25.42760528473685,234.8426035563151,220.6505231221517,21.149999618530273,25.39090516019941
41,2026-03-04,JPM,297.8656311035156,299.4674190034017,294.31380094003714,298.4625518350298,8055700.0,2.0,-3.198621644985735,321.47532925170015,289.6849216027921,45.998495268550705,-83.93193297871319,27.774888976912866,304.5643249511719,310.67396240234376,21.149999618530273,25.39090516019941
41,2026-03-04,KO,77.566650390625,78.92729733242406,77.21904207039694,78.74852625669348,21011800.0,2.0,1.4936104675593214,81.12062533880815,76.31882320855512,57.68732603317986,29.084339846862704,8.055002637357783,76.8585220336914,73.20646731058757,21.149999618530273,25.39090516019941
41,2026-03-04,MCD,331.739990234375,332.8299865722656,329.6099853515625,331.739990234375,2455900.0,2.0,5.1723730606067875,337.654207408724,318.60663548678383,59.84664300368214,79.04379014765074,29.631119174535176,322.48647155761716,315.36394755045575,21.149999618530273,25.39090516019941
41,2026-03-04,MMM,160.06219482421875,160.95755810935876,157.95310741815908,158.47042100588078,3865900.0,2.0,-0.3953023987721451,174.21689675375475,157.44206473306164,47.828493186475534,-34.355910160259405,6.493882360331166,162.4290542602539,162.55003178914387,21.149999618530273,25.39090516019941
41,2026-03-04,MRK,119.39566802978516,119.98133412996107,116.993462335202,118.55191897198708,6700900.0,2.0,2.479167052600488,123.92844763609901,115.99152764466271,60.04896904466976,34.03197678838638,9.378417766202553,116.3211062113444,110.08362261454265,21.149999618530273,25.39090516019941
41,2026-03-04,MSFT,404.32427978515625,410.14166638677375,399.44483360720756,400.4027502952161,35808000.0,2.0,-11.074643453656506,414.05279683060627,384.47370463423744,40.92822572890072,-33.0296318826312,9.125843947844253,415.246977742513,445.781569925944,21.149999618530273,25.39090516019941
41,2026-03-04,NKE,58.119937896728516,58.96240175676261,58.090205168081525,58.665059346829516,15971300.0,2.0,-0.7030558053778933,65.60752742180306,58.56857884040397,42.634415063454654,-199.9562768427376,15.132460519968225,62.191626739501956,62.568917973836264,21.149999618530273,25.39090516019941
41,2026-03-04,NVDA,183.03009033203125,184.69000418349444,180.0502558302461,180.4302401537762,177731200.0,2.0,-0.6496618715639784,197.6231592977463,173.17077228184357,48.898834140691676,-53.022274013753744,16.197760222514322,185.9922668457031,184.91615829467773,21.149999618530273,25.39090516019941
41,2026-03-04,PG,157.11691284179688,158.4171198428621,156.13430637443312,158.24839219296612,8752700.0,2.0,2.9941867770468207,165.48341637075498,153.5552097278778,54.949217034471225,18.93691226789253,8.984739824360675,155.95277760823566,148.50281219482423,21.149999618530273,25.39090516019941
41,2026-03-04,SHW,346.7709045410156,348.34680511243806,343.0006812107451,348.29694659282376,1277700.0,2.0,0.3433846599172625,372.5618427227302,348.1564250995354,48.502040933568054,-117.01342805269962,21.87106955330547,357.16669413248695,344.8663986206055,21.149999618530273,25.39090516019941
41,2026-03-04,TRV,310.8979187011719,311.78470427594124,305.7068296835407,308.3870724922644,1315800.0,2.0,6.184597154568678,312.537858757482,289.845686164393,65.06983213355747,111.19673411376243,30.325701482874624,294.3382293701172,288.78495432535806,21.149999618530273,25.39090516019941
41,2026-03-04,UNH,289.70770263671875,292.06934726969536,285.46072137240793,286.78047821184975,7796000.0,2.0,-4.751320726395306,297.42879660819335,266.2142728498145,45.6463098029731,-9.849235703579813,22.736143889474114,291.6023295084635,311.5734018961588,21.149999618530273,25.39090516019941
41,2026-03-04,V,319.8070068359375,325.09602991416637,319.13837954462343,320.7750012998144,5257900.0,2.0,-3.2915532164223578,333.81187279391276,306.28726661038417,46.02487388860617,-11.31750773498848,8.451877211182678,322.08135681152345,332.12962646484374,21.149999618530273,25.39090516019941
41,2026-03-04,VZ,50.44132614135742,50.648213488065025,49.40688564964781,49.66303135154699,22816000.0,2.0,1.9916077596110497,50.763049413555954,45.48825635731807,71.5173472325734,91.16322882302241,57.04414652521129,45.6063783009847,42.36069176991781,21.149999618530273,25.39090516019941
41,2026-03-04,WMT,127.30528259277344,127.66386157962746,125.74148274426365,126.60804989570529,16434100.0,2.0,1.6016769729115197,132.69797438806572,121.79007645421946,58.039837616913424,39.96216394649951,6.289265282388842,124.4851303100586,119.41332995096842,21.149999618530273,25.39090516019941
42,2026-03-05,AAPL,260.0504150390625,261.3192350446657,257.01320478174756,260.54995479568396,49658600.0,3.0,-0.29151141463256636,280.05273653131286,254.37209257024963,47.265421734792916,-52.14404896024905,17.809217278063784,264.65587615966797,265.9886090596517,23.75,42.72276182575257
42,2026-03-05,AMGN,364.8448791503906,374.2637428139128,358.6913354429722,372.3680544469141,2868400.0,3.0,8.114992059737347,388.0420578052773,356.9587081859337,55.53842629033707,19.661193736551986,0.7301496624006002,362.32167358398436,342.50059560139977,23.75,42.72276182575257
42,2026-03-05,AMZN,218.94000244140625,220.47000122070312,215.58999633789062,215.97999572753906,60943400.0,3.0,-3.5538608616088254,220.32550237074122,196.40849878892675,48.51004342604095,-0.11777510273220033,1.5184941397384968,218.7516667683919,225.8004997253418,23.75,42.72276182575257
42,2026-03-05,AXP,306.2418518066406,308.5246436329359,303.83944301502066,305.8929487101737,4601800.0,3.0,-13.181146880730353,372.5745309445622,295.04686187770346,37.437467682881355,-149.26145501309952,43.09445084523051,341.3714609781901,356.341151936849,23.75,42.72276182575257
42,2026-03-05,BA,222.05999755859375,227.67999267578125,218.1300048828125,226.1199951171875,7199300.0,3.0,-2.8093904895466153,248.2883192980688,220.60368051882574,45.94421807903724,-142.79174672122602,23.75887500193974,236.56466573079427,229.4445002237956,23.75,42.72276182575257
42,2026-03-05,CAT,704.7383422851562,726.6865477144968,692.2620944586389,718.6318748073958,3713200.0,3.0,15.295713748179423,793.383061169292,697.0903519166454,54.60800493950248,-11.961529296324361,8.431483049428339,716.4516743977864,658.7683390299479,23.75,42.72276182575257
42,2026-03-05,CRM,200.88758850097656,203.91002829331285,193.75543180990664,193.87512757333457,15860900.0,3.0,-5.743759850636394,201.14295410754102,178.3619088685332,44.33480708303108,4.511407206830372,8.952129058835842,198.82174835205078,226.58486150105793,23.75,42.72276182575257
42,2026-03-05,CSCO,79.57878875732422,80.73253299907007,78.62396358158685,79.5588922977578,26844800.0,3.0,0.29678958220448237,86.31070544134607,73.05076916802892,53.36315170038291,17.788761385488176,1.1780853602016144,79.153759765625,77.55632960001627,23.75,42.72276182575257
42,2026-03-05,CVX,188.17645263671875,188.24582457117629,184.79741344823438,184.90641568788223,13567200.0,3.0,4.960206776422353,188.93745871880887,175.46092690130834,67.49166714027899,103.01862328286639,33.40121492015489,177.7696080525716,165.07024078369142,23.75,42.72276182575257
42,2026-03-05,DIS,102.41000366210938,104.55000305175781,101.58999633789062,103.0999984741211,11751500.0,3.0,-1.5718501800046738,109.55669164017016,101.5443100993318,43.387932866608836,-109.04182305147359,33.48909735455034,106.89266738891601,109.54678370157878,23.75,42.72276182575257
42,2026-03-05,GS,831.7941284179688,862.7178386116808,818.5923019083422,858.2276182019754,3093700.0,3.0,-16.139415255259223,958.3481233699189,834.6981778996125,43.612550714738695,-206.5176385497094,34.27495529441131,906.2270039876302,905.4649668375652,23.75,42.72276182575257
42,2026-03-05,HD,359.27801513671875,364.54283513606134,356.8145046345245,363.6885307766607,4752200.0,3.0,-2.1408635045850133,393.72402587257125,361.12038025535844,45.39149046144762,-198.26832586698055,29.10181170552613,377.4339569091797,366.3358215332031,23.75,42.72276182575257
42,2026-03-05,HON,237.07708740234375,242.58680065681983,234.68025613655553,242.20887277289287,4308200.0,3.0,5.543352237666369,246.16987695364324,233.15170965524348,60.01963022415335,37.33143397722088,26.099582335530435,234.03799489339193,216.69742279052736,23.75,42.72276182575257
42,2026-03-05,IBM,254.6755828857422,258.4776171138843,247.18075679552925,247.49842608300114,9894600.0,3.0,-11.83545288528893,298.93007807271505,213.58202825052712,44.181699383085146,-45.30811299848644,11.703775836928875,269.0665608723958,284.2154296875,23.75,42.72276182575257
42,2026-03-05,JNJ,238.259765625,241.61049061943945,234.58091062648668,241.24261118820294,9375400.0,3.0,5.303998812495195,248.71847173038043,234.04580286678754,62.073059523049984,24.107820163558625,0.9614903095800542,235.59735768636068,221.2929588317871,23.75,42.72276182575257
42,2026-03-05,JPM,292.0553283691406,299.7061758621692,290.9410358965662,296.46279534996694,12732500.0,3.0,-3.685513511327258,320.6463192619322,288.1540103279115,43.704932050764384,-111.97508181581846,31.647450214050256,304.2827646891276,310.34107666015626,23.75,42.72276182575257
42,2026-03-05,KO,76.50395965576172,77.18925005919229,75.97758024681086,77.14952231057237,23165700.0,3.0,1.189749518480383,81.16116991135489,76.24649763014902,54.67854747588675,-11.378514350382321,4.1212231467164875,77.02471262613932,73.322833887736,23.75,42.72276182575257
42,2026-03-05,MCD,327.45001220703125,330.80999755859375,324.1199951171875,329.79998779296875,4321400.0,3.0,4.539955260792169,337.4792241066599,319.33743543923856,56.423565841159785,41.89278049995605,11.894482515290349,323.26841125488284,315.66309661865233,23.75,42.72276182575257
42,2026-03-05,MMM,155.40628051757812,160.14178406919413,154.0035315563931,158.7489933717424,4538000.0,3.0,-0.9740826670662273,174.9750584554806,156.00259352205845,44.50218988399642,-76.63835882545983,17.440645277720883,162.4630889892578,162.37556991577148,23.75,42.72276182575257
42,2026-03-05,MRK,115.21662139892578,118.65118162641316,113.60852935439307,118.23427139856062,14516000.0,3.0,1.9133902497243014,124.22007985830925,115.47555689095833,54.57247487926702,-9.072359546325343,7.619330940670989,116.48522389729818,110.36810035705567,23.75,42.72276182575257
42,2026-03-05,MSFT,409.79241943359375,410.72040218284053,403.525993165685,403.54596943015656,39001300.0,3.0,-9.48351517176792,413.4852997139915,384.78507687292256,42.7101994548839,-19.967991360256896,8.443714073307952,414.16869099934894,444.59447886149087,23.75,42.72276182575257
42,2026-03-05,NKE,57.50543975830078,58.26861132997332,56.920672127064215,58.080293959032055,22040200.0,3.0,-0.9458847163620661,65.82520356969097,57.778370801646915,41.7979854845902,-213.65436153764503,22.387456914587816,61.961727142333984,62.44658368428548,23.75,42.72276182575257
42,2026-03-05,NVDA,183.330078125,184.05004039552568,177.87038204113773,181.1601973472636,198779700.0,3.0,-0.7284921399136124,196.94552767958237,174.76335446153092,49.054040910934354,-65.30964193899692,19.767797226944577,185.99293314615886,184.93165740966796,23.75,42.72276182575257
42,2026-03-05,PG,152.83912658691406,155.92588390891444,152.62076959476622,155.76707607012526,10060300.0,3.0,2.1950605979038755,165.84202008930976,152.91076006205742,50.46864267586016,-35.897405575009856,5.0398700249481765,156.24920349121095,148.69389572143555,23.75,42.72276182575257
42,2026-03-05,SHW,334.5824890136719,342.541832076289,331.7996958422313,341.9134564789971,1802200.0,3.0,-1.3965651911091754,375.09976464882135,342.362338622663,43.63818002061308,-195.0856450241709,36.76876568585974,356.4992960611979,344.91751556396486,23.75,42.72276182575257
42,2026-03-05,TRV,305.5274963378906,310.3997391544271,301.87079805802756,309.2040807025792,1306600.0,3.0,5.78925398273833,312.75551480418187,290.7658871733572,60.14404002738074,83.42703012324048,16.360605202281786,295.4671193440755,289.23094431559247,23.75,42.72276182575257
42,2026-03-05,UNH,286.5423278808594,289.1421418264066,284.52798914087526,287.81245235313276,5397900.0,3.0,-4.398740747895943,297.7231477483708,267.1950071588558,44.77841420361086,-14.880900345450582,23.901622989165954,289.6514953613281,310.9130360921224,23.75,42.72276182575257
42,2026-03-05,V,319.13836669921875,322.1321601221174,314.11877427833633,318.669337844787,8267200.0,3.0,-2.979572249216858,332.7406053005951,306.4133894503815,45.71658885678822,-44.4078073678082,17.65780248520543,321.9213338216146,331.95069122314453,23.75,42.72276182575257
42,2026-03-05,VZ,50.4216194152832,50.55954430588762,49.594066313485285,50.214732079376574,27534300.0,3.0,1.9752460845735484,51.01370542062108,45.64842150198635,71.42388964684984,90.08481852435864,57.0441465252113,45.998480733235674,42.52818883260091,23.75,42.72276182575257
42,2026-03-05,WMT,122.82305145263672,125.18369515590186,121.16961067594359,124.88487680384983,28604900.0,3.0,1.1991363959531753,132.80850072211422,121.21240229302249,52.805367808748464,-25.62247623156443,13.283383555601102,124.61627705891927,119.55334434509277,23.75,42.72276182575257
43,2026-03-06,AAPL,257.2229919433594,258.53178361058343,254.13584003818684,258.39192833924307,41120000.0,4.0,-0.8839501316377323,279.27659678270516,253.3306969184667,45.73851226024613,-86.40436346827357,22.685391108754352,264.9669942220052,265.652747853597,29.489999771118164,18.715790416798168
43,2026-03-06,AMGN,366.7604064941406,366.98869356994635,358.999009382967,361.4703676656016,2443000.0,4.0,6.969354889292845,387.79060248362947,357.63307000172205,56.12035793112941,8.286509397875719,0.730149662400581,363.14374389648435,343.3361282348633,29.489999771118164,18.715790416798168
43,2026-03-06,AMZN,213.2100067138672,217.32000732421875,212.52999877929688,214.99000549316406,51152700.0,4.0,-3.17687882342409,218.08164456749697,197.70435701941707,45.753395408817035,-16.1795250115885,7.740818708164671,218.04733378092448,225.5724998474121,29.489999771118164,18.715790416798168
43,2026-03-06,AXP,300.0514221191406,302.0451192760784,293.5818845797268,299.7324232728935,5500100.0,4.0,-13.828657484154121,371.52206311176536,290.7542277817893,36.004444452143915,-160.16655609411907,49.638575580752416,339.1445017496745,355.3363784790039,29.489999771118164,18.715790416798168
43,2026-03-06,BA,231.11000061035156,231.9600067138672,218.63999938964844,219.47999572753906,10684700.0,4.0,-2.4772899550065404,248.02028021489815,220.28771996820734,51.15661866024327,-91.3352074192326,9.929648001180446,235.88799896240235,229.8585001627604,29.489999771118164,18.715790416798168
43,2026-03-06,CAT,679.606201171875,695.0068742964228,673.7872620837095,681.1731643019936,3564400.0,4.0,9.639440271218746,792.7490469241417,697.9828805660926,50.97657710380329,-56.02123208645976,17.03938447309204,717.5326192220052,660.1954956054688,29.489999771118164,18.715790416798168
43,2026-03-06,CRM,201.6057891845703,202.45367474586595,196.87760876152007,200.2890749323073,9657400.0,4.0,-4.668969126615508,202.9184076560145,177.79742638939564,44.6536609517109,14.482621899081707,8.952129058835856,197.9579091389974,225.63720245361327,29.489999771118164,18.715790416798168
43,2026-03-06,CSCO,78.21617126464844,79.09142579694718,77.92773330112045,78.09681526958565,20621200.0,4.0,0.21123339396406493,86.06931993150344,72.92215956068405,51.22182283670764,-22.26185454263447,5.927341596600827,79.29665196736654,77.55964063008626,29.489999771118164,18.715790416798168
43,2026-03-06,CVX,188.21609497070312,190.6636783041667,186.41260614802502,189.14756589052155,13073100.0,4.0,4.920217709113473,189.3752249838585,176.25649651272354,67.51620880236663,114.9221598074006,39.633664022552026,178.5918940226237,165.77496337890625,29.489999771118164,18.715790416798168
43,2026-03-06,DIS,101.54000091552734,101.80999755859375,99.94999694824219,101.38999938964844,10448600.0,4.0,-1.7006388775306363,109.76544687444517,100.9925548345392,42.52200837762752,-152.8456408287129,39.59793324861589,106.50366744995117,109.45733909606933,29.489999771118164,18.715790416798168
43,2026-03-06,GS,817.8157348632812,823.5305390186446,797.8139203195095,812.4195338956446,2473000.0,4.0,-19.663729286624402,964.3002515544159,822.3414293537872,42.22892576976839,-233.88441470965162,39.223879444396026,901.9713521321614,904.7890675862631,29.489999771118164,18.715790416798168
43,2026-03-06,HD,355.5429992675781,357.0628370370768,350.8742007260305,355.16551806869916,4167400.0,4.0,-3.241722969161401,395.15769947836964,357.257946883935,44.09307080034532,-224.70442179303646,35.807575901834426,376.668739827474,366.468435160319,29.489999771118164,18.715790416798168
43,2026-03-06,HON,234.0039520263672,235.66483754286986,232.84034879967209,234.03380201458933,3857900.0,4.0,4.6267716100067275,245.68457920628688,233.89511439722875,57.56259828706171,-1.2321321218437395,17.661265517682644,234.4971181233724,217.4308659871419,29.489999771118164,18.715790416798168
43,2026-03-06,IBM,256.95880126953125,257.504770752482,250.3673149130961,254.56640552887535,6234400.0,4.0,-10.263831603284956,295.098257987768,214.49566901418513,44.92743501909354,-38.005701856854394,11.703775836928862,267.936562093099,283.4117253621419,29.489999771118164,18.715790416798168
43,2026-03-06,JNJ,239.0253448486328,239.41311415382512,234.08376296078876,236.75838349957985,7179800.0,4.0,4.654177082639961,248.4108766195376,234.7379301431577,62.5774655790628,14.04898954159481,2.4741899530793345,236.36180674235027,221.95326410929363,29.489999771118164,18.715790416798168
43,2026-03-06,JPM,288.0060729980469,288.51345559776433,282.2654325280704,284.88204628210366,13496500.0,4.0,-4.347998866282353,321.045829989875,285.69702889684373,42.18837231000199,-179.26703252367463,40.429900463395654,303.8134999593099,309.9378977457682,29.489999771118164,18.715790416798168
43,2026-03-06,KO,76.5138931274414,76.66287028974227,75.82860272723335,76.27553421413596,15516000.0,4.0,0.9389158379573104,81.2601952482905,76.00147619946341,54.70139357616656,-24.55560072684667,5.487405172500952,77.19586893717448,73.43522771199544,29.489999771118164,18.715790416798168
43,2026-03-06,MCD,328.05999755859375,328.3299865722656,321.32000732421875,326.2900085449219,3341200.0,4.0,4.041393647833672,337.23344296276866,320.22091494738754,56.78712712592093,22.70007343185327,4.127110968274431,324.059413655599,315.99627888997395,29.489999771118164,18.715790416798168
43,2026-03-06,MMM,152.6206817626953,153.3270201847866,150.9791621995567,153.3170771014754,4938100.0,4.0,-1.638655340141213,176.02512891184506,153.86489031422917,42.66569058992114,-124.00165403350728,24.660318360671447,162.24745534261066,162.21278533935546,29.489999771118164,18.715790416798168
43,2026-03-06,MRK,114.93868255615234,115.504491464197,112.98316529946956,114.31331720725075,12809300.0,4.0,1.4261410491901074,124.53247840415648,114.7700705765564,54.23218466669973,-32.52241675215886,10.37013125079822,116.70393753051758,110.66090494791666,29.489999771118164,18.715790416798168
43,2026-03-06,MSFT,408.0761413574219,412.1572983375802,407.6271321747383,408.31564337314285,31123900.0,4.0,-8.265741519136498,414.4017963099164,385.4837292027789,42.295922196249045,-12.511665950023398,6.673985313544713,412.7999003092448,443.2483637491862,29.489999771118164,18.715790416798168
43,2026-03-06,NKE,56.50439453125,57.03960634806334,56.256611702821516,56.9603178090165,16323700.0,4.0,-1.2052114343467437,66.21008233766332,56.87051420469508,40.46029838344407,-229.9932158936046,26.2158579104156,61.696818288167314,62.34563643137614,29.489999771118164,18.715790416798168
43,2026-03-06,NVDA,177.8103790283203,182.7500987288974,176.81043317462274,179.83025866705609,189021900.0,4.0,-1.2222697181003355,195.90314087089695,176.39970947089995,46.37313608169782,-97.3933876071967,21.50588400416452,185.75894622802736,184.8028310139974,29.489999771118164,18.715790416798168
43,2026-03-06,PG,152.4818115234375,153.27582040185652,150.7548104089041,152.5115860991408,8187900.0,4.0,1.5154458872677878,166.25333781831742,152.0051643789482,50.115540736635644,-65.73443316934525,11.504832165953696,156.40658569335938,148.96295801798502,29.489999771118164,18.715790416798168
43,2026-03-06,SHW,329.0268859863281,330.82221874238377,324.24926511796593,330.01431595829325,1827100.0,4.0,-3.187040498896863,378.287271928253,336.1463401322939,41.66789131776659,-232.21866159116576,44.40720968033664,355.83513793945315,344.97522837320963,29.489999771118164,18.715790416798168
43,2026-03-06,TRV,305.19866943359375,306.1452348863787,299.7285975192281,303.6742216669579,1268500.0,4.0,5.387306571044292,313.0886451478307,291.03057787463024,59.85703220719207,63.524730839359634,9.364870261382144,296.39141947428385,289.688324991862,29.489999771118164,18.715790416798168
43,2026-03-06,UNH,284.27001953125,289.08258097242623,280.866456550322,285.12337070169843,6816900.0,4.0,-4.253641536243947,296.63718877887464,270.0601378812816,44.15495697408765,-18.64718935771671,28.431825983778296,287.40264587402345,310.29881184895834,29.489999771118164,18.715790416798168
43,2026-03-06,V,316.70343017578125,317.032764525398,311.65390075349916,315.39614274359616,6439700.0,4.0,-2.8954274277862737,331.656261149081,306.3907572835362,44.59138995424688,-79.57219437083039,21.78627810681456,321.6442942301432,331.80420481363933,29.489999771118164,18.715790416798168
43,2026-03-06,VZ,50.36250686645508,50.49058158911546,49.663028491767,50.332952606676294,23562600.0,4.0,1.9352016505541911,51.19683464344101,45.861335293692775,71.13543495005004,87.69678318724775,57.0441465252113,46.38073132832845,42.700995127360024,29.489999771118164,18.715790416798168
43,2026-03-06,WMT,123.31111907958984,123.69957836870472,121.139727556177,122.01624971636278,21553000.0,4.0,0.9090243996777474,132.8812310785968,120.82691101124695,53.28000126028512,-36.101858991243795,13.39481292312027,124.81449127197266,119.72717221577962,29.489999771118164,18.715790416798168
44,2026-03-09,AAPL,259.6407775878906,260.9095975388004,253.44647267699952,255.45463216869055,38218500.0,0.0,-1.1451662245237912,277.5447496314884,253.26620007554286,47.24607292571478,-80.31842292823781,16.57581381332184,265.3690195719401,265.36899439493817,25.5,39.41074896956452
44,2026-03-09,AMGN,374.1446533203125,375.98079383547,363.7828975268687,365.50984672949187,2719900.0,0.0,6.581409788732856,387.3016488524851,357.6550161865774,58.297040613294115,41.891620072798155,13.65903414241144,364.2881805419922,344.4159698486328,25.5,39.41074896956452
44,2026-03-09,AMZN,213.49000549316406,213.82000732421875,207.11000061035156,210.4499969482422,54642900.0,0.0,-2.8229826934673383,218.4945679138873,197.6084334899213,45.908777708649,-27.281710392390334,17.598501635396122,217.19166717529296,225.3319999694824,25.5,39.41074896956452
44,2026-03-09,AXP,304.4176330566406,305.3347167408517,291.50843140268216,293.6018195656761,4695000.0,0.0,-13.830073095991509,368.4433499608565,288.47288844246384,37.74320859344409,-136.41665652239925,43.962995208145536,337.27341715494794,354.377353922526,25.5,39.41074896956452
44,2026-03-09,BA,225.0,227.58999633789062,220.4499969482422,226.75,8400100.0,0.0,-2.676273460052954,247.03317703881928,219.4718232663565,47.92880805530846,-116.00553264967706,9.92964800118046,234.98299916585287,230.2690002441406,25.5,39.41074896956452
44,2026-03-09,CAT,703.480712890625,707.2834707164229,661.5904323360513,663.9559240037976,3584400.0,0.0,7.002555259469432,794.506912588411,694.0910793549484,53.98376429157239,-48.8125612691364,9.713305865949993,720.1343322753906,662.0560770670573,25.5,39.41074896956452
44,2026-03-09,CRM,198.2940673828125,203.16189800680186,195.38135379950296,198.0646454308295,10754800.0,0.0,-4.037871932418938,203.78233513149854,177.67564216342333,43.46600942388339,13.694926785486151,5.9897543790310515,196.9850087483724,224.6096165974935,25.5,39.41074896956452
44,2026-03-09,CSCO,75.79927062988281,77.14199338174127,74.79471182945512,76.76404409691692,32855900.0,0.0,-0.051006216051362685,85.41810834070091,72.71701128820533,47.709044764013434,-99.73740482436925,23.591342109248593,79.35036112467448,77.51195220947265,25.5,39.41074896956452
44,2026-03-09,CVX,187.7206268310547,189.9105601919712,186.4026962240317,189.2664657023602,15987500.0,0.0,4.7932918622287275,189.73071511032467,176.92483908889406,66.8635614906816,107.02478231603249,39.57643602719709,179.39570210774738,166.47502619425455,25.5,39.41074896956452
44,2026-03-09,DIS,101.66000366210938,101.87000274658203,98.44999694824219,100.55000305175781,11715100.0,0.0,-1.7725883345255653,109.4212118802717,100.63279050009939,42.6852276560238,-158.8579616767565,44.57509592178675,106.19300079345703,109.3799929300944,25.5,39.41074896956452
44,2026-03-09,GS,828.3792114257812,833.0087714913384,791.5116641162913,806.4458464581081,3258200.0,0.0,-21.3581854055102,964.17968863976,813.3165210770368,43.62706495837875,-189.14884761884815,34.29312886321863,899.248701985677,904.1259745279948,25.5,39.41074896956452
44,2026-03-09,HD,351.2119445800781,354.1224786686976,343.3445596436474,353.23840507608844,4224500.0,0.0,-4.412774228796309,396.3571704912053,352.9204570722713,42.630276491022,-233.28772962841157,43.09974393805269,375.6684285481771,366.6056844075521,25.5,39.41074896956452
44,2026-03-09,HON,236.29139709472656,237.087027557682,229.52856092268857,232.8503169673734,3405100.0,0.0,4.038400393105405,245.65267822878624,233.9655667052958,58.859419598307895,-5.088866958201707,4.239633941846374,235.068115234375,218.23245188395182,25.5,39.41074896956452
44,2026-03-09,IBM,251.47911071777344,256.1943909057053,249.7319751623786,253.51413594454695,6126600.0,0.0,-9.352663957943008,288.186932928387,217.04854223030438,43.48505355099239,-42.37119220542112,12.406436054397227,266.69727935791013,282.4953061421712,25.5,39.41074896956452
44,2026-03-09,JNJ,241.20281982421875,242.6942425341329,238.66739818305737,239.49265390312758,7844000.0,0.0,4.265720146103348,248.313821744033,235.21967892735373,63.98669515658232,43.04693594119983,7.494077071142119,237.14444224039713,222.67722345987957,25.5,39.41074896956452
44,2026-03-09,JPM,288.44384765625,289.61783224456605,279.02206418875625,284.04633930656934,12241100.0,0.0,-4.782568059210632,318.6275909158703,284.8838073995594,42.41186370423361,-170.18110231314998,43.33929890945643,303.55482482910156,309.78467254638673,25.5,39.41074896956452
44,2026-03-09,KO,77.26870727539062,77.53686011292403,76.00737585485076,76.09676518555752,18554100.0,0.0,0.7919069224214326,81.26869546738082,75.87081640395708,56.42794123088681,-11.966790857615536,3.165565566170206,77.35874913533529,73.56285031636556,25.5,39.41074896956452
44,2026-03-09,MCD,330.79998779296875,331.70001220703125,324.5799865722656,325.79998779296875,3407500.0,0.0,3.8233016489948,337.39861186924145,320.6014888387664,58.39989989476889,51.628934579549494,11.987607775421731,324.8350118001302,316.35855356852215,25.5,39.41074896956452
44,2026-03-09,MMM,150.849853515625,152.13320965875556,146.95996720894973,150.71057443667843,6235100.0,0.0,-2.2819204531127752,176.29169337448306,151.58386967483332,41.53838887118577,-138.77335128548165,32.98540195304061,161.90511627197264,162.00183436075847,25.5,39.41074896956452
44,2026-03-09,MRK,116.24897003173828,116.39786869791308,113.2710270014452,114.13463320661846,8321600.0,0.0,1.1326651374315446,124.47365878260722,114.35043331944355,55.58290839146136,-26.01877126229483,5.569671914874533,116.99941558837891,111.00901158650716,25.5,39.41074896956452
44,2026-03-09,MSFT,408.5251770019531,409.3234358422322,402.62794618065146,404.044890641513,30131900.0,0.0,-7.181628360740319,415.3547241824958,385.4471648555902,42.4470149951526,-16.88021499824445,12.01412817235549,410.95460001627606,441.8931401570638,25.5,39.41074896956452
44,2026-03-09,NKE,56.02865219116211,56.20705613085387,54.898763093691585,55.24566132347709,18053100.0,0.0,-1.4326039905600183,66.41898672348066,55.97093751663164,39.83355519880092,-230.82248772716588,33.396898912478754,61.429835637410484,62.240206209818524,25.5,39.41074896956452
44,2026-03-09,NVDA,182.64010620117188,182.90010189125664,175.55049367782217,176.82042919903367,177213600.0,0.0,-1.2099261120863503,195.88726408775906,176.1396005362644,48.90097654226094,-73.34046848357089,23.608670973694164,185.59162190755208,184.76416625976563,25.5,39.41074896956452
44,2026-03-09,PG,154.05992126464844,155.0623672959407,151.75725316200914,152.00538471730655,12494900.0,0.0,1.0916032769541175,166.39801687394734,151.46843820417766,51.66075074087369,-46.78359624851645,4.241415445805131,156.57432301839194,149.2371332804362,25.5,39.41074896956452
44,2026-03-09,SHW,332.53778076171875,332.6175909175879,320.53889302965825,323.6807406569114,2189600.0,0.0,-4.273443615520989,379.54146897784943,332.1211897135568,43.34031854997639,-204.8546362633194,47.7244812256072,355.3580067952474,345.19081115722656,25.5,39.41074896956452
44,2026-03-09,TRV,302.0899963378906,303.80375720823395,298.8318711978442,303.26570787268764,1734900.0,0.0,4.763011382498064,313.1455323202365,291.1430754678495,57.18809867458527,42.60802307706848,6.499771863797375,297.2373392740885,290.1056386311849,25.5,39.41074896956452
44,2026-03-09,UNH,285.1700134277344,285.20001220703125,278.6600036621094,282.0,10348800.0,0.0,-4.019690885386865,296.517171403122,271.24557273750304,44.47172961033721,-19.255033330754763,31.0749339879143,285.1245900472005,309.69991811116535,25.5,39.41074896956452
44,2026-03-09,V,315.3163146972656,315.74541779360504,309.5083479475934,312.8114977016857,8381500.0,0.0,-2.907158760532468,329.8451998102031,306.7121427190938,43.953859799887745,-91.98955409384271,25.2725073804535,321.3269927978516,331.6402430216471,25.5,39.41074896956452
44,2026-03-09,VZ,49.70243835449219,50.34280447306515,49.61377181399175,50.244287765029775,29057400.0,0.0,1.8291191881823892,51.06852972982498,46.397505731600795,67.96476857954346,79.15841503093587,55.82754247827544,46.73966598510742,42.88152230580648,25.5,39.41074896956452
44,2026-03-09,WMT,123.84898376464844,124.01831821839308,122.01625348243766,123.20155666231803,19375900.0,0.0,0.7142760082452497,132.40295248345677,120.62389077826198,53.809584089493626,-31.296922495699516,11.757438862434626,125.03395436604818,119.88511390686035,25.5,39.41074896956452
45,2026-03-10,AAPL,260.58990478515625,262.2384104290217,256.71350175461305,257.4128391437035,30590800.0,1.0,-1.2610585297150578,276.26381773304865,253.16940065074036,47.834638963709736,-64.42641252124432,13.208022458988319,265.557470703125,265.07444279988607,24.93000030517578,22.63655804140186
45,2026-03-10,AMGN,372.6161804199219,376.4174918942373,369.9463392921709,373.35065478639154,2284500.0,1.0,6.080532914032403,387.379442822453,357.7951909666095,57.684317030923914,48.115321097818864,14.238887147571482,365.2193603515625,345.44520212809243,24.93000030517578,22.63655804140186
45,2026-03-10,AMZN,214.3300018310547,215.64999389648438,212.42999267578125,214.19000244140625,35678800.0,1.0,-2.446534647960476,219.14547117115245,197.5185302936913,46.38538065594922,-10.267096713844644,13.231871640134107,216.38866729736327,225.04116668701172,24.93000030517578,22.63655804140186
45,2026-03-10,AXP,302.19464111328125,307.2785749584316,300.0713487692581,304.9858353916993,3488800.0,1.0,-13.85090721361371,364.63243836060906,286.65060912474246,37.21071388564115,-114.47272680371167,40.594616399905895,335.2763966878255,353.18798828125,24.93000030517578,22.63655804140186
45,2026-03-10,BA,217.75999450683594,226.11000061035156,217.02999877929688,224.10000610351562,9285300.0,1.0,-3.3792236704693153,246.22823521046962,217.58176387400306,44.4879297837453,-152.048779744736,18.26872351074196,233.96066589355468,230.58633346557616,24.93000030517578,22.63655804140186
45,2026-03-10,CAT,715.3181762695312,729.4013501993434,708.9303739321189,711.4256234981032,3089100.0,1.0,5.8011175823764916,794.8768302116323,691.1819954719615,55.38742307675124,-6.829805670042102,2.0898093256523027,722.8212178548177,663.7655965169271,24.93000030517578,22.63655804140186
45,2026-03-10,CRM,194.4237518310547,199.07212994665105,190.12450664106865,196.76788003492268,14467400.0,1.0,-3.8061500501269165,203.87192935599228,177.67382870064836,42.11190355929926,-8.973077805837804,3.830547775467098,195.838210550944,223.46474278767903,24.93000030517578,22.63655804140186
45,2026-03-10,CSCO,77.28123474121094,78.58417968871929,76.68446994398955,76.72425527557445,24836000.0,1.0,-0.13766397323897195,84.00979687649242,73.2222160629607,49.888919788913974,-53.373141452351895,13.137985072328911,79.37323684692383,77.47676175435384,24.93000030517578,22.63655804140186
45,2026-03-10,CVX,184.59921264648438,187.4629822052631,183.95511813877917,186.91798613888145,11999600.0,1.0,4.390222424877749,189.7158563627967,177.48063716747671,62.90090588625928,71.59614840127888,25.948181705545743,180.069948832194,167.0753079732259,24.93000030517578,22.63655804140186
45,2026-03-10,DIS,101.31999969482422,102.23999786376953,100.23999786376953,101.75,7833100.0,1.0,-1.8358813784557242,109.30987114227727,100.16313148223443,42.33288615302196,-136.7817665862203,41.50071899073306,105.86000086466471,109.26701596577962,24.93000030517578,22.63655804140186
45,2026-03-10,GS,830.1513671875,842.3775135994551,822.7240786469663,831.0175448995619,1871900.0,1.0,-22.300984065747798,960.0532352651646,807.0019954477259,43.862845864730744,-138.96152503425986,29.44900065094882,896.1566121419271,903.2834431966146,24.93000030517578,22.63655804140186
45,2026-03-10,HD,354.778076171875,359.23827763224915,348.6887821037957,350.69538620676036,3986000.0,1.0,-4.99549877271113,396.81511747366505,350.09334810250687,44.2068730446158,-170.52397856505738,32.193252330012825,374.6955983479818,366.7053512573242,24.93000030517578,22.63655804140186
45,2026-03-10,HON,239.29489135742188,243.91946964364973,235.32669415622402,235.5057182160603,5089100.0,1.0,3.7709991199862714,245.64136842610506,234.1712948429379,60.499022165488014,45.654751789083555,23.48745558624569,235.7491251627604,219.05292307535808,24.93000030517578,22.63655804140186
45,2026-03-10,IBM,248.37197875976562,251.58831203452638,244.74865255037952,251.40961927894278,4938000.0,1.0,-8.780065486499751,280.63475086696934,220.1872080563705,42.68128153637818,-51.843026952703774,17.885421808339828,265.22643686930337,281.4910733540853,24.93000030517578,22.63655804140186
45,2026-03-10,JNJ,242.31643676757812,243.59905368087047,239.44296282285708,240.91449571542952,7214100.0,1.0,4.001596887647736,248.04471974714795,236.11835550919972,64.69017241814171,49.76106293531904,10.072742125318138,237.91969197591146,223.3112803141276,24.93000030517578,22.63655804140186
45,2026-03-10,JPM,287.2598876953125,291.25940817695187,285.7177615952499,287.81703392074905,8344900.0,1.0,-5.162987246460432,315.7047610361209,284.4866269033322,41.95805728569113,-136.21917961214982,39.64916919824651,303.1465810139974,309.4532450358073,24.93000030517578,22.63655804140186
45,2026-03-10,KO,77.34815216064453,77.87453913793452,76.57348001896666,76.95088983578943,17243900.0,1.0,0.6740419005555083,81.27240438492937,75.85816812483624,56.60801580865228,-7.154738481056459,6.33868403231576,77.53487141927083,73.68981068929037,24.93000030517578,22.63655804140186
45,2026-03-10,MCD,327.94000244140625,329.6499938964844,326.7099914550781,328.3399963378906,2391400.0,1.0,3.3807144805606413,337.2622553313966,321.15272269594715,56.13759119251523,37.38437454716752,11.987607775421722,325.3926279703776,316.6774714152018,24.93000030517578,22.63655804140186
45,2026-03-10,MMM,154.4512176513672,155.7047293152309,150.8299465532581,151.61587521657287,5891100.0,1.0,-2.4726099928676604,176.06445912580472,150.39151163835544,44.61697906701988,-90.42467045086997,20.35264539332172,161.78714599609376,161.84149703979492,24.93000030517578,22.63655804140186
45,2026-03-10,MRK,116.22911834716797,118.12507913485308,115.81220812075487,116.37801702040153,9739300.0,1.0,0.8882423925560232,124.51227311276664,114.25623045779001,55.55721030364054,-9.40121002768953,3.1372030915335554,117.32004063924154,111.34481239318848,24.93000030517578,22.63655804140186
45,2026-03-10,MSFT,404.8830871582031,409.31349393117443,402.05918625996463,409.1438479339772,31706400.0,1.0,-6.540947117501332,414.2043016055808,385.90926650965355,41.53450137060657,-16.98422877296097,12.622185767377006,408.8442026774089,440.70055338541664,24.93000030517578,22.63655804140186
45,2026-03-10,NKE,55.582645416259766,56.73235757917769,55.30512607978587,56.197145766905756,15706400.0,1.0,-1.630013468319774,66.69354105257479,55.10978421903165,39.24399700347091,-195.80328200394248,28.23565811155648,61.14962730407715,62.08697408040364,24.93000030517578,22.63655804140186
45,2026-03-10,NVDA,184.760009765625,186.42991760168223,182.00014929336922,182.39012758732315,179118500.0,1.0,-1.017357747679256,195.4522719350436,176.0476227793119,49.97175419533302,-15.07635969242334,14.428350364015827,185.5349583943685,184.7806655883789,24.93000030517578,22.63655804140186
45,2026-03-10,PG,154.84400939941406,155.97548867908492,152.45203273050996,154.32790667166816,7756800.0,1.0,0.8096412736189507,166.45714883668148,151.2782912267951,52.41830387548887,-39.092211130532775,0.6589862624921071,156.79003143310547,149.52125574747723,24.93000030517578,22.63655804140186
45,2026-03-10,SHW,329.4757080078125,336.35788801418954,328.408498307664,331.59025096607434,1418600.0,1.0,-5.32018184833845,380.7689934298392,327.95384592562954,42.247466986112926,-166.82458674041894,38.79958741203897,354.7851094563802,345.27026926676433,24.93000030517578,22.63655804140186
45,2026-03-10,TRV,302.44000244140625,305.57000732421875,299.9599914550781,301.2699890136719,1517000.0,1.0,4.247532603347736,312.5339809938781,292.82286409889537,57.40928654805152,48.92776174748847,11.387560039264953,297.9624084472656,290.52397003173826,24.93000030517578,22.63655804140186
45,2026-03-10,UNH,282.3399963378906,287.5799865722656,278.8999938964844,287.3800048828125,6075600.0,1.0,-4.016344121820964,296.02374231495327,272.6156833442264,43.6660184601795,1.8160395245445544,25.72134166583594,282.90501200358074,308.9749704996745,24.93000030517578,22.63655804140186
45,2026-03-10,V,313.77947998046875,316.47390623113745,310.8056646841637,314.7774111170955,5271300.0,1.0,-3.005816462906637,329.13199106679895,306.37951711191204,43.24521985033174,-84.32587276218221,23.278135233843667,320.88178202311195,331.4634475708008,24.93000030517578,22.63655804140186
45,2026-03-10,VZ,49.95858383178711,50.066954465054955,49.27880952970447,49.56451324319761,20031300.0,1.0,1.7455947421974471,51.0145951254841,46.81497259302176,68.5279018482818,74.18623309288408,47.51999411113811,47.103855005900066,43.06986929575602,24.93000030517578,22.63655804140186
45,2026-03-10,WMT,124.62590789794922,125.60203365402064,122.86289331517725,123.7194978109023,18793600.0,1.0,0.6155323160956954,132.18759112223466,120.45079159871261,54.57892237470179,-16.541294181495108,3.7968810119468386,125.28230311075846,120.08715031941732,24.93000030517578,22.63655804140186
46,2026-03-11,AAPL,260.5699157714844,261.888707997661,259.3110658747261,260.8496568052655,26218900.0,2.0,-1.3390808721410963,274.9934520845353,253.1539508695663,47.82301464371304,-57.05794824862593,13.208022458988328,265.6500996907552,264.79203465779625,24.229999542236328,19.582525092212975
46,2026-03-11,AMGN,374.8096618652344,377.290924756656,370.20442340010607,372.2390468555304,2299200.0,2.0,5.7937927666533255,386.8060440703118,359.9069106416023,58.3344389369296,51.310031782834784,15.452868042558244,366.17010192871095,346.47813669840497,24.229999542236328,19.582525092212975
46,2026-03-11,AMZN,212.64999389648438,217.0,211.35000610351562,215.7100067138672,34199300.0,2.0,-2.2577337108144775,219.57639663913594,197.6566035439695,45.554913705592575,-8.429077479418659,10.010576114651991,215.3210006713867,224.74733327229816,24.229999542236328,19.582525092212975
46,2026-03-11,AXP,305.02569580078125,305.8830014227181,299.9019097752336,301.5167996526296,3512200.0,2.0,-13.483546023419024,358.7953158430704,286.78475923017174,38.356484044458604,-103.52149510049391,40.72384616190215,333.50001220703126,351.8913060506185,24.229999542236328,19.582525092212975
46,2026-03-11,BA,214.10000610351562,217.94000244140625,213.52999877929688,217.94000244140625,7937400.0,2.0,-4.183423352735957,245.95034361621893,215.01065644481625,42.87812741860605,-192.3002106790994,25.78548494766001,232.9453328450521,230.80950012207032,24.229999542236328,19.582525092212975
46,2026-03-11,CAT,706.2454833984375,719.0510603171668,702.2929861525735,712.1442265716278,1947500.0,2.0,4.069963075480018,795.6942892287118,686.893149736132,54.079494877303226,-30.30290845291288,1.3158571745089485,725.1062032063802,665.1536265055339,24.229999542236328,19.582525092212975
46,2026-03-11,CRM,193.6457061767578,199.0521830041587,190.81277959479434,195.91003221863537,9580000.0,2.0,-3.6432929575044,203.93325304041323,177.68033643712582,41.84083127433782,-0.43799270450656214,3.830547775467113,194.69440511067708,222.33760833740234,24.229999542236328,19.582525092212975
46,2026-03-11,CSCO,77.67908477783203,78.07693052747447,76.70437065889841,77.22156482164002,14719900.0,2.0,-0.17225208237927347,82.4085363049405,74.00889075804778,50.46243461763633,-53.805542801316285,13.137985072328906,79.35400772094727,77.46436106363932,24.229999542236328,19.582525092212975
46,2026-03-11,CVX,190.04930114746094,190.1186730829567,184.79741621391776,184.89649953852626,11371700.0,2.0,4.459161151533948,190.49299921081388,177.82280889465488,66.48822242967985,107.96069131012807,33.48132730039428,180.87516326904296,167.77770970662434,24.229999542236328,19.582525092212975
46,2026-03-11,DIS,100.88999938964844,101.88999938964844,100.4000015258789,101.4000015258789,8152800.0,2.0,-1.8988502391733846,108.45677996263704,100.10922269239227,41.880606346828856,-135.28561898096373,41.50071899073306,105.5360008239746,109.10333366394043,24.229999542236328,19.582525092212975
46,2026-03-11,GS,820.1454467773438,829.1457584338937,806.9834229987335,826.3082882089209,2227000.0,2.0,-23.583694797334033,954.2381846719087,800.8436268515287,42.81684731589292,-148.59538714424096,33.74148541217673,892.8016398111979,901.9144663492839,24.229999542236328,19.582525092212975
46,2026-03-11,HD,348.510009765625,353.95362709060527,346.7914880690304,353.09932272941114,3197100.0,2.0,-5.89513727373884,396.4630234478154,346.5872390033565,42.10304240175175,-181.05057670929298,34.181982566936625,373.7181345621745,366.5957509358724,24.229999542236328,19.582525092212975
46,2026-03-11,HON,238.13128662109375,240.62756216081266,236.13226303802986,238.4495296943996,3241200.0,2.0,3.4256991792315716,245.5431911427552,234.00116310529168,59.54789945396894,27.7046578959164,23.487455586245705,236.39959513346355,219.82447713216146,24.229999542236328,19.582525092212975
46,2026-03-11,IBM,247.05169677734375,251.86626768087837,245.39389997842179,248.1833670833811,4008500.0,2.0,-8.336712363750195,272.2191523132454,224.34514059446946,42.33729123698414,-49.397791267063724,17.447404179642437,263.79285329182943,280.49658686319987,24.229999542236328,19.582525092212975
46,2026-03-11,JNJ,241.6005401611328,242.2965343871637,239.97985597145382,241.4812160284302,6933200.0,2.0,3.6919519058632773,247.54819846064092,237.2015406140661,63.86059338462457,39.81817731917326,10.07274212531814,238.57382456461588,223.87620697021484,24.229999542236328,19.582525092212975
46,2026-03-11,JPM,286.0560302734375,289.00098077209634,283.40957048917664,287.339470512306,10205000.0,2.0,-5.498233216034123,313.3141603022523,283.8168882817321,41.49107621915083,-141.45526053536295,41.897427474469026,302.7224182128906,308.98174438476565,24.229999542236328,19.582525092212975
46,2026-03-11,KO,77.09986114501953,77.1793166426866,76.07689623875925,77.1793166426866,11546800.0,2.0,0.5542094303194744,81.19045478687916,76.02155769481028,55.86160816490361,-33.79095462106648,1.129308741940952,77.66994247436523,73.83084093729654,24.229999542236328,19.582525092212975
46,2026-03-11,MCD,325.2099914550781,327.6499938964844,322.4200134277344,327.0299987792969,2200500.0,2.0,2.777652837088283,337.1888688542886,321.33119034981297,54.06928774934889,-5.778765028825552,0.054831427088022876,325.82012939453125,316.96448008219403,24.229999542236328,19.582525092212975
46,2026-03-11,MMM,154.3716278076172,154.59049709266176,152.12326127430907,153.08827170920182,3551100.0,2.0,-2.6001817851357885,175.11565784059852,149.60078197873744,44.563328712106134,-86.67035297062618,20.352645393321723,161.71505279541014,161.6313028971354,24.229999542236328,19.582525092212975
46,2026-03-11,MRK,115.3555908203125,116.09014801378476,114.44235673401714,115.90155009652227,6760700.0,2.0,0.6169375630319678,124.59943367617562,114.07576087338494,54.412073679027415,-44.25952716061185,3.6030807927635777,117.59434229532877,111.64325307210287,24.229999542236328,19.582525092212975
46,2026-03-11,MSFT,404.0049743652344,408.1260534422115,400.7220762180728,404.6934855668013,25512100.0,2.0,-6.034497054374242,412.9359477421791,386.4343433955162,41.31298710178078,-13.836671534369753,14.11380170986588,406.36272481282555,439.4118611653646,24.229999542236328,19.582525092212975
46,2026-03-11,NKE,55.20601272583008,57.089159878178634,54.91858374892139,57.089159878178634,20245300.0,2.0,-1.7961481345382566,66.85079671540552,54.26623667082495,38.74307340205617,-174.57539143914246,30.355234284704686,60.91922225952148,61.89546540578206,24.229999542236328,19.582525092212975
46,2026-03-11,NVDA,186.02999877929688,187.6199951171875,184.4499969482422,185.91000366210938,145280400.0,2.0,-0.7535816121081211,195.24051801086904,176.00939806579112,50.61311942215282,9.174517890854753,11.445320084386465,185.45229848225912,184.86582895914714,24.229999542236328,19.582525092212975
46,2026-03-11,PG,152.17413330078125,154.21873497118054,150.29824413229485,154.06984694547987,8855100.0,2.0,0.36652262184301776,166.735831054304,150.42791558876243,49.67603756960592,-83.7204059470298,8.580604619587435,156.9547912597656,149.74544041951498,24.229999542236328,19.582525092212975
46,2026-03-11,SHW,321.90533447265625,329.30615859275326,320.90792062803513,328.4483668582785,1530800.0,2.0,-6.68355149396757,382.0783666040759,322.54455514885376,39.68797884286355,-196.03570580051797,45.81684162468265,354.0345082600912,345.173296101888,24.229999542236328,19.582525092212975
46,2026-03-11,TRV,299.3999938964844,301.29998779296875,297.6199951171875,301.29998779296875,1296400.0,2.0,3.55275472888178,312.4555948572729,293.0885884923365,54.86248718106037,12.595448450793645,3.709608428830333,298.6007578531901,290.8164082845052,24.229999542236328,19.582525092212975
46,2026-03-11,UNH,285.25,286.2200012207031,280.6000061035156,282.3800048828125,6878800.0,2.0,-3.7358146659606746,294.9432135011521,275.1099816892776,44.73115065166401,16.803211398604084,25.72134166583595,283.0627065022787,308.16026458740237,24.229999542236328,19.582525092212975
46,2026-03-11,V,308.32080078125,314.42813457039836,307.75200316890374,312.6019339587185,6376700.0,2.0,-3.4843082574349182,327.94793709367286,305.6465422764443,40.82666371840435,-116.50408886840042,28.386778415476105,320.36183675130206,330.86537475585936,24.229999542236328,19.582525092212975
46,2026-03-11,VZ,49.92902755737305,50.126064722806525,49.31821572688348,50.126064722806525,21554200.0,2.0,1.6579047783847898,50.93992737437163,47.2137652525815,68.38441018160964,74.00764085206858,48.042519479168874,47.4769105275472,43.25288168589274,24.229999542236328,19.582525092212975
46,2026-03-11,WMT,123.0023422241211,124.99444432715642,122.56408492895451,124.81515483391257,18176500.0,2.0,0.40163920078884985,132.21272129234688,120.10592952552422,52.682030891774566,-42.99402057763764,5.159394185893559,125.49977416992188,120.22336044311524,24.229999542236328,19.582525092212975
47,2026-03-12,AAPL,255.52456665039062,258.71164792954545,253.94601921584928,258.4219063383753,40794000.0,3.0,-1.7874272996887726,273.298084700474,252.87713502608855,44.96958572613761,-109.01338496803565,23.415421871810544,265.63543701171875,264.42137883504233,27.290000915527344,55.92185104868718
47,2026-03-12,AMGN,365.0334777832031,372.18943143742774,365.0037038402423,370.7106084556162,1990500.0,3.0,4.723246140178389,386.3820466566588,360.70137619490373,54.47562092771742,5.696815972891139,5.910461636450599,367.0939585367839,347.3422205607096,27.290000915527344,55.92185104868718
47,2026-03-12,AMZN,209.52999877929688,211.7100067138672,208.14999389648438,210.38999938964844,44349500.0,3.0,-2.332972088942199,219.64305786225881,198.13494201567087,44.04011302361623,-28.588040066896607,16.06125303527919,214.2050008138021,224.46966654459635,27.290000915527344,55.92185104868718
47,2026-03-12,AXP,300.9386291503906,303.8793141766132,297.78858402123046,299.5928774977241,3602400.0,3.0,-13.368102589839793,354.50980123007713,285.8746988919932,37.33892301259516,-103.77117799164239,42.39461587511058,331.66913452148435,350.56513163248695,27.290000915527344,55.92185104868718
47,2026-03-12,BA,204.75999450683594,212.61000061035156,204.3000030517578,212.2100067138672,10758600.0,3.0,-5.510892138831167,247.9084396129846,209.90256044805054,39.13930815184532,-239.301419051919,41.06509370806376,231.71766611735026,230.8158332824707,27.290000915527344,55.92185104868718
47,2026-03-12,CAT,699.3585815429688,702.4327461172825,678.4683591358591,691.6831913122745,3231800.0,3.0,2.1178816120852844,792.8392470647287,682.3313156794119,53.09494691902238,-71.0508824304158,12.514111953682091,727.0162333170573,666.8869201660157,27.290000915527344,55.92185104868718
47,2026-03-12,CRM,198.7828369140625,204.34891780907077,192.66812510973307,193.64569117387683,26309700.0,3.0,-3.0643797582287675,204.7586966174818,178.27932981074088,44.2901809216589,54.80186944686694,6.178101117948351,193.74078979492188,221.29808451334637,27.290000915527344,55.92185104868718
47,2026-03-12,CSCO,77.3210220336914,77.70891954113637,76.53527878858394,76.53527878858394,19969500.0,3.0,-0.22595145138213013,80.51040396359814,75.13122659060109,49.930401174574065,-61.1362792165276,14.11125375891736,79.3135602315267,77.47023073832194,27.290000915527344,55.92185104868718
47,2026-03-12,CVX,195.1822967529297,197.07496517587037,190.02949510203823,190.8321411033115,27151800.0,3.0,4.8718260580223784,192.7555659353383,176.8435048044078,69.37354103617866,185.37401071140934,48.228145867514726,181.82269236246745,168.5776008605957,27.290000915527344,55.92185104868718
47,2026-03-12,DIS,99.43000030517578,100.87999725341797,99.37000274658203,100.0999984741211,10309400.0,3.0,-2.0430126611275057,108.14783445516129,99.54916795572738,40.365824059506494,-155.44792018254077,45.20714762183484,105.19833424886068,108.91300036112467,27.290000915527344,55.92185104868718
47,2026-03-12,GS,784.0645141601562,803.6681201830515,780.6594767923647,801.786398600958,3533000.0,3.0,-27.19815857305514,952.2650931811947,787.6709846996646,39.31914895984797,-181.5831758676063,40.24126811134825,888.0099039713542,900.3249491373698,27.290000915527344,55.92185104868718
47,2026-03-12,HD,338.92999267578125,348.6700134277344,338.70001220703125,346.0400085449219,3893600.0,3.0,-7.297019089132789,396.6789702425403,341.4557496060925,39.15670126382943,-201.9111929769814,41.94450853861708,372.58888244628906,366.29022623697915,27.290000915527344,55.92185104868718
47,2026-03-12,HON,232.12428283691406,238.4594761910452,231.91543914716868,236.470407734258,4592800.0,3.0,2.6369345456660653,246.0700770327174,232.66860247167716,54.93559750214912,-39.255160699573956,8.156002705010247,236.99068756103514,220.4990483601888,27.290000915527344,55.92185104868718
47,2026-03-12,IBM,245.87039184570312,248.22308643974137,243.84530316895786,245.2946427743001,5547700.0,3.0,-7.988585810686999,268.49983207922094,225.56981971521265,42.02380197950973,-53.39687627654556,19.234645300235915,262.31002146402994,279.507088470459,27.290000915527344,55.92185104868718
47,2026-03-12,JNJ,240.6559600830078,243.00246573676242,238.92591946160707,240.07928999023173,7710200.0,3.0,3.331927917824288,247.3632664201449,237.6304347517301,62.76202240311431,29.885719354660083,6.1348194965157266,239.08833770751954,224.39951095581054,27.290000915527344,55.92185104868718
47,2026-03-12,JPM,281.44964599609375,282.4345955757058,277.6789347371047,281.38992356011664,13760500.0,3.0,-6.065693240348196,312.8952922179882,281.4569782898243,39.740327912695406,-170.7277809255259,47.125087620474716,302.12945454915365,308.41465250651044,27.290000915527344,55.92185104868718
47,2026-03-12,KO,77.08000183105469,77.62624891136876,76.37485133110869,76.89129691652921,16842200.0,3.0,0.4524235960539187,81.2209442298097,75.89274442985825,55.80072958451,-33.28683629875969,5.579449717164977,77.82057367960611,73.94820073445638,27.290000915527344,55.92185104868718
47,2026-03-12,MCD,323.9100036621094,327.32000732421875,322.010009765625,323.25,2639600.0,3.0,2.1698117501754837,336.85931973599486,321.9102908597083,53.105463559679976,-22.963477446410746,1.0226350937376756,326.2483856201172,317.11363779703777,27.290000915527344,55.92185104868718
47,2026-03-12,MMM,148.33287048339844,152.69032458818117,147.50713910132632,151.9740278514507,5683000.0,3.0,-3.152223724769158,174.7146397239238,147.71583665547072,40.72011435144729,-126.48373609373436,30.152045515121838,161.5113265991211,161.31551132202148,27.290000915527344,55.92185104868718
47,2026-03-12,MRK,115.05780029296875,115.74272206654626,113.45963686578611,114.62103287486634,8349200.0,3.0,0.3735908019582723,124.75908996608095,113.57860534641904,54.019406840283466,-67.23814878709956,8.203616328631341,117.8924674987793,111.9155694325765,27.290000915527344,55.92185104868718
47,2026-03-12,MSFT,400.9914855957031,405.2422886286942,400.84181586601125,403.7555185610488,27263900.0,3.0,-5.809328763688825,412.8026661359355,386.40905261406454,40.54531472926813,-13.558969997809067,14.11380170986588,403.74595133463544,438.1549123128255,27.290000915527344,55.92185104868718
47,2026-03-12,NKE,53.649940490722656,54.968143206820244,53.55082508820696,54.78973926315801,18611800.0,3.0,-2.0299728161762474,67.161881617644,53.181189747712445,36.73879447704496,-196.17494132538752,37.353830705214605,60.66484502156575,61.68245283762614,27.290000915527344,55.92185104868718
47,2026-03-12,NVDA,183.13999938964844,184.94000244140625,181.75,184.0500030517578,155762700.0,3.0,-0.7688728348422558,194.72214869518263,175.8377954576494,49.13039170712744,-27.307591444008,16.711101899358326,185.17331034342448,185.00132013956707,27.290000915527344,55.92185104868718
47,2026-03-12,PG,149.3751983642578,151.9061432924026,149.20647072168128,151.0724248897603,8489300.0,3.0,-0.20810386803850633,167.24199383572522,148.97885272189194,47.0089796888112,-128.33239349381103,12.367168666636655,157.05933736165363,149.88881123860676,27.290000915527344,55.92185104868718
47,2026-03-12,SHW,316.8783874511719,324.04979535756536,316.61905011378735,321.02760221739675,1549500.0,3.0,-8.076562785060787,382.92119010218914,316.8682294534749,38.10230468463886,-198.96939259567318,49.36555429717732,352.99956970214845,345.0026580810547,27.290000915527344,55.92185104868718
47,2026-03-12,TRV,302.010009765625,304.3399963378906,293.6600036621094,295.3399963378906,1432300.0,3.0,3.1761322500848337,312.3994199783724,293.55125446010413,56.573521791238754,12.692095275642568,7.7887385541830945,299.3005330403646,291.1119939168294,27.290000915527344,55.92185104868718
47,2026-03-12,UNH,277.04998779296875,287.55999755859375,276.2900085449219,284.7799987792969,10512300.0,3.0,-4.127585272147144,294.9073382668364,275.17501646949177,42.394535620656704,-29.23608743680523,31.51008646043608,282.57264506022136,307.12438201904297,27.290000915527344,55.92185104868718
47,2026-03-12,V,305.86590576171875,310.3067116813087,305.3868878331418,307.5025275101912,7514900.0,3.0,-4.015319855760879,326.3841028002872,304.9410833569393,39.79134215455755,-139.8552701475524,32.12847976990366,319.7029642740885,330.1898717244466,27.290000915527344,55.92185104868718
47,2026-03-12,VZ,49.8797721862793,50.195030166543546,49.071923142080706,49.702439102609205,26296100.0,3.0,1.5663791101436288,51.0113829516051,47.30584994329236,68.13844218298419,71.6428808143733,41.756043402957474,47.84536870320638,43.42425963083903,27.290000915527344,55.92185104868718
47,2026-03-12,WMT,124.8350830078125,124.89484364052527,121.79712419046949,121.81704946755148,21751600.0,3.0,0.37568358378266,131.98457632308495,119.991433808751,54.527557262045136,-46.34605636648982,8.706982110301611,125.79062143961589,120.3666259765625,27.290000915527344,55.92185104868718
48,2026-03-13,AAPL,249.8897705078125,256.0940459350445,249.29033192864068,255.24483747003174,36930000.0,4.0,-2.567825733788652,274.2961839610671,250.7191022938157,42.069519581376504,-152.17141199695055,30.948658979190952,265.371728515625,264.0261807759603,27.190000534057617,14.164343876750294
48,2026-03-13,AMGN,363.4653015136719,370.18458074579263,363.1874012839806,367.9018007336792,1500300.0,4.0,3.7055759339441465,386.0295815535304,361.30494298260237,53.88414236309378,-13.93752770228938,2.7402924887128166,367.94188639322914,348.0558090209961,27.190000534057617,14.164343876750294
48,2026-03-13,AMZN,207.6699981689453,210.55999755859375,206.22000122070312,209.61000061035156,35662100.0,4.0,-2.5137090767461814,219.14702763718267,199.43797144728998,43.15512963604645,-36.6568729464547,19.54874363079788,213.06966756184895,224.22183329264323,27.190000534057617,14.164343876750294
48,2026-03-13,AXP,299.0146789550781,304.7465580488578,298.8950619979368,303.36095440009984,2645800.0,4.0,-13.278789914270249,352.0317675406166,284.07425662930524,36.862695883710714,-95.94883995681974,40.655487076359634,329.7239501953125,349.20672505696615,27.190000534057617,14.164343876750294
48,2026-03-13,BA,209.88999938964844,210.83999633789062,204.9199981689453,205.0,8926600.0,4.0,-6.078898437697546,247.56044619199014,207.30455319765832,42.012260738954915,-197.4378703630625,41.06509370806377,230.91266632080078,230.88899993896484,27.190000534057617,14.164343876750294
48,2026-03-13,CAT,692.6712646484375,705.5866783889378,685.8742075041827,703.0016340433469,2042200.0,4.0,0.030876478384925576,792.3091833345937,676.4435998685314,52.141408330119546,-73.53329340942449,10.73590872880805,727.9727457682292,668.643685913086,27.190000534057617,14.164343876750294
48,2026-03-13,CRM,192.34893798828125,200.49855400363384,191.2716304984915,199.2317180822067,14834700.0,4.0,-3.0891390775682623,204.76536100104735,179.0108200292261,41.99855455117155,21.195764871865908,3.369831205601792,193.034223429362,220.27830607096354,27.190000534057617,14.164343876750294
48,2026-03-13,CSCO,77.90784454345703,78.8328326387883,77.51994704428031,77.64924368124717,19080400.0,4.0,-0.21863660920784866,80.2068633017003,75.76597223907119,50.809669361385,-34.1378992212409,5.696576335546913,79.31024475097657,77.47846094767253,27.190000534057617,14.164343876750294
48,2026-03-13,CVX,195.03366088867188,195.8363068762985,192.92298801728361,194.22109598446244,13017000.0,4.0,5.127762641649184,194.29311053520496,176.90997174018565,69.19507832192168,183.19023379801112,48.22814586751473,182.72405090332032,169.37812220255535,27.190000534057617,14.164343876750294
48,2026-03-13,DIS,99.29000091552734,100.7699966430664,99.16000366210938,99.83000183105469,9551500.0,4.0,-2.143846274526439,108.41676334874624,98.97123942835337,40.22151536365397,-147.854514102757,45.95345449495924,104.78866755167643,108.72633374532064,27.190000534057617,14.164343876750294
48,2026-03-13,GS,778.7777709960938,794.49846434799,777.075252410534,785.8963611272785,2567400.0,4.0,-30.141787383952078,954.8767933491229,773.3504344340802,38.83824212865,-169.93962006967323,41.082487809303544,882.9326700846354,898.6204132080078,27.190000534057617,14.164343876750294
48,2026-03-13,HD,339.0299987792969,343.4200134277344,338.0299987792969,341.69000244140625,2531900.0,4.0,-8.304224935225022,395.8770707830017,337.39780104317015,39.20264620571779,-184.5395335231747,42.54431444821219,371.5785247802734,366.03040720621743,27.190000534057617,14.164343876750294
48,2026-03-13,HON,233.21827697753906,236.28144422754437,232.5519408643641,234.20287132855836,3117500.0,4.0,2.076176208128487,246.36182859936764,231.96459657153082,55.583744589867884,-52.7769369693457,8.156002705010236,237.2685801188151,221.12934163411458,27.190000534057617,14.164343876750294
48,2026-03-13,IBM,244.48062133789062,247.89549034246835,242.92209999001707,245.86046507723168,4338400.0,4.0,-7.735663955654587,267.27492925593117,225.48039758733057,41.64848078456855,-54.0508148690819,20.333775840025364,260.28469899495445,278.503968556722,27.190000534057617,14.164343876750294
48,2026-03-13,JNJ,240.13894653320312,244.1856656028509,240.11905664901153,242.81356702435843,6415300.0,4.0,2.9706439070649253,247.38416192483604,237.4368509535819,62.15658572958243,34.94612176770673,9.998869316273181,239.59979349772135,224.87150548299152,27.190000534057617,14.164343876750294
48,2026-03-13,JPM,281.996826171875,285.72773249785536,281.50933079451545,283.2205743771862,9091200.0,4.0,-6.397510017565082,313.20686176365774,279.2351853554829,40.051172389756324,-135.54561938496437,39.41949291325876,301.3673543294271,307.83191884358723,27.190000534057617,14.164343876750294
48,2026-03-13,KO,77.33999633789062,78.05000305175781,77.19000244140625,77.47000122070312,11974500.0,4.0,0.38826133788913353,81.22000758143736,75.78162968662906,56.44360409479315,-18.95438956935373,9.698862915846426,77.96762212117513,74.0624449412028,27.190000534057617,14.164343876750294
48,2026-03-13,MCD,326.4599914550781,326.9599914550781,324.4800109863281,324.9800109863281,2449800.0,4.0,1.8722736085840666,336.7701489463882,321.6219408973618,54.742505348946324,-6.5914369174378304,1.0226350937376802,326.67180887858075,317.27198079427086,27.190000534057617,14.164343876750294
48,2026-03-13,MMM,150.1833038330078,151.60593906720527,149.62617233219385,150.37231351439618,4010700.0,4.0,-3.4011995216667117,173.24907059704913,146.90617384875168,42.29758080753407,-111.58780277352425,30.152045515121838,161.35475514729816,161.08338216145833,27.190000534057617,14.164343876750294
48,2026-03-13,MRK,114.76000213623047,117.02323769890967,114.68058850199236,116.0603682103503,7111000.0,4.0,0.1549210843179054,124.91065165289108,113.06671269647417,53.619109294719166,-62.79928808546711,1.4590377548947175,118.1330192565918,112.16952184041341,27.190000534057617,14.164343876750294
48,2026-03-13,MSFT,394.69512939453125,403.9251383935716,393.3979511212616,400.13336309353434,26848000.0,4.0,-6.068985113089298,412.7125487264113,385.9628418985887,38.97974894844478,-51.47244348612061,22.527066462334044,402.5165201822917,436.85458323160805,27.190000534057617,14.164343876750294
48,2026-03-13,NKE,53.50126647949219,54.38337272098835,53.26339708762612,53.85807434815711,14377100.0,4.0,-2.2018952335557245,67.4389992386566,52.238317045523075,36.55189737037915,-177.2716294322986,38.736777905249795,60.39369697570801,61.46187521616618,27.190000534057617,14.164343876750294
48,2026-03-13,NVDA,180.25,186.08999633789062,179.94000244140625,184.9199981689453,160988400.0,4.0,-1.002632315818488,194.6123294217389,175.27962614466733,47.68526554700604,-41.478454741724114,20.11513865051017,184.7649912516276,185.06747919718424,27.190000534057617,14.164343876750294
48,2026-03-13,PG,149.52407836914062,151.40988739234177,149.05758980488423,150.2386985039696,7298900.0,4.0,-0.6440617857266773,167.43495093963017,147.7377877078308,47.16506910845236,-135.57647395086917,12.893100833262666,157.0841506958008,149.9970489501953,27.190000534057617,14.164343876750294
48,2026-03-13,SHW,318.9530029296875,328.5181981943419,318.0952416206517,320.6685559864145,1451100.0,4.0,-8.910416404752993,381.53366444002955,313.06940868008763,39.140407969189916,-160.6256839057746,39.21116806354097,351.8685801188151,344.8705780029297,27.190000534057617,14.164343876750294
48,2026-03-13,TRV,302.489990234375,306.30999755859375,302.1499938964844,305.3999938964844,1121500.0,4.0,2.8831514593597944,312.18328199460205,294.3813023559839,56.884449040158366,51.77725894262768,1.7874228129806147,299.9415802001953,291.3278986612956,27.190000534057617,14.164343876750294
48,2026-03-13,UNH,282.0899963378906,282.8800048828125,277.80999755859375,278.05999755859375,4737600.0,4.0,-3.9854380822749818,294.9083726538778,275.16535476311435,44.24632102590488,-17.221170103695503,31.51008646043608,282.30780537923175,306.18473765055336,27.190000534057617,14.164343876750294
48,2026-03-13,V,306.5046081542969,309.7079588288859,305.78609646094156,306.95365892861656,4814100.0,4.0,-4.3346453347477905,325.61055714308776,304.0141559916779,40.19949711523846,-130.7264973856594,32.12847976990364,318.90537923177084,329.54061533610025,27.190000534057617,14.164343876750294
48,2026-03-13,VZ,50.618656158447266,50.90435610451001,50.19502756476809,50.19502756476809,21780900.0,4.0,1.535762802490666,51.203748479947954,47.30263961209307,69.8228440588469,107.02757898473314,48.49000324875723,48.22532056172689,43.60940488179525,27.190000534057617,14.164343876750294
48,2026-03-13,WMT,126.02037048339844,126.18970493059696,124.47649597694509,124.89483557746023,15194100.0,4.0,0.44561953906632823,130.60778557159924,120.65903571746328,55.68393898366045,-11.637060848601484,1.8325136499878638,126.09308853149415,120.52815221150716,27.190000534057617,14.164343876750294
49,2026-03-16,AAPL,252.58729553222656,253.6563027081548,249.6499992581203,251.87794235419486,32074200.0,0.0,-2.934798855608335,274.5822571821937,250.13730305950554,43.862408260304434,-143.795144515769,30.948658979190952,265.1580103556315,263.6676233927409,23.510000228881836,14.41397467603906
49,2026-03-16,AMGN,363.5050048828125,368.1102432375882,361.9864732412043,366.6115507946486,2099100.0,0.0,2.86919440655322,386.3053504116625,360.73737724947034,53.897252866464136,-32.75420369555509,0.6117382830524205,368.8259643554687,348.74656677246094,23.510000228881836,14.41397467603906
49,2026-03-16,AMZN,211.74000549316406,212.72000122070312,207.4499969482422,208.35000610351562,42209300.0,0.0,-2.3019929236435814,218.50655931923163,201.37344098594414,45.62835955029845,-11.009636026014771,13.887781881048761,212.1510009765625,224.04150009155273,23.510000228881836,14.41397467603906
49,2026-03-16,AXP,297.26025390625,303.0718676480312,294.8976972559651,300.0613959369337,3604200.0,0.0,-13.197444489565044,350.12759828407917,282.060811139749,36.42445822338365,-96.63682926930223,44.02398577004048,327.9306193033854,347.84924875895183,23.510000228881836,14.41397467603906
49,2026-03-16,BA,213.47000122070312,216.14999389648438,210.75,210.75,7347100.0,0.0,-6.1690582301988,245.61159135987447,206.30440748045754,43.92327080810023,-138.00964087648865,24.248611996627627,230.23766632080077,231.00166651407878,23.510000228881836,14.41397467603906
49,2026-03-16,CAT,698.4503173828125,708.6508682450784,693.28010673519,704.0296612307346,2145500.0,0.0,-1.143586316824667,787.7605207615688,673.5644059962437,52.89764154103547,-67.39418227404315,8.947694911559607,729.3840596516927,670.5105438232422,23.510000228881836,14.41397467603906
49,2026-03-16,CRM,197.84518432617188,198.13446936744256,194.66314019652606,194.66314019652606,13419600.0,0.0,-2.6348865392410517,205.39654497192998,179.2394840808044,44.53469317801881,58.55337272815942,3.3698312056017974,192.57038370768228,219.34465433756512,23.510000228881836,14.41397467603906
49,2026-03-16,CSCO,78.47477722167969,78.74331874266164,77.76860461199585,78.49466609467677,14715100.0,0.0,-0.16518862338163842,80.19327592650887,75.98345518311027,51.65810499852031,-27.467602848812554,5.69657633554691,79.32947413126628,77.50768203735352,23.510000228881836,14.41397467603906
49,2026-03-16,CVX,195.053466796875,196.0443907474224,193.80490806249313,194.81565472573533,12683900.0,0.0,5.271426674015174,195.62129379608137,177.0562818875124,69.20599810897303,174.85901628485482,48.61751175026536,183.43929087320964,170.2288579305013,23.510000228881836,14.41397467603906
49,2026-03-16,DIS,98.66000366210938,99.69000244140625,98.45999908447266,99.47000122070312,11578500.0,0.0,-2.248671863364919,108.50280128599076,98.20620216249557,39.5630928314981,-162.22193976513103,48.455103515298596,104.31733423868815,108.51033376057943,23.510000228881836,14.41397467603906
49,2026-03-16,GS,791.2826538085938,801.9257496642291,786.5335646121588,788.5247888263667,2082700.0,0.0,-31.107012611048503,953.8188501276077,763.8915807805954,40.61547681709021,-137.07752722703913,36.816256701072206,878.4277587890625,897.2966227213542,23.510000228881836,14.41397467603906
49,2026-03-16,HD,342.5799865722656,345.239990234375,340.6499938964844,342.44000244140625,3194400.0,0.0,-8.715521373206059,393.5748831292838,335.1126931646615,40.84306313549904,-148.36705060780432,38.39261048297282,370.5944488525391,365.90111083984374,23.510000228881836,14.41397467603906
49,2026-03-16,HON,233.2282257080078,235.01839042535096,232.3629857510372,233.71555296243108,3176700.0,0.0,1.6139691334782924,246.5543824564958,231.20739122514485,55.58975354645053,-72.21776598999917,7.472784314840969,237.53756815592448,221.74644088745117,23.510000228881836,14.41397467603906
49,2026-03-16,IBM,247.42892456054688,250.35736818084962,244.30194521378894,246.0590022975876,5674200.0,0.0,-7.214157812660545,265.5595741805124,225.89234384927272,42.77019526364747,-43.3051921764887,15.83995798718709,258.4412246704102,277.64013951619467,23.510000228881836,14.41397467603906
49,2026-03-16,JNJ,241.7993927001953,243.65869480615754,240.28808012034816,242.52521416415624,7571500.0,0.0,2.78619038595005,247.3853756023794,237.53778571353857,63.331774990094466,38.17371770544159,9.998869316273181,240.16791636149088,225.4514498392741,23.510000228881836,14.41397467603906
49,2026-03-16,JPM,284.7029724121094,287.7971227560318,283.16084627757465,284.88204862524725,8149000.0,0.0,-6.368699416248319,312.97903136199625,277.83236390167565,41.59261831374602,-109.89260033523118,34.681191475410195,300.7130360921224,307.36807607014975,23.510000228881836,14.41397467603906
49,2026-03-16,KO,77.81999969482422,78.43000030517578,77.73999786376953,78.0,11761200.0,0.0,0.3718579978528709,81.2166198430957,75.75274813786133,57.620848729619894,-1.6980351666147704,13.323787323393457,78.0849848429362,74.19462089538574,23.510000228881836,14.41397467603906
49,2026-03-16,MCD,326.6499938964844,328.7099914550781,326.510009765625,327.8399963378906,2584300.0,0.0,1.6329801185196402,336.73974628406586,321.74132061046544,54.86395753409328,8.23671728908189,4.018528912231957,327.11847127278645,317.50359903971355,23.510000228881836,14.41397467603906
49,2026-03-16,MMM,149.17848205566406,151.964078677961,147.36785411835328,151.8048982583371,5104700.0,0.0,-3.6376626436775155,171.977851696557,146.0016435427008,41.67461639835802,-118.6879817112628,34.6470348574518,161.2709935506185,160.87577311197916,23.510000228881836,14.41397467603906
49,2026-03-16,MRK,115.43000030517578,116.05999755859375,114.22000122070312,115.33999633789062,8785300.0,0.0,0.03528032090507338,124.81473059090985,112.65389733877765,54.40546808328976,-80.91026345525448,3.765439004298527,118.33204396565755,112.46756375630697,23.510000228881836,14.41397467603906
49,2026-03-16,MSFT,399.08563232421875,399.7641553863696,393.9367805641587,397.209690545171,27733700.0,0.0,-5.853017801412705,412.68988735907305,385.9399924016691,40.63331549851429,-44.688717838983564,22.527066462334044,401.5399637858073,435.60137837727865,23.510000228881836,14.41397467603906
49,2026-03-16,NKE,54.30408477783203,54.58160033166583,53.50126706455672,53.788696048665074,13115200.0,0.0,-2.247456975697091,67.34741782705893,51.54455223519693,38.30510113230772,-145.96983117608127,36.5150524637392,60.17523714701335,61.26550846099853,23.510000228881836,14.41397467603906
49,2026-03-16,NVDA,183.22000122070312,188.8800048828125,181.41000366210938,182.97000122070312,217307400.0,0.0,-0.9374280247231184,194.61550768607506,175.31843701607337,49.27157902421369,-1.6019972461431782,12.536490719567455,184.50166931152344,185.15930608113607,23.510000228881836,14.41397467603906
49,2026-03-16,PG,150.98309326171875,151.49921116919685,149.52407841472717,150.7250418803543,6944000.0,0.0,-0.8618958690005911,167.44707858150727,146.9366006177115,48.69707322873459,-124.22266752877933,12.460234693739686,157.09573008219402,150.12828954060873,23.510000228881836,14.41397467603906
49,2026-03-16,SHW,321.87542724609375,326.6829694911196,320.71842348347406,323.86030158133,1192600.0,0.0,-9.22904945015739,379.7329752269795,310.34521996345023,40.592311158648926,-135.08654771968935,39.21116806354097,350.833012898763,344.7968256632487,23.510000228881836,14.41397467603906
49,2026-03-16,TRV,304.6400146484375,308.2799987792969,303.30999755859375,303.5299987792969,1256700.0,0.0,2.792263596986345,311.37907936277975,296.33524864015,58.26899106185009,70.64738846970452,3.930301490299647,300.64698791503906,291.59591115315754,23.510000228881836,14.41397467603906
49,2026-03-16,UNH,285.489990234375,287.3999938964844,281.0400085449219,283.9800109863281,4854000.0,0.0,-3.5574265191824566,294.24501723133267,275.284886943472,45.46962828966351,34.91759997989316,20.277199054682757,282.3335876464844,305.4158727010091,23.510000228881836,14.41397467603906
49,2026-03-16,V,309.4684143066406,310.48632357047774,306.74408175799863,307.2131106166737,6401200.0,0.0,-4.299002466134596,325.6617051959858,303.5668287395611,42.08417817234192,-106.43243111626532,29.582353165199088,318.5375508626302,328.9703002929688,23.510000228881836,14.41397467603906
49,2026-03-16,VZ,50.2147331237793,50.697470250935076,49.99799185793789,50.59895354364616,20017500.0,0.0,1.462052315923053,51.289383659602294,47.4101005933274,67.79596340105931,95.3640839770731,43.561440926561126,48.437134679158525,43.78862508138021,23.510000228881836,14.41397467603906
49,2026-03-16,WMT,125.49246978759766,126.47856579955872,124.33705452005711,126.25943335245626,20463200.0,0.0,0.4532226446626737,128.63470753017864,121.84523402865925,55.03906364892234,-25.425502782402273,0.3196600675458423,126.3205202738444,120.7036231994629,23.510000228881836,14.41397467603906
50,2026-03-17,AAPL,253.99598693847656,254.89516767044782,251.94787083452104,252.72716690012706,32361600.0,1.0,-3.0764941653034157,274.63679785595247,249.11864953174285,44.78555877460559,-115.68631425949988,27.14580279903681,264.6409006754557,263.3786252339681,22.3700008392334,21.512881328792616
50,2026-03-17,AMGN,358.4233703613281,366.0160282921231,357.10332162116697,365.4800670591106,2334300.0,1.0,1.7758398075209811,387.3375050341617,358.491389008807,51.94206883273274,-81.8003375422627,7.700011882193568,369.4486592610677,349.3646230061849,22.3700008392334,21.512881328792616
50,2026-03-17,AMZN,215.1999969482422,215.6999969482422,212.42999267578125,212.82000732421875,44969900.0,1.0,-1.8338741927604758,218.44420622941377,202.8407943809378,47.63209998167451,39.28425082144313,6.453644406859342,211.22566731770834,223.94033330281576,22.3700008392334,21.512881328792616
50,2026-03-17,AXP,299.3236999511719,305.3247476276016,298.8950623803992,302.90238255677735,3616000.0,1.0,-12.81870870890981,346.12965276811633,281.64670221235247,37.3309364213733,-81.9646097803687,39.26169970817913,326.18414001464845,346.61137135823566,22.3700008392334,21.512881328792616
50,2026-03-17,BA,210.82000732421875,217.14999389648438,206.6699981689453,214.67999267578125,7308100.0,1.0,-6.380789110878595,243.11342290863087,205.48057733550974,42.842128848966965,-137.96311329566146,31.00426813402294,229.49766642252604,231.07649993896484,22.3700008392334,21.512881328792616
50,2026-03-17,CAT,700.6660766601562,707.6527754302717,693.5895221014149,706.0158770978132,1824900.0,1.0,-1.8739614269378535,783.9570519519075,671.1038000988738,53.19101057604817,-69.9158988592841,8.947694911559614,729.7530253092448,672.863091023763,22.3700008392334,21.512881328792616
50,2026-03-17,CRM,194.82275390625,201.87512354558928,193.96489875615978,197.7254979255844,11559300.0,1.0,-2.4900690394144362,205.35483219036558,180.3804491817047,43.45381812459546,71.01460598898325,10.606605212024114,192.0550064086914,218.30701599121093,22.3700008392334,21.512881328792616
50,2026-03-17,CSCO,78.8427734375,79.61857602567424,78.39520173395145,78.75326213210074,16210500.0,1.0,-0.09207510589246226,80.18723652726433,76.23018977278448,52.211578665985755,-8.123763036790377,0.8121760541234285,79.28405354817708,77.56859385172525,22.3700008392334,21.512881328792616
50,2026-03-17,CVX,196.1732177734375,198.7595299165207,194.67692803559999,195.69757850583017,14018600.0,1.0,5.413235590107291,196.78183310339466,177.62193276574595,69.83145639460466,182.8012976647798,53.495863716525264,184.28573608398438,171.05295130411784,22.3700008392334,21.512881328792616
50,2026-03-17,DIS,100.30000305175781,100.70999908447266,99.0199966430664,99.16999816894531,11785600.0,1.0,-2.1743481213904516,108.32009163468014,97.87491187484135,42.11486329535136,-119.46978975198238,38.47164863967634,104.17900110880534,108.33816719055176,22.3700008392334,21.512881328792616
50,2026-03-17,GS,803.498779296875,816.8400059428774,799.9444367547594,802.7620360546564,1955600.0,1.0,-30.5342415949101,948.8357867597131,758.4999310137243,42.30960190533855,-105.5527992531487,28.476918799153907,873.9695454915365,896.2890096028646,22.3700008392334,21.512881328792616
50,2026-03-17,HD,341.42999267578125,346.7799987792969,340.94000244140625,344.8900146484375,3075900.0,1.0,-9.030177396150577,392.2903309992096,332.49062908379824,40.47707198258324,-130.91574993868198,34.84025023078378,369.4551544189453,365.6852650960287,22.3700008392334,21.512881328792616
50,2026-03-17,HON,230.15512084960938,234.35205671781975,227.25108257819073,233.11882874966028,4224000.0,1.0,0.9883003069886058,246.95731063776572,229.8068205267851,53.28616678014363,-141.07117623599896,9.127937470840235,237.70280049641926,222.28543701171876,22.3700008392334,21.512881328792616
50,2026-03-17,IBM,254.23878479003906,254.5167681261647,248.17344044692865,248.6797088124107,5840100.0,1.0,-6.180121040581383,265.22517674761826,226.00834681195207,45.28345919953562,-19.208868584028313,8.520678985541226,256.5605407714844,276.8875045776367,22.3700008392334,21.512881328792616
50,2026-03-17,JNJ,236.74844360351562,242.7439617349266,235.86353339492615,242.1871663459089,7281800.0,1.0,2.20699934732491,247.76789932064628,236.76418380923656,57.69385971924159,-40.75119523766825,6.45592790902105,240.45228729248046,225.93023351033528,22.3700008392334,21.512881328792616
50,2026-03-17,JPM,285.42926025390625,290.2744588762506,284.4940440114858,287.5285022187445,8961200.0,1.0,-6.2156117450305715,311.82794718988987,276.96975483647736,42.00662442912513,-92.34411430917288,29.06782484471394,300.00830891927086,306.9257466634115,22.3700008392334,21.512881328792616
50,2026-03-17,KO,77.58000183105469,78.30000305175781,77.44999694824219,78.0,14900100.0,1.0,0.335623551451377,81.16138968939637,75.66431068902159,56.82642631994282,-22.471550235370557,9.730309677660214,78.17713241577148,74.31783103942871,22.3700008392334,21.512881328792616
50,2026-03-17,MCD,326.29998779296875,330.489990234375,326.1199951171875,327.3399963378906,2437800.0,1.0,1.3989692890602328,336.7196509517543,321.81141594277693,54.5848147804159,8.22606471919077,8.958203123520798,327.4364542643229,317.6599385579427,22.3700008392334,21.512881328792616
50,2026-03-17,MMM,148.29306030273438,150.86973069995275,147.23851659917966,150.86973069995275,4412200.0,1.0,-3.8521028632225125,171.3513747172889,144.78166971630483,41.12252386529423,-123.58764610388015,34.90350432445797,161.1488047281901,160.67040888468424,22.3700008392334,21.512881328792616
50,2026-03-17,MRK,115.87000274658203,116.80000305175781,114.37999725341797,115.77999877929688,7952200.0,1.0,-0.023757465028751312,124.63091582728916,112.35709457920498,54.92465701754751,-77.17591917366528,0.24453415126307154,118.44316151936849,112.75788383483886,22.3700008392334,21.512881328792616
50,2026-03-17,MSFT,398.5467834472656,403.5259891234105,396.8903674487218,399.4049101655112,26228300.0,1.0,-5.6600966807232,412.7216470348979,386.25286163209427,40.49399523625584,-16.25616353403707,15.96705897502926,400.77509053548175,434.34367319742836,22.3700008392334,21.512881328792616
50,2026-03-17,NKE,54.63115692138672,55.18619181785433,54.51222222245291,54.958232069537075,9861400.0,1.0,-2.231450226883858,66.88542409905111,51.08751024237956,39.01530682494725,-117.11455862805947,29.74116237451461,59.955536397298175,61.09805914560954,22.3700008392334,21.512881328792616
50,2026-03-17,NVDA,181.92999267578125,185.39999389648438,181.67999267578125,185.05999755859375,182497800.0,1.0,-0.978565765770611,194.55915337883386,175.07179144538492,48.60929613107055,-23.76540048793062,12.536490719567453,184.37933705647785,185.34262669881184,22.3700008392334,21.512881328792616
50,2026-03-17,PG,150.34786987304688,152.3130827230334,150.06996373876063,151.86643380137835,6147700.0,1.0,-1.0734145137502367,167.4716903781205,146.11101988799277,48.06930883465501,-118.2637994909396,8.411547319058826,157.03915608723958,150.20623677571615,22.3700008392334,21.512881328792616
50,2026-03-17,SHW,319.8706359863281,324.1595033942359,319.31208666172586,324.1595033942359,1497900.0,1.0,-9.533442740638975,377.6574714414352,307.7899101503617,39.916523163141235,-128.42928387053527,40.6619460052767,349.67356160481773,344.68833312988284,22.3700008392334,21.512881328792616
50,2026-03-17,TRV,306.3299865722656,308.9800109863281,305.92999267578125,308.2699890136719,1271300.0,1.0,2.824047065153138,311.35802542666676,297.17486336727853,59.33092106869276,90.75138995864539,5.937310393726548,301.3715301513672,291.864523824056,22.3700008392334,21.512881328792616
50,2026-03-17,UNH,287.57000732421875,288.989990234375,284.8399963378906,287.79998779296875,5752000.0,1.0,-3.0156220620803538,294.31880427645194,275.2821143026496,46.21646115522948,66.8088040352207,16.53429632145162,282.4730255126953,304.7241775512695,22.3700008392334,21.512881328792616
50,2026-03-17,V,307.82183837890625,312.04309816703056,306.7440861215353,310.67593734480056,6872200.0,1.0,-4.353436446885098,325.3205704808283,302.80624531507016,41.3354724394297,-101.00861104788957,24.454898504755818,317.7161529541016,328.38416086832683,22.3700008392334,21.512881328792616
50,2026-03-17,VZ,49.771400451660156,50.539841291811115,49.61377146500941,50.539841291811115,23765200.0,1.0,1.3522748005694396,51.29833441965572,47.557793891501504,65.63271983724505,76.04999507576264,34.27163813171785,48.631215540568036,43.958358192443846,22.3700008392334,21.512881328792616
50,2026-03-17,WMT,124.58606719970703,126.68773552385488,124.36693475275074,126.14986704476209,19895000.0,1.0,0.38170894380628795,128.12485317955185,121.9795779727919,53.92971989805217,-38.21993698713904,0.8208642772411423,126.35438613891601,120.86000315348308,22.3700008392334,21.512881328792616
51,2026-03-18,AAPL,249.70994567871094,254.70534343896443,248.7708084606242,252.3974721128864,35757900.0,2.0,-3.4943556717944944,274.9685962769422,247.3471767333117,42.58159523969553,-131.78678804504494,32.518118154182716,263.9985560099284,263.01237030029296,25.09000015258789,27.363978559564472
51,2026-03-18,AMGN,348.845703125,357.9866666065533,348.18071138152845,357.12319201657897,2895100.0,2.0,0.13495503093650996,389.35604595602234,353.6690211826495,48.51091601213557,-184.51664561699593,20.524308457635453,369.9521901448568,349.8491719563802,25.09000015258789,27.363978559564472
51,2026-03-18,AMZN,209.8699951171875,215.13999938964844,208.8300018310547,213.92999267578125,37846600.0,2.0,-1.871400983374798,218.2115321840714,203.58146860938567,44.98993472786739,18.55440062360915,13.72611941013861,210.267333984375,223.6588333129883,25.09000015258789,27.363978559564472
51,2026-03-18,AXP,293.4622802734375,300.1212217636428,292.4354969887858,298.20725902502403,3303100.0,2.0,-12.843473884011644,341.1952288801139,281.41247070484707,35.82971881008892,-94.2504902305715,44.850880710636446,324.34861043294273,345.277294921875,25.09000015258789,27.363978559564472
51,2026-03-18,BA,205.99000549316406,210.5,205.75,209.0,5881900.0,2.0,-6.859258874448301,241.83631076322547,203.4636907626534,40.94200112717167,-152.33790310565354,32.45622125820528,228.5923334757487,231.0384999593099,25.09000015258789,27.363978559564472
51,2026-03-18,CAT,692.302001953125,710.4874126057266,691.3837671632582,699.9773921129927,1796200.0,2.0,-3.092056587536945,782.0472233285146,667.1897212515636,51.928043120880304,-75.93667787085876,7.11914313494159,729.4446126302083,675.0108489990234,25.09000015258789,27.363978559564472
51,2026-03-18,CRM,193.85516357421875,195.66064561292413,192.1594077201115,192.9175062186935,10525100.0,2.0,-2.425417873280253,205.40948591278573,180.97916154815175,43.10733137382963,30.72348351551664,6.4917030144688965,191.98717549641927,217.25115661621095,25.09000015258789,27.363978559564472
51,2026-03-18,CSCO,77.18177795410156,79.59868191892603,77.1121555184184,79.31024394587399,18827600.0,2.0,-0.1662442107416382,80.20235029997113,76.157388622148,49.56203675532447,-35.82150923484042,8.059654233662997,79.10137659708658,77.5861582438151,25.09000015258789,27.363978559564472
51,2026-03-18,CVX,196.80740356445312,198.90815747060483,196.70830512271795,197.41186777031933,13305000.0,2.0,5.513240466783515,198.11500026650884,177.7493872456982,70.18624301987082,176.64606627589248,53.752793491170515,185.02215067545572,171.91754480997722,25.09000015258789,27.363978559564472
51,2026-03-18,DIS,99.41999816894531,101.0199966430664,99.0,99.83999633789062,12615100.0,2.0,-2.1615381931574404,107.82516634439881,97.60183713460509,41.15041652597006,-114.48500841034121,35.51102245203715,104.01900100708008,108.13066711425782,25.09000015258789,27.363978559564472
51,2026-03-18,GS,801.9456787109375,812.6087070271379,797.4853555933689,797.4853555933689,1541300.0,2.0,-29.86141487294026,939.162750643177,755.8909236732292,42.151450128543324,-101.49092586503919,29.237129998620155,869.7018798828125,895.1899800618489,25.09000015258789,27.363978559564472
51,2026-03-18,HD,330.92999267578125,339.79998779296875,330.1400146484375,338.6000061035156,3592200.0,2.0,-10.011401603344723,391.56347171325405,328.21319149475374,37.318481878323745,-156.68394040370512,45.35539429473471,367.8671864827474,365.3235580444336,25.09000015258789,27.363978559564472
51,2026-03-18,HON,228.66331481933594,231.79610683783105,227.31074762119775,230.294350395733,3255200.0,2.0,0.36783678174569445,247.4937319610974,228.27300845638308,52.199896973985375,-173.318724763994,9.12793747084023,237.70779774983723,222.82942326863608,25.09000015258789,27.363978559564472
51,2026-03-18,IBM,249.7617645263672,256.3929517968472,248.33228304002762,252.3030582143908,5177000.0,2.0,-5.656690758241524,263.8734691802574,226.44776952823867,43.97020603928081,-18.570605663920233,5.312216037429854,255.20248565673828,276.10746739705405,25.09000015258789,27.363978559564472
51,2026-03-18,JNJ,235.92318725585938,237.74272479331552,234.07382247775118,236.50980988406457,6811500.0,2.0,1.662233789645228,248.1368078537644,235.75749298852074,56.83863612949284,-110.32506127850138,12.138939626480182,240.63167622884114,226.42856012980144,25.09000015258789,27.363978559564472
51,2026-03-18,JPM,286.27490234375,287.93641255144826,283.6682474755719,285.36953215418885,10057000.0,2.0,-5.9573794513535745,310.0409598853673,276.6634529564296,42.4975620906535,-91.49831616938748,30.105852887726503,299.10924275716144,306.5301961263021,25.09000015258789,27.363978559564472
51,2026-03-18,KO,75.97000122070312,77.12999725341797,75.8499984741211,77.08000183105469,13134600.0,2.0,0.17497687322897093,81.20633586476508,75.32164875437554,51.86414918876689,-116.97050611730415,7.5578176426338946,78.16396865844726,74.41933924357096,25.09000015258789,27.363978559564472
51,2026-03-18,MCD,315.7300109863281,324.5,315.239990234375,323.7699890136719,3038400.0,2.0,0.35649576813864314,338.28053330160066,319.21668349527437,47.09850160773068,-184.98494906282718,18.460741957795477,327.37061360677086,317.6242009480794,25.09000015258789,27.363978559564472
51,2026-03-18,MMM,144.3335418701172,147.56682009700975,143.35858837833266,147.07933576097741,4239600.0,2.0,-4.292071994377096,171.48956934970013,142.74429753262407,38.747853410126204,-151.7418987600508,42.17983696750336,160.82035115559896,160.40582046508788,25.09000015258789,27.363978559564472
51,2026-03-18,MRK,114.5,115.55999755859375,113.3499984741211,115.05999755859375,6736300.0,2.0,-0.17902936866403252,124.46726210486683,111.8941957198402,52.98141959625964,-111.53467730592929,5.2059523408253625,118.42688471476237,113.00038884480794,25.09000015258789,27.363978559564472
51,2026-03-18,MSFT,390.9432678222656,397.13983817793417,390.1549666521916,396.271723303423,25908500.0,2.0,-6.050993383251637,412.90668939198736,385.37930914316894,38.563879050750636,-96.10368766004214,23.777621916269123,400.1603037516276,432.82882334391275,25.09000015258789,27.363978559564472
51,2026-03-18,NKE,52.995792388916016,54.47257592446014,52.78765194022699,54.016656428981136,16861300.0,2.0,-2.3239361245419943,66.28657711306337,50.53190890988584,36.822776072432404,-131.16740225797014,38.974367085027176,59.72234827677409,60.9043384552002,25.09000015258789,27.363978559564472
51,2026-03-18,NVDA,180.39999389648438,183.3800048828125,180.3300018310547,182.47999572753906,156683100.0,2.0,-1.1216956277229997,194.2525778769592,174.62138452538454,47.820646232779865,-50.563968436837186,15.484855438525166,184.38166249593098,185.4471171061198,25.09000015258789,27.363978559564472
51,2026-03-18,PG,145.613525390625,148.50176512112768,145.36539384075292,148.19408442244597,10059300.0,2.0,-1.6045701113541497,168.0795430796958,144.49575294081203,43.72354776928718,-185.12567760664348,25.078288760647364,156.75430094401042,150.24289245605468,25.09000015258789,27.363978559564472
51,2026-03-18,SHW,311.31280517578125,317.49678320503347,309.45763003019863,315.53187670813776,2092300.0,2.0,-10.345960252363113,376.1924564299294,303.9852840485862,37.18296391292083,-146.75116252757968,49.66085765228148,348.1200378417969,344.48017069498695,25.09000015258789,27.363978559564472
51,2026-03-18,TRV,299.25,306.0,299.0299987792969,305.19000244140625,1269300.0,2.0,2.2519805166112974,311.1098567343938,297.61031538474685,53.43759936634907,-2.5495373673863315,13.17504553251943,301.773720296224,291.9756139119466,25.09000015258789,27.363978559564472
51,2026-03-18,UNH,284.3299865722656,288.3999938964844,283.07000732421875,285.20001220703125,4544100.0,2.0,-2.815228521064114,294.22210208770434,275.21414058807693,45.21851883254921,39.26231246017274,19.51473212404545,282.5511006673177,304.03619995117185,25.09000015258789,27.363978559564472
51,2026-03-18,V,298.4013671875,307.3029266148368,297.88245394322496,306.7740243134503,7191700.0,2.0,-5.09796292061219,325.9274683815594,300.07574817117495,37.397694199565535,-171.94586990394149,39.11448254006979,316.7437306722005,327.61445668538414,25.09000015258789,27.363978559564472
51,2026-03-18,VZ,48.85518264770508,49.73199415413439,48.64829529952613,49.62362351703924,32972500.0,2.0,1.1777676369362027,51.12352778381118,47.88431866699448,61.441362697844895,22.890890498237752,14.388852485126758,48.7408992767334,44.12040665944417,25.09000015258789,27.363978559564472
51,2026-03-18,WMT,121.49830627441406,124.1179177107379,121.34889710216198,123.83902464214266,19734900.0,2.0,0.07501262067542314,128.232178693392,121.41008510055332,50.3531437040054,-126.48259859434175,14.22062713478001,126.16414031982421,120.97869923909505,25.09000015258789,27.363978559564472
